{
  "seed": 7,
  "name": "tabular_reinforce",
  "episode_rewards": [
    -1.36,
    -0.36000000000000004,
    -0.010000000000000037,
    -0.8600000000000001,
    -0.5100000000000001,
    -1.36,
    -0.010000000000000037,
    -0.9100000000000001,
    1.23,
    1.09,
    -0.11000000000000004,
    1.19,
    -0.66,
    0.08999999999999997,
    1.3,
    1.13,
    1.27,
    1.19,
    -0.11000000000000004,
    -0.01000000000000003,
    1.23,
    1.16,
    1.2,
    -0.010000000000000037,
    -0.11000000000000004,
    -0.21000000000000005,
    0.08999999999999997,
    0.99,
    1.23,
    1.27,
    1.19,
    0.18999999999999997,
    1.26,
    1.27,
    1.19,
    1.3,
    1.16,
    1.19,
    1.26,
    0.69
  ],
  "episode_success": [
    false,
    false,
    false,
    false,
    false,
    false,
    false,
    false,
    true,
    true,
    false,
    true,
    false,
    false,
    true,
    true,
    true,
    true,
    false,
    false,
    true,
    true,
    true,
    false,
    false,
    false,
    false,
    true,
    true,
    true,
    true,
    false,
    true,
    true,
    true,
    true,
    true,
    true,
    true,
    true
  ],
  "episode_lengths": [
    8,
    8,
    8,
    8,
    8,
    8,
    8,
    8,
    6,
    8,
    8,
    8,
    8,
    8,
    5,
    6,
    4,
    8,
    8,
    8,
    6,
    7,
    5,
    8,
    8,
    8,
    8,
    8,
    6,
    4,
    8,
    8,
    7,
    4,
    8,
    5,
    7,
    8,
    7,
    8
  ],
  "episode_runtime_sec": [
    0.003203700005542487,
    0.002202899951953441,
    0.0025807000347413123,
    0.002704499987885356,
    0.0021154999849386513,
    0.003022999968379736,
    0.0025093999574892223,
    0.002224199997726828,
    0.0035564000136218965,
    0.002294600009918213,
    0.0025210000458173454,
    0.002190500032156706,
    0.0022170000011101365,
    0.003208699985407293,
    0.001763499982189387,
    0.001601399970240891,
    0.0011801000218838453,
    0.0032238999847322702,
    0.0019406999927014112,
    0.002577600011136383,
    0.0021596000296995044,
    0.0019058000179938972,
    0.0011011000024154782,
    0.003665400028694421,
    0.0021357000223360956,
    0.004851799982134253,
    0.003046400030143559,
    0.0022250000038184226,
    0.0028646999853663146,
    0.0008155999821610749,
    0.001209900015965104,
    0.001679800043348223,
    0.0010607999865897,
    0.0007013000431470573,
    0.0011482000118121505,
    0.000714500027243048,
    0.0009508999646641314,
    0.0013896999880671501,
    0.0012387000024318695,
    0.0012374999932944775
  ],
  "loss_history": [
    -3.246983182914563,
    -0.8826785707322717,
    -0.34885812760649715,
    -2.967392691571087,
    -0.5703945787416109,
    -3.942490099038849,
    0.48382353972123987,
    -0.9358872889417212,
    4.523302707553585,
    5.731365873561136,
    -1.066027474395295,
    4.791749345437852,
    -3.195925209673897,
    -0.30666137987558195,
    2.9434456379013785,
    3.2520886082645513,
    1.5714807753288234,
    3.024841034606807,
    -1.6508792939184527,
    -1.794960178090819,
    2.012405484268144,
    2.794057095415764,
    1.443914755457134,
    -3.46280853532763,
    -3.223959626705293,
    -1.9860598586528349,
    -1.7209313336552285,
    3.5570264747454186,
    2.1392663475137645,
    0.6611702728348083,
    2.237209578915471,
    -2.838613340875984,
    1.434612050795541,
    0.42972769350335405,
    1.6586591239159276,
    0.46680301375171035,
    1.5090323627874165,
    1.3063001344049192,
    1.2220037530921875,
    -0.015995430620727457
  ],
  "grad_norm_history": [
    2.693103379785909,
    0.405752003528739,
    0.17457156300960786,
    1.0644418895220216,
    0.4083150685654309,
    2.2402666259397184,
    0.27354653390694095,
    1.026694147684409,
    1.9207404836435693,
    2.3690117408047757,
    0.36054008598455406,
    1.348391736825707,
    1.5416291559934838,
    0.24722737297021005,
    1.4536394765144236,
    1.2223782410116537,
    0.9085496185092684,
    1.2341807891588832,
    0.525842504598403,
    0.9747351611167375,
    0.7301382533722471,
    0.6661740436919131,
    0.4397122587837545,
    1.5179241456676924,
    0.9076447426298047,
    0.5801298044099097,
    0.6422419682212999,
    0.8660885569847149,
    0.9224822685707905,
    0.431202406623949,
    0.7193669273995191,
    1.407656558081827,
    0.4521348054309613,
    0.28546024179297097,
    0.6705750855840064,
    0.28036405729679215,
    0.4113951508441603,
    0.30664801815125575,
    0.47109365041708684,
    0.4735141743512
  ],
  "total_runtime_sec": 0.08741109998663887,
  "final_parameters": [
    [
      6.150766787412872e-05,
      0.014937276875423495
    ],
    [
      0.8832487075911031,
      -0.9414851922970777
    ],
    [
      0.7889502143788057,
      -0.8612660813872147
    ],
    [
      0.0030071801298719243,
      0.06701076227772668
    ],
    [
      -0.6809160692676259,
      0.6252819983490625
    ],
    [
      -1.1052333618126622,
      1.147569814729925
    ],
    [
      -0.6748196131435569,
      0.633566923358042
    ],
    [
      -0.0014625911231636746,
      0.03476515972291439
    ]
  ],
  "evaluation": {
    "avg_reward": 0.8356250000000001,
    "std_reward": 0.5906084653770212,
    "success_rate": 0.6875,
    "avg_length": 6.34375
  },
  "summary_metrics": {
    "convergence_episode": 36,
    "convergence_runtime_sec": 0.08012490015244111,
    "final_avg_reward": 1.1316666666666666,
    "final_success_rate": 1.0,
    "reward_auc": 0.5152564102564103,
    "success_auc": 0.5512820512820513,
    "grad_norm_final": 0.4355983561074169,
    "total_runtime_sec": 0.08741109998663887
  }
}