{
  "model": "Classical RBF SVM",
  "train_n": 15,
  "best_params": null,
  "best_cv_score": null,
  "train_time": 0.0010437965393066406,
  "metrics": {
    "accuracy": 0.945054945054945,
    "precision": 0.9347826086956522,
    "recall": 0.9555555555555556,
    "f1_score": 0.945054945054945
  },
  "kta": 0.4986349726228599,
  "ckta": 0.7075237887896245,
  "confusion_matrix": [
    [
      43,
      3
    ],
    [
      2,
      43
    ]
  ],
  "classification_report": "              precision    recall  f1-score   support\n\n           4       0.96      0.93      0.95        46\n           9       0.93      0.96      0.95        45\n\n    accuracy                           0.95        91\n   macro avg       0.95      0.95      0.95        91\nweighted avg       0.95      0.95      0.95        91\n"
}