{
  "seed": 21,
  "mode": "ideal",
  "episode_rewards": [
    1.23,
    0.23,
    -0.07000000000000003,
    0.12999999999999998,
    1.3,
    1.3,
    1.3,
    1.2,
    1.3,
    0.23,
    0.12999999999999998,
    1.23,
    0.23,
    1.27,
    1.23,
    1.3,
    1.27,
    1.3,
    1.27,
    0.12999999999999998
  ],
  "episode_success": [
    true,
    false,
    false,
    false,
    true,
    true,
    true,
    true,
    true,
    false,
    false,
    true,
    false,
    true,
    true,
    true,
    true,
    true,
    true,
    false
  ],
  "episode_lengths": [
    6,
    6,
    6,
    6,
    5,
    5,
    5,
    5,
    5,
    6,
    6,
    6,
    6,
    4,
    6,
    5,
    4,
    5,
    4,
    6
  ],
  "episode_runtime_sec": [
    0.12369239999679849,
    0.18000349996145815,
    0.12910740001825616,
    0.1843337999889627,
    0.10727169999154285,
    0.16370649996679276,
    0.14973830000963062,
    0.2883610000135377,
    0.2920867000357248,
    0.22214910003822297,
    0.17671189998509362,
    0.18520750000607222,
    0.13423170003807172,
    0.14312810002593324,
    0.13663739996263757,
    0.1867247000336647,
    0.09125320002203807,
    0.16623579995939508,
    0.08327900001313537,
    0.1794501999975182
  ],
  "parameter_history": [
    [
      0.015877341626392157,
      0.17106772785195234,
      -0.1586331278198453,
      0.14866135856367557,
      -0.02473167046885048,
      -0.05999787154093596
    ],
    [
      0.015877341626392157,
      0.17106772785195234,
      -0.1586331278198453,
      0.14866135856367557,
      -0.02473167046885048,
      -0.05999787154093596
    ],
    [
      -0.0013924934877391666,
      0.1910159940036571,
      -0.15711005622098367,
      0.129028293991137,
      -0.011415364993899097,
      -0.04012110898633852
    ],
    [
      -0.0013924934877391666,
      0.1910159940036571,
      -0.15711005622098367,
      0.129028293991137,
      -0.011415364993899097,
      -0.04012110898633852
    ],
    [
      -0.01930706398857567,
      0.20985553842954197,
      -0.1462493170656142,
      0.11470641550545335,
      -0.020797054355374506,
      -0.022309516218690265
    ],
    [
      -0.01930706398857567,
      0.20985553842954197,
      -0.1462493170656142,
      0.11470641550545335,
      -0.020797054355374506,
      -0.022309516218690265
    ],
    [
      -0.03800350491715298,
      0.22041725019070438,
      -0.15394649175075467,
      0.11443695070330492,
      -0.03467235216337378,
      -0.006550446200494435
    ],
    [
      -0.03800350491715298,
      0.22041725019070438,
      -0.15394649175075467,
      0.11443695070330492,
      -0.03467235216337378,
      -0.006550446200494435
    ],
    [
      -0.04415683085574096,
      0.22699171312374902,
      -0.15518672826116403,
      0.11272983070803871,
      -0.04230136693440376,
      7.30499229216388e-05
    ],
    [
      -0.04415683085574096,
      0.22699171312374902,
      -0.15518672826116403,
      0.11272983070803871,
      -0.04230136693440376,
      7.30499229216388e-05
    ],
    [
      -0.04460344170170634,
      0.2328667249421093,
      -0.15590929349661803,
      0.10864435285467967,
      -0.0496599354463695,
      0.005297103048418341
    ],
    [
      -0.04460344170170634,
      0.2328667249421093,
      -0.15590929349661803,
      0.10864435285467967,
      -0.0496599354463695,
      0.005297103048418341
    ],
    [
      -0.04304926202961483,
      0.2391887954932076,
      -0.15536943584158158,
      0.10392663825607162,
      -0.05708771635969216,
      0.009390823746935846
    ],
    [
      -0.04304926202961483,
      0.2391887954932076,
      -0.15536943584158158,
      0.10392663825607162,
      -0.05708771635969216,
      0.009390823746935846
    ],
    [
      -0.04277542558306476,
      0.24631083688668326,
      -0.15487257405395216,
      0.09835066385059105,
      -0.06384590962913907,
      0.012665708497711942
    ],
    [
      -0.04277542558306476,
      0.24631083688668326,
      -0.15487257405395216,
      0.09835066385059105,
      -0.06384590962913907,
      0.012665708497711942
    ],
    [
      -0.04263308263500451,
      0.24961085743374714,
      -0.1545266937418988,
      0.09541006344427334,
      -0.0672006070052528,
      0.014139657820949026
    ],
    [
      -0.04263308263500451,
      0.24961085743374714,
      -0.1545266937418988,
      0.09541006344427334,
      -0.0672006070052528,
      0.014139657820949026
    ],
    [
      -0.04114292829049896,
      0.2517520416221561,
      -0.15474118018000627,
      0.09289902916768532,
      -0.07059289284634446,
      0.016361655289155015
    ],
    [
      -0.04114292829049896,
      0.2517520416221561,
      -0.15474118018000627,
      0.09289902916768532,
      -0.07059289284634446,
      0.016361655289155015
    ]
  ],
  "loss_history": [
    1.9557758622968713,
    -0.1742778057585859,
    -0.5706274843415985,
    -0.14918324389076626,
    0.767066618404682,
    0.6885920394237247,
    0.6276349145766544,
    3.3617482799813883,
    0.5180753182198469,
    -0.7226056299117369,
    -3.173022484493666,
    1.283530937156958,
    -0.6940244831219634,
    0.35026442189449364,
    1.8042739002461787,
    0.41169077130018555,
    0.24534413141420147,
    0.35176159552498676,
    0.1950317884284855,
    -2.621173997391484
  ],
  "grad_norm_history": [
    0.25787888915601753,
    0.25787888915601753,
    0.12206184676227146,
    0.12206184676227146,
    0.6629637153499299,
    0.6629637153499299,
    2.1797834187861413,
    2.1797834187861413,
    0.33350475267640733,
    0.33350475267640733,
    2.0617320838083146,
    2.0617320838083146,
    0.4376258408954583,
    0.4376258408954583,
    0.3849544939458935,
    0.3849544939458935,
    0.207339352477002,
    0.207339352477002,
    0.7006580020675337,
    0.7006580020675337
  ],
  "applied_grad_norm_history": [
    0.25787888915601753,
    0.25787888915601753,
    0.12206184676227146,
    0.12206184676227146,
    0.6629637153499299,
    0.6629637153499299,
    0.7499996559292772,
    0.7499996559292772,
    0.33350475267640733,
    0.33350475267640733,
    0.7499996362283721,
    0.7499996362283721,
    0.4376258408954583,
    0.4376258408954583,
    0.3849544939458935,
    0.3849544939458935,
    0.207339352477002,
    0.207339352477002,
    0.7006580020675337,
    0.7006580020675337
  ],
  "update_norm_history": [
    0.048989762430803996,
    0.048989762430803996,
    0.040698491127894754,
    0.040698491127894754,
    0.03747267085436739,
    0.03747267085436739,
    0.031004805195870684,
    0.031004805195870684,
    0.013697152825239598,
    0.013697152825239598,
    0.011548494123767232,
    0.011548494123767232,
    0.011698837817561999,
    0.011698837817561999,
    0.011770083628185653,
    0.011770083628185653,
    0.0057535799428341675,
    0.0057535799428341675,
    0.0054407171628249535,
    0.0054407171628249535
  ],
  "learning_rate_history": [
    0.02,
    0.02,
    0.02,
    0.02,
    0.02,
    0.02,
    0.01,
    0.01,
    0.01,
    0.01,
    0.01,
    0.01,
    0.01,
    0.01,
    0.005,
    0.005,
    0.005,
    0.005,
    0.0025,
    0.0025
  ],
  "validation_reward_history": [
    0.75,
    0.75,
    1.2650000000000001,
    1.2650000000000001,
    1.25,
    1.25,
    1.13,
    1.13,
    0.18,
    0.18,
    1.27,
    1.27,
    0.7,
    0.7,
    0.715,
    0.715,
    0.75,
    0.75,
    0.715,
    0.715
  ],
  "validation_success_history": [
    0.5,
    0.5,
    1.0,
    1.0,
    1.0,
    1.0,
    1.0,
    1.0,
    0.0,
    0.0,
    1.0,
    1.0,
    0.5,
    0.5,
    0.5,
    0.5,
    0.5,
    0.5,
    0.5,
    0.5
  ],
  "optimizer_clipped_history": [
    false,
    false,
    false,
    false,
    false,
    false,
    true,
    true,
    false,
    false,
    true,
    true,
    false,
    false,
    false,
    false,
    false,
    false,
    false,
    false
  ],
  "total_runtime_sec": 3.3247021000133827,