{
  "seed": 21,
  "mode": "mitigated",
  "episode_rewards": [
    1.23,
    0.23,
    -0.07000000000000003,
    0.12999999999999998,
    1.3,
    1.3,
    0.22999999999999998,
    1.27,
    1.3,
    0.23,
    0.12999999999999998,
    0.12999999999999998,
    0.23,
    1.27,
    0.12999999999999998,
    1.3,
    0.12999999999999998,
    -0.07000000000000003,
    1.23,
    1.27
  ],
  "episode_success": [
    true,
    false,
    false,
    false,
    true,
    true,
    false,
    true,
    true,
    false,
    false,
    false,
    false,
    true,
    false,
    true,
    false,
    false,
    true,
    true
  ],
  "episode_lengths": [
    6,
    6,
    6,
    6,
    5,
    5,
    6,
    4,
    5,
    6,
    6,
    6,
    6,
    4,
    6,
    5,
    6,
    6,
    6,
    4
  ],
  "episode_runtime_sec": [
    0.8412108999909833,
    1.1336789000197314,
    0.7011204999871552,
    1.079646900005173,
    0.5508577000000514,
    0.9618607999873348,
    0.6715608999948017,
    0.8959928000112996,
    0.5867727000149898,
    1.2036187999765389,
    0.6858675999683328,
    0.929502599989064,
    0.6456638000090607,
    0.9601331999874674,
    0.6351634999737144,
    0.903227099974174,
    0.6482039000256918,
    0.9578402999904938,
    0.7322023999877274,
    0.8078745999955572
  ],
  "parameter_history": [
    [
      0.01587734217213594,
      0.17106772801338976,
      -0.158633126819464,
      0.14866135212126172,
      -0.024731718397811193,
      -0.059997862213457376
    ],
    [
      0.01587734217213594,
      0.17106772801338976,
      -0.158633126819464,
      0.14866135212126172,
      -0.024731718397811193,
      -0.059997862213457376
    ],
    [
      -0.0037451892272807666,
      0.19053375091509545,
      -0.1502707399102945,
      0.1422058398694267,
      -0.038178296451743476,
      -0.04561281833249148
    ],
    [
      -0.0037451892272807666,
      0.19053375091509545,
      -0.1502707399102945,
      0.1422058398694267,
      -0.038178296451743476,
      -0.04561281833249148
    ],
    [
      -0.023006136375066648,
      0.20873686782777073,
      -0.1432612049547463,
      0.12849876111830902,
      -0.05406893706832652,
      -0.033612612440896084
    ],
    [
      -0.023006136375066648,
      0.20873686782777073,
      -0.1432612049547463,
      0.12849876111830902,
      -0.05406893706832652,
      -0.033612612440896084
    ],
    [
      -0.03737003139878129,
      0.22660604668837825,
      -0.14259393460815184,
      0.11471035045125276,
      -0.0680739231454053,
      -0.020149887794256877
    ],
    [
      -0.03737003139878129,
      0.22660604668837825,
      -0.14259393460815184,
      0.11471035045125276,
      -0.0680739231454053,
      -0.020149887794256877
    ],
    [
      -0.04188299493669524,
      0.23565721449219693,
      -0.1382092075142415,
      0.1076180483147732,
      -0.0756547851050198,
      -0.016814498567021066
    ],
    [
      -0.04188299493669524,
      0.23565721449219693,
      -0.1382092075142415,
      0.1076180483147732,
      -0.0756547851050198,
      -0.016814498567021066
    ],
    [
      -0.04064859558473288,
      0.24449296172872215,
      -0.1397224078456032,
      0.09970699419889709,
      -0.08389132433991724,
      -0.010946704630553064
    ],
    [
      -0.04064859558473288,
      0.24449296172872215,
      -0.1397224078456032,
      0.09970699419889709,
      -0.08389132433991724,
      -0.010946704630553064
    ],
    [
      -0.03841166393118391,
      0.25330406455814725,
      -0.14079658023640468,
      0.09211132812804566,
      -0.09132636234728722,
      -0.006017093250793789
    ],
    [
      -0.03841166393118391,
      0.25330406455814725,
      -0.14079658023640468,
      0.09211132812804566,
      -0.09132636234728722,
      -0.006017093250793789
    ],
    [
      -0.036174521046273625,
      0.26121274289723867,
      -0.1414112133180108,
      0.08456327776524464,
      -0.0984638197878572,
      -0.001803045061980031
    ],
    [
      -0.036174521046273625,
      0.26121274289723867,
      -0.1414112133180108,
      0.08456327776524464,
      -0.0984638197878572,
      -0.001803045061980031
    ],
    [
      -0.036098065937156365,
      0.26546960172131634,
      -0.14260139088356522,
      0.08054625696683955,
      -0.10243172091927627,
      -0.0018810850736948918
    ],
    [
      -0.036098065937156365,
      0.26546960172131634,
      -0.14260139088356522,
      0.08054625696683955,
      -0.10243172091927627,
      -0.0018810850736948918
    ],
    [
      -0.03452542084167111,
      0.26900841958413296,
      -0.14189444329116352,
      0.07844472129918291,
      -0.1056374719241877,
      -0.0016243655336124318
    ],
    [
      -0.03452542084167111,
      0.26900841958413296,
      -0.14189444329116352,
      0.07844472129918291,
      -0.1056374719241877,
      -0.0016243655336124318
    ]
  ],
  "loss_history": [
    2.2464410059641295,
    -0.23675060115500166,
    -0.21089111476714875,
    -0.14371403186518086,
    1.1013371930418518,
    0.9888990434837251,
    -0.5143266496237177,
    0.7101098358208545,
    0.8214613461868011,
    -0.751487918180385,
    -1.955935330531903,
    -1.1806891811224212,
    -0.5480109829120948,
    0.626076389716843,
    -0.8946617000842532,
    0.7988516646762815,
    -1.6307796747761991,
    -2.298892915252581,
    3.0062966320067157,
    0.5704279200066928
  ],
  "grad_norm_history": [
    0.2525911765162182,
    0.2525911765162182,
    0.26239012881037915,
    0.26239012881037915,
    0.6080086767770494,
    0.6080086767770494,
    0.1472382221193314,
    0.1472382221193314,
    0.230256717419386,
    0.230256717419386,
    0.6947603850558801,
    0.6947603850558801,
    0.2100967608266707,
    0.2100967608266707,
    0.12514443825093163,
    0.12514443825093163,
    0.5346896952451344,
    0.5346896952451344,
    1.1031826245835057,
    1.1031826245835057
  ],
  "applied_grad_norm_history": [
    0.2525911765162182,
    0.2525911765162182,
    0.26239012881037915,
    0.26239012881037915,
    0.6080086767770494,
    0.6080086767770494,
    0.1472382221193314,
    0.1472382221193314,
    0.230256717419386,
    0.230256717419386,
    0.6947603850558801,
    0.6947603850558801,
    0.2100967608266707,
    0.2100967608266707,
    0.12514443825093163,
    0.12514443825093163,
    0.5346896952451344,
    0.5346896952451344,
    0.7499993201494447,
    0.7499993201494447
  ],
  "update_norm_history": [
    0.048989788687245295,
    0.048989788687245295,
    0.0355431130910177,
    0.0355431130910177,
    0.03654959013716569,
    0.03654959013716569,
    0.033069308153844235,
    0.033069308153844235,
    0.015505203937339859,
    0.015505203937339859,
    0.015707969560191323,
    0.015707969560191323,
    0.014868363871148848,
    0.014868363871148848,
    0.013914177673031786,
    0.013914177673031786,
    0.0071714713132209704,
    0.0071714713132209704,
    0.0055004923371576656,
    0.0055004923371576656
  ],
  "learning_rate_history": [
    0.02,
    0.02,
    0.02,
    0.02,
    0.02,
    0.02,
    0.01,
    0.01,
    0.01,
    0.01,
    0.01,
    0.01,
    0.01,
    0.01,
    0.005,
    0.005,
    0.005,
    0.005,
    0.0025,
    0.0025
  ],
  "validation_reward_history": [
    1.25,
    1.25,
    1.2650000000000001,
    1.2650000000000001,
    1.25,
    1.25,
    0.18,
    0.18,
    0.18,
    0.18,
    1.27,
    1.27,
    0.7,
    0.7,
    0.715,
    0.715,
    0.75,
    0.75,
    0.715,
    0.715
  ],
  "validation_success_history": [
    1.0,
    1.0,
    1.0,
    1.0,
    1.0,
    1.0,
    0.0,
    0.0,
    0.0,
    0.0,
    1.0,
    1.0,
    0.5,
    0.5,
    0.5,
    0.5,
    0.5,
    0.5,
    0.5,
    0.5
  ],
  "optimizer_clipped_history": [
    false,
    false,
    false,
    false,
    false,
    false,
    false,
    false,
    false,
    false,
    false,
    false,
    false,
    false,
    false,
    false,
    false,
    false,
    true,
    true
  ],