{
  "seed": 21,
  "mode": "noisy",
  "episode_rewards": [
    1.23,
    0.23,
    -0.07000000000000003,
    0.12999999999999998,
    1.3,
    1.3,
    0.22999999999999998,
    1.27,
    1.3,
    0.23,
    0.029999999999999975,
    0.12999999999999998,
    0.23,
    1.27,
    0.12999999999999998,
    1.03,
    0.22999999999999998,
    1.23,
    1.3,
    1.3
  ],
  "episode_success": [
    true,
    false,
    false,
    false,
    true,
    true,
    false,
    true,
    true,
    false,
    false,
    false,
    false,
    true,
    false,
    true,
    false,
    true,
    true,
    true
  ],
  "episode_lengths": [
    6,
    6,
    6,
    6,
    5,
    5,
    6,
    4,
    5,
    6,
    6,
    6,
    6,
    4,
    6,
    6,
    6,
    6,
    5,
    5
  ],
  "episode_runtime_sec": [
    0.5111172000179067,
    0.30883880000328645,
    0.19754139997530729,
    0.320090799999889,
    0.17127679998520762,
    0.27680300001520663,
    0.19458779995329678,
    0.2615427999990061,
    0.18609919998561963,
    0.5243218999821693,
    0.20948309998493642,
    0.5082010999904014,
    0.22215739998500794,
    0.2585799000225961,
    0.22850749996723607,
    0.36859909998020157,
    0.21462709998013452,
    0.33274769998388365,
    0.18945599999278784,
    0.2894003000110388
  ],
  "parameter_history": [
    [
      0.015877342066666203,
      0.13106774021301149,
      -0.1586331280179218,
      0.1486613526947124,
      -0.024731719582197706,
      -0.09999785092099533
    ],
    [
      0.015877342066666203,
      0.13106774021301149,
      -0.1586331280179218,
      0.1486613526947124,
      -0.024731719582197706,
      -0.09999785092099533
    ],
    [
      -0.003552859066071709,
      0.13786632655039815,
      -0.14437186606238783,
      0.13713536674004856,
      -0.03733477125862142,
      -0.10206246377187815
    ],
    [
      -0.003552859066071709,
      0.13786632655039815,
      -0.14437186606238783,
      0.13713536674004856,
      -0.03733477125862142,
      -0.10206246377187815
    ],
    [
      -0.021289067516560057,
      0.15166912504769875,
      -0.14337262923895158,
      0.12226227369653911,
      -0.05336270320709423,
      -0.10120720093567079
    ],
    [
      -0.021289067516560057,
      0.15166912504769875,
      -0.14337262923895158,
      0.12226227369653911,
      -0.05336270320709423,
      -0.10120720093567079
    ],
    [
      -0.03363385490478952,
      0.16460470893699075,
      -0.1494339236891298,
      0.10780237744770232,
      -0.06554858625907006,
      -0.10342604090472984
    ],
    [
      -0.03363385490478952,
      0.16460470893699075,
      -0.1494339236891298,
      0.10780237744770232,
      -0.06554858625907006,
      -0.10342604090472984
    ],
    [
      -0.03866450115585374,
      0.17182111940791478,
      -0.15238460084673197,
      0.10042476422405029,
      -0.07243456377297726,
      -0.10439511145649422
    ],
    [
      -0.03866450115585374,
      0.17182111940791478,
      -0.15238460084673197,
      0.10042476422405029,
      -0.07243456377297726,
      -0.10439511145649422
    ],
    [
      -0.03794876567083254,
      0.1799392427468748,
      -0.15814675620475682,
      0.09236591944971488,
      -0.0803381142563123,
      -0.10009804528812252
    ],
    [
      -0.03794876567083254,
      0.1799392427468748,
      -0.15814675620475682,
      0.09236591944971488,
      -0.0803381142563123,
      -0.10009804528812252
    ],
    [
      -0.036334450925160265,
      0.1881515597351952,
      -0.16415592351310124,
      0.0846838112944682,
      -0.08703480192682772,
      -0.09720897781863168
    ],
    [
      -0.036334450925160265,
      0.1881515597351952,
      -0.16415592351310124,
      0.0846838112944682,
      -0.08703480192682772,
      -0.09720897781863168
    ],
    [
      -0.03283728421884077,
      0.19582550568372628,
      -0.16731300159429016,
      0.0767800246791036,
      -0.09342306097694637,
      -0.09177731429318707
    ],
    [
      -0.03283728421884077,
      0.19582550568372628,
      -0.16731300159429016,
      0.0767800246791036,
      -0.09342306097694637,
      -0.09177731429318707
    ],
    [
      -0.031399003401099135,
      0.1997551609425162,
      -0.16878887133713688,
      0.07262691281105678,
      -0.09689131666811855,
      -0.08839311815152881
    ],
    [
      -0.031399003401099135,
      0.1997551609425162,
      -0.16878887133713688,
      0.07262691281105678,
      -0.09689131666811855,
      -0.08839311815152881
    ],
    [
      -0.030720760991428227,
      0.2038972643819052,
      -0.1701559738602851,
      0.068420455986444,
      -0.10061953726356265,
      -0.08577403110743148
    ],
    [
      -0.030720760991428227,
      0.2038972643819052,
      -0.1701559738602851,
      0.068420455986444,
      -0.10061953726356265,
      -0.08577403110743148
    ]
  ],
  "loss_history": [
    2.397639275096118,
    -0.19505741168680107,
    -0.08339624942503376,
    -0.17814225006765314,
    1.3887826421792837,
    1.2472398659897492,
    -0.5750770269978652,
    0.7435454280859489,
    1.0100400822111315,
    -0.7523375522172124,
    -2.971543707462119,
    -1.5551792599840464,
    -0.5456614405383152,
    0.745244191077771,
    -1.023331120731971,
    1.9624299797810791,
    -0.6074851824425301,
    1.8182362550618067,
    0.8555649867096049,
    0.7674525208757513
  ],
  "grad_norm_history": [
    0.2350414054566915,
    0.2350414054566915,
    0.11616185281544776,
    0.11616185281544776,
    0.5816950779004857,
    0.5816950779004857,
    0.12567126126308487,
    0.12567126126308487,
    0.14304430181585834,
    0.14304430181585834,
    0.7858901863349382,
    0.7858901863349382,
    0.17821682065857408,
    0.17821682065857408,
    0.41900329937509595,
    0.41900329937509595,
    0.28603877829309815,
    0.28603877829309815,
    0.2922649332641551,
    0.2922649332641551
  ],
  "applied_grad_norm_history": [
    0.2350414054566915,
    0.2350414054566915,
    0.11616185281544776,
    0.11616185281544776,
    0.5816950779004857,
    0.5816950779004857,
    0.12567126126308487,
    0.12567126126308487,
    0.14304430181585834,
    0.14304430181585834,
    0.7499990456694093,
    0.7499990456694093,
    0.17821682065857408,
    0.17821682065857408,
    0.41900329937509595,
    0.41900329937509595,
    0.28603877829309815,
    0.28603877829309815,
    0.2922649332641551,
    0.2922649332641551
  ],
  "update_norm_history": [
    0.048989784269860566,
    0.048989784269860566,
    0.030382313519869673,
    0.030382313519869673,
    0.03138349541606752,
    0.03138349541606752,
    0.026813615808411802,
    0.026813615808411802,
    0.013743196076995387,
    0.013743196076995387,
    0.015668264268767107,
    0.015668264268767107,
    0.014777191088398261,
    0.014777191088398261,
    0.014624275319132036,
    0.014624275319132036,
    0.007772962943083118,
    0.007772962943083118,
    0.0076118018726091495,
    0.0076118018726091495
  ],
  "learning_rate_history": [
    0.02,
    0.02,
    0.02,
    0.02,
    0.02,
    0.02,
    0.01,
    0.01,
    0.01,
    0.01,
    0.01,
    0.01,
    0.01,
    0.01,
    0.005,
    0.005,
    0.005,
    0.005,
    0.0025,
    0.0025
  ],
  "validation_reward_history": [
    1.25,
    1.25,
    1.2650000000000001,
    1.2650000000000001,
    1.25,
    1.25,
    0.58,
    0.58,
    0.18,
    0.18,
    1.27,
    1.27,
    0.7,
    0.7,
    0.715,
    0.715,
    0.75,
    0.75,
    0.715,
    0.715
  ],
  "validation_success_history": [
    1.0,
    1.0,
    1.0,
    1.0,
    1.0,
    1.0,
    0.5,
    0.5,
    0.0,
    0.0,
    1.0,
    1.0,
    0.5,
    0.5,
    0.5,
    0.5,
    0.5,
    0.5,
    0.5,
    0.5
  ],
  "optimizer_clipped_history": [
    false,
    false,
    false,
    false,
    false,
    false,
    false,
    false,
    false,
    false,
    true,
    true,
    false,
    false,
    false,
    false,
    false,
    false,
    false,
    false
  ],