{
  "seed": 21,
  "name": "mlp_reinforce",
  "episode_rewards": [
    -0.07000000000000003,
    -0.6200000000000001,
    1.03,
    0.02999999999999997,
    0.12999999999999998,
    0.23,
    1.23,
    0.029999999999999975,
    1.3,
    -0.37000000000000005,
    0.12999999999999998,
    1.27,
    1.23,
    0.22999999999999998,
    -0.8700000000000001,
    -0.8200000000000001,
    1.27,
    1.27,
    0.23,
    1.03
  ],
  "episode_success": [
    false,
    false,
    true,
    false,
    false,
    false,
    true,
    false,
    true,
    false,
    false,
    true,
    true,
    false,
    false,
    false,
    true,
    true,
    false,
    true
  ],
  "episode_lengths": [
    6,
    6,
    6,
    6,
    6,
    6,
    6,
    6,
    5,
    6,
    6,
    4,
    6,
    6,
    6,
    6,
    4,
    4,
    6,
    6
  ],
  "episode_runtime_sec": [
    0.002932499977760017,
    0.002363300009164959,
    0.0024142999900504947,
    0.002550699980929494,
    0.0026812999858520925,
    0.0022724999580532312,
    0.0031095999875105917,
    0.002468499995302409,
    0.002229299978353083,
    0.0019527999684214592,
    0.0016060000052675605,
    0.001075299980584532,
    0.0014173000236041844,
    0.0016904000076465309,
    0.0014557999675162137,
    0.0013007999514229596,
    0.000893999997060746,
    0.0008690999820828438,
    0.0014830000000074506,
    0.001395900035277009
  ],
  "loss_history": [
    -0.37639039206126895,
    -1.86802859116581,
    4.527518362537314,
    -0.7410766709888201,
    0.06648733005368435,
    0.04051100026963421,
    3.8489773269876286,
    -0.9039648152493177,
    3.0165690914209224,
    -1.119813001082306,
    -0.8453483005834538,
    1.283218654224549,
    1.3870363937758503,
    -0.4520000275634499,
    -2.3144012106747027,
    -2.4399537044209203,
    0.5078196325058374,
    0.35358235124645143,
    -0.15316300996479326,
    1.287716124859247
  ],
  "grad_norm_history": [
    0.30210275437947975,
    0.731348355884668,
    1.6170186961507667,
    0.25754949705877606,
    0.1997096562721937,
    0.2872762115855856,
    3.1364175973277457,
    0.33291288894598314,
    2.0473101886008838,
    0.4442144817247071,
    0.704301590680901,
    1.4474675649823805,
    2.036128097788892,
    0.25015335178677106,
    1.1192592487600768,
    2.0131339628851794,
    0.7947128506682488,
    0.6024427232429397,
    0.21200378292065047,
    0.7835253756081264
  ],
  "total_runtime_sec": 0.03976790001615882,
  "final_parameters": [
    0.03587734080039142,
    0.15106773081434574,
    -0.17863312373111823,
    0.16866135086657522,
    -0.004731721215613757,
    -0.07999785843751533,
    -0.0802956718390362,
    -0.10828165165825909,
    -0.02236453584074508,
    0.08338841795521575,
    0.05840637316429703,
    0.06382860242561829,
    -0.1694808391769013,
    -0.15709621176914046,
    0.15538031742896521,
    0.09688853654566601,
    0.4884373313946697,
    0.48997559212594444,
    -0.3467584620539724,
    0.4934663781577772,
    0.35785640723629436,
    0.38334668503685865,
    0.2605784844336414,
    -0.37213603198037193,
    0.3386244954504378,
    0.4544606183699017,
    0.1620465099350455,
    0.16546346323423436,
    -0.4399086050724241,
    0.4123494260133613,
    0.1865041327303241,
    -0.45204945255303136,
    0.021247072821333025,
    0.2783290037885309,
    -0.1915611197369599,
    0.17262922709983422,
    0.166634114394182,
    0.11994117178090395,
    0.20551449301398697,
    -0.23254202447929528,
    0.19698645726795241,
    0.284194533808987,
    0.1932264633656463,
    0.23559559166913635,
    -0.2922613521365061,
    0.17107735936849985,
    0.03448423312684744,
    -0.19717675481723385,
    0.007865408332523144,
    -0.019726266289721336,
    -0.026767571670742146,
    0.13401946901039738,
    0.14237928368424077,
    -0.12156310049465249,
    0.11741144932558947,
    -0.17230696128709921,
    -0.07344792508370455,
    -0.01734455959217569,
    0.011106060267130161,
    -0.10474166760042457,
    -0.07224687794067584,
    0.007665381874343688,
    -0.06934227233827155,
    -0.06412007892602987,
    -0.08776338155113217,
    -0.22459439867907938,
    0.3045171949884224,
    -0.30460605982397404,
    -0.16299289293966715,
    -0.3554292544549273,
    -0.351581719367397,
    0.22640528296405088,
    -0.24411372113179572,
    -0.315661060332668,
    -0.2886597085429227,
    0.0029692070379012843,
    0.3542188478599401,
    -0.19751797755758413,
    -0.07391470667318775,
    0.26921442560883646,
    -0.300389453436968,
    -0.4047279416810474,
    0.4416931301755855,
    -0.22563352273527193,
    -0.2522617484152564,
    -0.3254923439457796,
    -0.2169416694126195,
    0.42872783790330704,
    -0.25212527098120646,
    -0.3461293179531874,
    -0.4517849298903632,
    -0.16498625669725223,
    0.2856587437508845,
    -0.3954504069830802,
    0.009190428670355895,
    0.35286047318763825,
    -0.27482425038682745,
    -0.15839706570612483,
    0.1036094050822457,
    -0.04713678983739107,
    -0.31531103129678756,
    -0.1837034472830305,
    -0.15379227466385445,
    0.2923347459024112,
    -0.24961782345595043,
    -0.4364389893082122,
    -0.22903996063456472,
    -0.028203219989718156,
    0.22507501092370352,
    -0.05379362331783658,
    -0.07775124436539314,
    0.06857932021625475,
    0.08843895901120884,
    -0.001105774546975093,
    -0.020095794460519383,
    0.0017552546089036017,
    0.12745760509101106,
    -0.09014413693567735,
    -0.10239272781381537,
    -0.006652210021038107,
    -0.006656995155514676,
    -0.08144586293391828,
    -0.08794565088883498,
    0.03776591600424441,
    0.1337835134332041,
    0.07129918729459088,
    0.06851211109663922,
    0.12457373766175497,
    -0.1737913179941247,
    -0.17555972062960626,
    0.0619776338691785,
    -0.17121398440647473,
    -0.03813047787745825,
    -0.05228935866500597,
    -0.16407941767334952,
    0.021832623451233945,
    -0.21985948761521373,
    -0.12886361720993753,
    0.007711162036388095,
    -0.07880492053780391,
    0.08735242412569441,
    -0.1001493683600884,
    0.020148446339980596,
    0.1122595596704067,
    0.3019601394328397,
    -0.21076609132000879,
    0.2679578038591527,
    -0.47553021218681446,
    -0.4362296381096521,
    0.27853599054916356,
    0.427718082926809,
    -0.3945661121564312,
    0.19937531918478016,
    -0.25722408781969897,
    0.5026860461106661,
    -0.4502602492084856,
    0.3024257495120436,
    -0.27405186719638924,
    -0.3197732075032977,
    0.3460499545394938,
    0.21172786525010923,
    -0.24549610615637024,
    0.3091356598841596,
    -0.3909320313303991,
    0.36606933008201775,
    -0.22699313768509122,
    0.08212358469521028,
    -0.11371617992292082,
    -0.4257927949198618,
    0.3818865334374658,
    0.18430440612644017,
    -0.23424734595300675,
    0.14140763271318643,
    -0.052878664645348655,
    -0.36360916597653037,
    0.5166663022681587,
    -0.09255973167250157,
    -0.08290031892488417
  ],
  "evaluation": {
    "avg_reward": 0.749375,
    "std_reward": 0.6827560760439998,
    "success_rate": 0.6875,
    "avg_length": 5.1875
  },
  "summary_metrics": {
    "convergence_episode": null,
    "convergence_runtime_sec": 0.03816239978186786,
    "final_avg_reward": 0.95,
    "final_success_rate": 0.75,
    "reward_auc": 0.38999999999999996,
    "success_auc": 0.39473684210526316,
    "grad_norm_final": 0.5981711831099914,
    "total_runtime_sec": 0.03976790001615882
  }
}