{
  "seed": 7,
  "mode": "ideal",
  "episode_rewards": [
    0.13,
    0.23,
    1.3,
    0.02999999999999997,
    1.27,
    -0.17000000000000004,
    -0.07000000000000003,
    1.27,
    1.23,
    -0.07000000000000003,
    1.27,
    0.23,
    1.23,
    1.23,
    0.12999999999999998,
    1.3,
    1.2,
    0.12999999999999998,
    1.3,
    1.23
  ],
  "episode_success": [
    false,
    false,
    true,
    false,
    true,
    false,
    false,
    true,
    true,
    false,
    true,
    false,
    true,
    true,
    false,
    true,
    true,
    false,
    true,
    true
  ],
  "episode_lengths": [
    6,
    6,
    5,
    6,
    4,
    6,
    6,
    4,
    6,
    6,
    4,
    6,
    6,
    6,
    6,
    5,
    5,
    6,
    5,
    6
  ],
  "episode_runtime_sec": [
    0.13115229998948053,
    0.18115750001743436,
    0.16306480002822354,
    0.31327730003977194,
    0.09477009996771812,
    0.19979590002913028,
    0.12314699997659773,
    0.14262739999685436,
    0.1249627000070177,
    0.18795150000369176,
    0.097509799990803,
    0.18825189996277913,
    0.12702670000726357,
    0.1749905999749899,
    0.12487389997113496,
    0.14877140003954992,
    0.10567010001977906,
    0.18659329996444285,
    0.10611530003370717,
    0.17499259999021888
  ],
  "parameter_history": [
    [
      -0.019876981283203792,
      0.049874526393183835,
      -0.04741376465907185,
      -0.10905916313775105,
      -0.025467123581265877,
      -0.07916468765458497
    ],
    [
      -0.019876981283203792,
      0.049874526393183835,
      -0.04741376465907185,
      -0.10905916313775105,
      -0.025467123581265877,
      -0.07916468765458497
    ],
    [
      -0.03648591173037029,
      0.03947369404894415,
      -0.0661989704788778,
      -0.09634056941832592,
      -0.03712699959353689,
      -0.07737557685343287
    ],
    [
      -0.03648591173037029,
      0.03947369404894415,
      -0.0661989704788778,
      -0.09634056941832592,
      -0.03712699959353689,
      -0.07737557685343287
    ],
    [
      -0.053171578022051635,
      0.024448904364740977,
      -0.06751204502211573,
      -0.08197279086164434,
      -0.03880264795654247,
      -0.06462737964310944
    ],
    [
      -0.053171578022051635,
      0.024448904364740977,
      -0.06751204502211573,
      -0.08197279086164434,
      -0.03880264795654247,
      -0.06462737964310944
    ],
    [
      -0.051807304061956994,
      0.01870346208642263,
      -0.06412908838544551,
      -0.07615088373371498,
      -0.036014075894029066,
      -0.06344587916986007
    ],
    [
      -0.051807304061956994,
      0.01870346208642263,
      -0.06412908838544551,
      -0.07615088373371498,
      -0.036014075894029066,
      -0.06344587916986007
    ],
    [
      -0.05396470627395846,
      0.011767057522809932,
      -0.06770925471108181,
      -0.06915487040666923,
      -0.0301144631031416,
      -0.05863053609519954
    ],
    [
      -0.05396470627395846,
      0.011767057522809932,
      -0.06770925471108181,
      -0.06915487040666923,
      -0.0301144631031416,
      -0.05863053609519954
    ],
    [
      -0.05362588156056526,
      0.008138894965573283,
      -0.06837191392445077,
      -0.06690246130320995,
      -0.027478128275867184,
      -0.05789082480205234
    ],
    [
      -0.05362588156056526,
      0.008138894965573283,
      -0.06837191392445077,
      -0.06690246130320995,
      -0.027478128275867184,
      -0.05789082480205234
    ],
    [
      -0.05320713608211232,
      0.00835872249389021,
      -0.07081796514967308,
      -0.0666749842196664,
      -0.02405671551696524,
      -0.05847826776199934
    ],
    [
      -0.05320713608211232,
      0.00835872249389021,
      -0.07081796514967308,
      -0.0666749842196664,
      -0.02405671551696524,
      -0.05847826776199934
    ],
    [
      -0.052729599921997126,
      0.008542736712231692,
      -0.07165745495435388,
      -0.06682735160777935,
      -0.02291621730402038,
      -0.05925155362916252
    ],
    [
      -0.052729599921997126,
      0.008542736712231692,
      -0.07165745495435388,
      -0.06682735160777935,
      -0.02291621730402038,
      -0.05925155362916252
    ],
    [
      -0.051513306017381195,
      0.008339196760614348,
      -0.07227302607465565,
      -0.0675716579010801,
      -0.022055835810190914,
      -0.06062219050705237
    ],
    [
      -0.051513306017381195,
      0.008339196760614348,
      -0.07227302607465565,
      -0.0675716579010801,
      -0.022055835810190914,
      -0.06062219050705237
    ],
    [
      -0.050689869489680586,
      0.007997500738967678,
      -0.07282599020131005,
      -0.06819875588992637,
      -0.021336108533117595,
      -0.06170418192588095
    ],
    [
      -0.050689869489680586,
      0.007997500738967678,
      -0.07282599020131005,
      -0.06819875588992637,
      -0.021336108533117595,
      -0.06170418192588095
    ]
  ],
  "loss_history": [
    -0.17484735890166417,
    0.02992755105699282,
    1.0435928005603436,
    -0.49783454228201995,
    0.4836546434046864,
    -0.9239292427739647,
    -0.35379691715215994,
    0.4711909524433294,
    1.4218422344445036,
    -0.920673575648329,
    0.3882616586178397,
    -0.36857954043869035,
    1.7281208261441303,
    1.152794883657471,
    -0.9302040323960072,
    0.6556351245966807,
    0.39186919366146694,
    -1.3421208076410387,
    0.5777687233413957,
    0.4855043580153468
  ],
  "grad_norm_history": [
    0.06160939259841664,
    0.06160939259841664,
    0.07684809959635185,
    0.07684809959635185,
    0.3797050925030833,
    0.3797050925030833,
    0.26446533819802065,
    0.26446533819802065,
    0.32867812318296774,
    0.32867812318296774,
    0.22037275641759616,
    0.22037275641759616,
    0.35995914010207447,
    0.35995914010207447,
    0.16142887928295327,
    0.16142887928295327,
    0.6221146587890837,
    0.6221146587890837,
    0.0793029193571914,
    0.0793029193571914
  ],
  "applied_grad_norm_history": [
    0.06160939259841664,
    0.06160939259841664,
    0.07684809959635185,
    0.07684809959635185,
    0.3797050925030833,
    0.3797050925030833,
    0.26446533819802065,
    0.26446533819802065,
    0.32867812318296774,
    0.32867812318296774,
    0.22037275641759616,
    0.22037275641759616,
    0.35995914010207447,
    0.35995914010207447,
    0.16142887928295327,
    0.16142887928295327,
    0.6221146587890837,
    0.6221146587890837,
    0.0793029193571914,
    0.0793029193571914
  ],
  "update_norm_history": [
    0.04898973379280501,
    0.04898973379280501,
    0.03221543254442504,
    0.03221543254442504,
    0.029624944212800958,
    0.029624944212800958,
    0.009454227950479342,
    0.009454227950479342,
    0.013134795239171482,
    0.013134795239171482,
    0.005127208192501889,
    0.005127208192501889,
    0.004278988062129646,
    0.004278988062129646,
    0.0016995788231139795,
    0.0016995788231139795,
    0.00225224794431315,
    0.00225224794431315,
    0.001783966895187392,
    0.001783966895187392
  ],
  "learning_rate_history": [
    0.02,
    0.02,
    0.02,
    0.02,
    0.01,
    0.01,
    0.01,
    0.01,
    0.005,
    0.005,
    0.005,
    0.005,
    0.0025,
    0.0025,
    0.0025,
    0.0025,
    0.002,
    0.002,
    0.002,
    0.002
  ],
  "validation_reward_history": [
    1.27,
    1.27,
    0.615,
    0.615,
    0.7,
    0.7,
    0.765,
    0.765,
    1.23,
    1.23,
    0.7,
    0.7,
    0.75,
    0.75,
    1.27,
    1.27,
    0.6799999999999999,
    0.6799999999999999,
    0.5,
    0.5
  ],
  "validation_success_history": [
    1.0,
    1.0,
    0.5,
    0.5,
    0.5,
    0.5,
    0.5,
    0.5,
    1.0,
    1.0,
    0.5,
    0.5,
    0.5,
    0.5,
    1.0,
    1.0,
    0.5,
    0.5,
    0.5,
    0.5
  ],