{
  "seed": 7,
  "mode": "ideal",
  "episode_rewards": [
    0.13,
    0.23,
    1.3,
    0.12999999999999998,
    1.27,
    -0.17000000000000004
  ],
  "episode_success": [
    false,
    false,
    true,
    false,
    true,
    false
  ],
  "episode_lengths": [
    6,
    6,
    5,
    6,
    4,
    6
  ],
  "episode_runtime_sec": [
    2.897681800008286,
    0.2956803999841213,
    0.20962699997471645,
    0.2677946000476368,
    0.08482260000891984,
    0.179130400007125
  ],
  "parameter_history": [
    [
      -0.029876980392563673,
      -0.0001253871676323605,
      -0.057413765032749184,
      -0.11905917015704084,
      -0.015467120281538647,
      -0.12916459401596742
    ],
    [
      -0.029876980392563673,
      -0.0001253871676323605,
      -0.057413765032749184,
      -0.11905917015704084,
      -0.015467120281538647,
      -0.12916459401596742
    ],
    [
      -0.029408726355170486,
      -0.024026372419844857,
      -0.08381705890960697,
      -0.1020206105120664,
      0.0058597382833609525,
      -0.15518276981166768
    ],
    [
      -0.029408726355170486,
      -0.024026372419844857,
      -0.08381705890960697,
      -0.1020206105120664,
      0.0058597382833609525,
      -0.15518276981166768
    ],
    [
      -0.04125726497455754,
      -0.04874746381209437,
      -0.10438327458935139,
      -0.079295911351559,
      -0.005475339895946209,
      -0.18243279144279068
    ],
    [
      -0.04125726497455754,
      -0.04874746381209437,
      -0.10438327458935139,
      -0.079295911351559,
      -0.005475339895946209,
      -0.18243279144279068
    ]
  ],
  "loss_history": [
    -0.18121371935457592,
    0.010955583867288352,
    1.0930779836487226,
    -0.6984025384622344,
    0.48103377471573816,
    -0.8911420091981341
  ],
  "grad_norm_history": [
    0.07566843723787312,
    0.07566843723787312,
    0.143622346796017,
    0.143622346796017,
    0.24707112550056748,
    0.24707112550056748
  ],
  "applied_grad_norm_history": [
    0.07566843723787312,
    0.07566843723787312,
    0.143622346796017,
    0.143622346796017,
    0.24707112550056748,
    0.24707112550056748
  ],
  "update_norm_history": [
    0.07348461029770013,
    0.07348461029770013,
    0.05187198828053804,
    0.05187198828053804,
    0.050615699961455304,
    0.050615699961455304
  ],
  "learning_rate_history": [
    0.03,
    0.03,
    0.03,
    0.03,
    0.015,
    0.015
  ],
  "validation_reward_history": [
    1.27,
    1.27,
    1.165,
    1.165,
    0.7,
    0.7
  ],
  "validation_success_history": [
    1.0,
    1.0,
    1.0,
    1.0,
    0.5,
    0.5
  ],
  "optimizer_clipped_history": [
    false,
    false,
    false,
    false,
    false,
    false
  ],
  "total_runtime_sec": 3.936024599999655,
  "final_parameters": [
    -0.029876980392563673,
    -0.0001253871676323605,
    -0.057413765032749184,
    -0.11905917015704084,
    -0.015467120281538647,
    -0.12916459401596742
  ],
  "last_parameters": [
    -0.04125726497455754,
    -0.04874746381209437,
    -0.10438327458935139,
    -0.079295911351559,
    -0.005475339895946209,
    -0.18243279144279068
  ],
  "best_parameters": [
    -0.029876980392563673,
    -0.0001253871676323605,
    -0.057413765032749184,
    -0.11905917015704084,
    -0.015467120281538647,
    -0.12916459401596742
  ],
  "best_episode": 2,
  "num_skipped_updates": 0,
  "num_lr_decays": 1,
  "evaluation": {
    "avg_reward": 0.6575,
    "std_reward": 0.6177327496579731,
    "success_rate": 0.5,
    "avg_length": 5.25
  },
  "summary_metrics": {
    "convergence_episode": null,
    "convergence_runtime_sec": 3.934736800030805,
    "final_avg_reward": 0.41,
    "final_success_rate": 0.3333333333333333,
    "reward_auc": 0.5820000000000001,
    "success_auc": 0.4,
    "grad_norm_final": 0.21258819926571734,
    "total_runtime_sec": 3.936024599999655
  }
}