{
  "seed": 7,
  "mode": "mitigated",
  "episode_rewards": [
    0.12999999999999998,
    0.13,
    1.3,
    0.12999999999999998,
    1.2,
    0.12999999999999998
  ],
  "episode_success": [
    false,
    false,
    true,
    false,
    true,
    false
  ],
  "episode_lengths": [
    6,
    6,
    5,
    6,
    5,
    6
  ],
  "episode_runtime_sec": [
    0.945457499998156,
    0.9727713000029325,
    0.4921446000225842,
    0.9784855000325479,
    0.49423240002943203,
    0.979359699995257
  ],
  "parameter_history": [
    [
      0.030123007719154587,
      0.059874541661866926,
      0.002585982366294412,
      -0.059059195492511006,
      -0.015467102811416718,
      -0.12916463299109657
    ],
    [
      0.030123007719154587,
      0.059874541661866926,
      0.002585982366294412,
      -0.059059195492511006,
      -0.015467102811416718,
      -0.12916463299109657
    ],
    [
      0.03283103636344275,
      0.05148617887637721,
      -0.01942698448232525,
      -0.03698339925502941,
      0.01415658059357746,
      -0.15405113335415077
    ],
    [
      0.03283103636344275,
      0.05148617887637721,
      -0.01942698448232525,
      -0.03698339925502941,
      0.01415658059357746,
      -0.15405113335415077
    ],
    [
      0.05205280483070403,
      0.03281176520739196,
      -0.044817502374061256,
      -0.0137072711681674,
      0.035491469383801925,
      -0.17929187844269454
    ],
    [
      0.05205280483070403,
      0.03281176520739196,
      -0.044817502374061256,
      -0.0137072711681674,
      0.035491469383801925,
      -0.17929187844269454
    ]
  ],
  "loss_history": [
    -0.21169061215811003,
    -0.3342325685858115,
    1.1892751869430689,
    -0.5595453221792827,
    2.941578512046782,
    -0.465204386026401
  ],
  "grad_norm_history": [
    0.056266665260764175,
    0.056266665260764175,
    0.13705230155209164,
    0.13705230155209164,
    0.3981271603948461,
    0.3981271603948461
  ],
  "applied_grad_norm_history": [
    0.056266665260764175,
    0.056266665260764175,
    0.13705230155209164,
    0.13705230155209164,
    0.3981271603948461,
    0.3981271603948461
  ],
  "update_norm_history": [
    0.073484565635902,
    0.073484565635902,
    0.05046295727715661,
    0.05046295727715661,
    0.05474430873371265,
    0.05474430873371265
  ],
  "learning_rate_history": [
    0.03,
    0.03,
    0.03,
    0.03,
    0.03,
    0.03
  ],
  "validation_reward_history": [
    1.2349999999999999,
    1.2349999999999999,
    1.2650000000000001,
    1.2650000000000001,
    0.7,
    0.7
  ],
  "validation_success_history": [
    1.0,
    1.0,
    1.0,
    1.0,
    0.5,
    0.5
  ],
  "optimizer_clipped_history": [
    false,
    false,
    false,
    false,
    false,
    false
  ],
  "total_runtime_sec": 4.863422600028571,
  "final_parameters": [
    0.03283103636344275,
    0.05148617887637721,
    -0.01942698448232525,
    -0.03698339925502941,
    0.01415658059357746,
    -0.15405113335415077
  ],
  "last_parameters": [
    0.05205280483070403,
    0.03281176520739196,
    -0.044817502374061256,
    -0.0137072711681674,
    0.035491469383801925,
    -0.17929187844269454
  ],
  "best_parameters": [
    0.03283103636344275,
    0.05148617887637721,
    -0.01942698448232525,
    -0.03698339925502941,
    0.01415658059357746,
    -0.15405113335415077
  ],
  "best_episode": 4,
  "num_skipped_updates": 0,
  "num_lr_decays": 0,
  "evaluation": {
    "avg_reward": 0.43499999999999994,
    "std_reward": 0.4756048780237646,
    "success_rate": 0.25,
    "avg_length": 5.75
  },
  "summary_metrics": {
    "convergence_episode": null,
    "convergence_runtime_sec": 4.86245100008091,
    "final_avg_reward": 0.4866666666666666,
    "final_success_rate": 0.3333333333333333,
    "reward_auc": 0.5780000000000001,
    "success_auc": 0.4,
    "grad_norm_final": 0.31110220744726125,
    "total_runtime_sec": 4.863422600028571
  }
}