{
  "seed": 7,
  "mode": "noisy",
  "episode_rewards": [
    0.12999999999999998,
    0.13,
    1.3,
    0.12999999999999998,
    1.2,
    0.12999999999999998
  ],
  "episode_success": [
    false,
    false,
    true,
    false,
    true,
    false
  ],
  "episode_lengths": [
    6,
    6,
    5,
    6,
    5,
    6
  ],
  "episode_runtime_sec": [
    0.3662361000315286,
    0.40668580000055954,
    0.29693469998892397,
    0.41333720000693575,
    0.16207029996439815,
    0.31017910002265126
  ],
  "parameter_history": [
    [
      0.03012299080440292,
      0.05987452458398748,
      0.002586189981661234,
      -0.05905920612462218,
      -0.015467099267260826,
      -0.1291646309942744
    ],
    [
      0.03012299080440292,
      0.05987452458398748,
      0.002586189981661234,
      -0.05905920612462218,
      -0.015467099267260826,
      -0.1291646309942744
    ],
    [
      0.015465778005527597,
      0.0898157362089958,
      -0.012676276476092102,
      -0.07015316911413412,
      0.01119690781814657,
      -0.1550832004579188
    ],
    [
      0.015465778005527597,
      0.0898157362089958,
      -0.012676276476092102,
      -0.07015316911413412,
      0.01119690781814657,
      -0.1550832004579188
    ],
    [
      0.032164432952379626,
      0.10768116418823814,
      -0.03432194490661359,
      -0.054517146306085396,
      0.035970055980208776,
      -0.181963225591906
    ],
    [
      0.032164432952379626,
      0.10768116418823814,
      -0.03432194490661359,
      -0.054517146306085396,
      0.035970055980208776,
      -0.181963225591906
    ]
  ],
  "loss_history": [
    -0.22220907498349973,
    -0.29845216831304966,
    1.4655686291192669,
    -0.5306097732761864,
    2.7509290264454545,
    -0.4950767109627691
  ],
  "grad_norm_history": [
    0.030760631666084687,
    0.030760631666084687,
    0.10174209221068267,
    0.10174209221068267,
    0.32762365758209044,
    0.32762365758209044
  ],
  "applied_grad_norm_history": [
    0.030760631666084687,
    0.030760631666084687,
    0.10174209221068267,
    0.10174209221068267,
    0.32762365758209044,
    0.32762365758209044
  ],
  "update_norm_history": [
    0.07348463280797528,
    0.07348463280797528,
    0.053386051124654,
    0.053386051124654,
    0.051451757851765235,
    0.051451757851765235
  ],
  "learning_rate_history": [
    0.03,
    0.03,
    0.03,
    0.03,
    0.015,
    0.015
  ],
  "validation_reward_history": [
    1.25,
    1.25,
    0.715,
    0.715,
    0.7,
    0.7
  ],
  "validation_success_history": [
    1.0,
    1.0,
    0.5,
    0.5,
    0.5,
    0.5
  ],
  "optimizer_clipped_history": [
    false,
    false,
    false,
    false,
    false,
    false
  ],
  "total_runtime_sec": 1.9565888000070117,
  "final_parameters": [
    0.03012299080440292,
    0.05987452458398748,
    0.002586189981661234,
    -0.05905920612462218,
    -0.015467099267260826,
    -0.1291646309942744
  ],
  "last_parameters": [
    0.032164432952379626,
    0.10768116418823814,
    -0.03432194490661359,
    -0.054517146306085396,
    0.035970055980208776,
    -0.181963225591906
  ],
  "best_parameters": [
    0.03012299080440292,
    0.05987452458398748,
    0.002586189981661234,
    -0.05905920612462218,
    -0.015467099267260826,
    -0.1291646309942744
  ],
  "best_episode": 2,
  "num_skipped_updates": 0,
  "num_lr_decays": 1,
  "evaluation": {
    "avg_reward": 0.43499999999999994,
    "std_reward": 0.4756048780237646,
    "success_rate": 0.25,
    "avg_length": 5.75
  },
  "summary_metrics": {
    "convergence_episode": null,
    "convergence_runtime_sec": 1.9554432000149973,
    "final_avg_reward": 0.4866666666666666,
    "final_success_rate": 0.3333333333333333,
    "reward_auc": 0.5780000000000001,
    "success_auc": 0.4,
    "grad_norm_final": 0.25232980245828784,
    "total_runtime_sec": 1.9565888000070117
  }
}