{
  "seed": 7,
  "mode": "mitigated",
  "episode_rewards": [
    0.12999999999999998,
    0.13,
    1.3,
    0.12999999999999998,
    1.2,
    0.12999999999999998,
    0.12999999999999998,
    1.27,
    1.23,
    0.12999999999999998,
    1.27,
    0.12999999999999998,
    0.12999999999999998,
    1.03,
    0.13,
    -0.07000000000000003,
    0.23,
    0.12999999999999998,
    1.23,
    0.12999999999999998
  ],
  "episode_success": [
    false,
    false,
    true,
    false,
    true,
    false,
    false,
    true,
    true,
    false,
    true,
    false,
    false,
    true,
    false,
    false,
    false,
    false,
    true,
    false
  ],
  "episode_lengths": [
    6,
    6,
    5,
    6,
    5,
    6,
    6,
    4,
    6,
    6,
    4,
    6,
    6,
    6,
    6,
    6,
    6,
    6,
    6,
    6
  ],
  "episode_runtime_sec": [
    0.33313929999712855,
    0.3293374999775551,
    0.269380200013984,
    0.7502988000051118,
    0.2159030000329949,
    0.36938190000364557,
    0.23285740002756938,
    0.28909829998156056,
    0.20999010000377893,
    0.3309131000423804,
    0.13828230003127828,
    0.3200243000173941,
    0.19917209999402985,
    0.30952589999651536,
    0.20416339999064803,
    0.40109749999828637,
    0.20246850000694394,
    0.3356252999510616,
    0.20002910000039265,
    0.32375470001716167
  ],
  "parameter_history": [
    [
      0.02012300584992197,
      0.009874563443772376,
      -0.04741377608993992,
      -0.06905919756961859,
      -0.025467092826749388,
      -0.07916468785610438
    ],
    [
      0.02012300584992197,
      0.009874563443772376,
      -0.04741377608993992,
      -0.06905919756961859,
      -0.025467092826749388,
      -0.07916468785610438
    ],
    [
      0.008482817081280644,
      0.006142715616689984,
      -0.06663198189055775,
      -0.06627572472621286,
      -0.007692409941421282,
      -0.09215288811319763
    ],
    [
      0.008482817081280644,
      0.006142715616689984,
      -0.06663198189055775,
      -0.06627572472621286,
      -0.007692409941421282,
      -0.09215288811319763
    ],
    [
      0.014092293178622452,
      0.011995675585869933,
      -0.083743471266382,
      -0.05430621344473824,
      0.01001793079855955,
      -0.10839244832133588
    ],
    [
      0.014092293178622452,
      0.011995675585869933,
      -0.083743471266382,
      -0.05430621344473824,
      0.01001793079855955,
      -0.10839244832133588
    ],
    [
      0.01992676352959504,
      0.016632760168753393,
      -0.09235860022137202,
      -0.05685213246551521,
      0.01830680475273674,
      -0.11717022344435846
    ],
    [
      0.01992676352959504,
      0.016632760168753393,
      -0.09235860022137202,
      -0.05685213246551521,
      0.01830680475273674,
      -0.11717022344435846
    ],
    [
      0.025449907641471085,
      0.01704774283284638,
      -0.09980980383737084,
      -0.06203975220703234,
      0.025219244673418975,
      -0.12586446933761117
    ],
    [
      0.025449907641471085,
      0.01704774283284638,
      -0.09980980383737084,
      -0.06203975220703234,
      0.025219244673418975,
      -0.12586446933761117
    ],
    [
      0.028982389060655714,
      0.01863827397428931,
      -0.10339315991164727,
      -0.06218986758918749,
      0.028725364844001445,
      -0.1302800308696322
    ],
    [
      0.028982389060655714,
      0.01863827397428931,
      -0.10339315991164727,
      -0.06218986758918749,
      0.028725364844001445,
      -0.1302800308696322
    ],
    [
      0.032972644099884464,
      0.020891555789913707,
      -0.1074042884039566,
      -0.06374156865157149,
      0.02954370738747813,
      -0.13489306169224433
    ],
    [
      0.032972644099884464,
      0.020891555789913707,
      -0.1074042884039566,
      -0.06374156865157149,
      0.02954370738747813,
      -0.13489306169224433
    ],
    [
      0.03407871743221755,
      0.02135196712211462,
      -0.10869456671688307,
      -0.06341291864341012,
      0.03018798250563923,
      -0.1367954789602547
    ],
    [
      0.03407871743221755,
      0.02135196712211462,
      -0.10869456671688307,
      -0.06341291864341012,
      0.03018798250563923,
      -0.1367954789602547
    ],
    [
      0.03535554207536145,
      0.02141454577032896,
      -0.11030797424450095,
      -0.06271755173186612,
      0.030583305531098493,
      -0.13862023547087254
    ],
    [
      0.03535554207536145,
      0.02141454577032896,
      -0.11030797424450095,
      -0.06271755173186612,
      0.030583305531098493,
      -0.13862023547087254
    ],
    [
      0.03627959389471499,
      0.021286105080585774,
      -0.11171860131159873,
      -0.062037020604983166,
      0.030864661187037096,
      -0.14001083216408974
    ],
    [
      0.03627959389471499,
      0.021286105080585774,
      -0.11171860131159873,
      -0.062037020604983166,
      0.030864661187037096,
      -0.14001083216408974
    ]
  ],
  "loss_history": [
    0.2269612122881026,
    -0.2957816652488114,
    1.2569595589917184,
    -0.5942114835407576,
    2.582389881135732,
    -0.4659788678949932,
    -0.6080959767980348,
    0.832528197112524,
    2.2589442619737534,
    -1.0906679458742905,
    0.7020622295662038,
    -1.3375442634126748,
    -1.536201332477563,
    1.9742285115490776,
    -0.9253171264894532,
    -1.0716723815242672,
    -0.4447928570850461,
    -1.159038513024028,
    1.0830126149075119,
    -0.7274963175640643
  ],
  "grad_norm_history": [
    0.042016805598151956,
    0.042016805598151956,
    0.12782523854575592,
    0.12782523854575592,
    0.19157905107270654,
    0.19157905107270654,
    0.23119667384862025,
    0.23119667384862025,
    0.07517663384389195,
    0.07517663384389195,
    0.3311234540087528,
    0.3311234540087528,
    0.3857059424484663,
    0.3857059424484663,
    0.2665676992735631,
    0.2665676992735631,
    0.19579545261404363,
    0.19579545261404363,
    0.07476394374401507,
    0.07476394374401507
  ],
  "applied_grad_norm_history": [
    0.042016805598151956,
    0.042016805598151956,
    0.12782523854575592,
    0.12782523854575592,
    0.19157905107270654,
    0.19157905107270654,
    0.23119667384862025,
    0.23119667384862025,
    0.07517663384389195,
    0.07517663384389195,
    0.3311234540087528,
    0.3311234540087528,
    0.3857059424484663,
    0.3857059424484663,
    0.2665676992735631,
    0.2665676992735631,
    0.19579545261404363,
    0.19579545261404363,
    0.07476394374401507,
    0.07476394374401507
  ],
  "update_norm_history": [
    0.0489897585277098,
    0.0489897585277098,
    0.03179843605637413,
    0.03179843605637413,
    0.032850800847829244,
    0.032850800847829244,
    0.016792870981915096,
    0.016792870981915096,
    0.015377935580274876,
    0.015377935580274876,
    0.007724069650477451,
    0.007724069650477451,
    0.007838755008058798,
    0.007838755008058798,
    0.0026911870342835446,
    0.0026911870342835446,
    0.002864757034356771,
    0.002864757034356771,
    0.0023100390215390343,
    0.0023100390215390343
  ],
  "learning_rate_history": [
    0.02,
    0.02,
    0.02,
    0.02,
    0.01,
    0.01,
    0.01,
    0.01,
    0.005,
    0.005,
    0.005,
    0.005,
    0.0025,
    0.0025,
    0.0025,
    0.0025,
    0.002,
    0.002,
    0.002,
    0.002
  ],
  "validation_reward_history": [
    1.25,
    1.25,
    0.02999999999999997,
    0.02999999999999997,
    0.7,
    0.7,
    0.715,
    0.715,
    0.6799999999999999,
    0.6799999999999999,
    0.7,
    0.7,
    0.75,
    0.75,
    0.615,
    0.615,
    0.6799999999999999,
    0.6799999999999999,
    0.5149999999999999,
    0.5149999999999999
  ],
  "validation_success_history": [
    1.0,
    1.0,
    0.0,
    0.0,
    0.5,
    0.5,
    0.5,
    0.5,
    0.5,
    0.5,
    0.5,
    0.5,
    0.5,
    0.5,
    0.5,
    0.5,
    0.5,
    0.5,
    0.5,
    0.5
  ],