{
  "config_path": "config\\experiment_config.yaml",
  "dataset": {
    "source": "openml_mnist_784",
    "digits": [
      4,
      9
    ],
    "train_samples_total": 10336,
    "test_samples_total": 3446,
    "train_samples_used_per_model": 20,
    "pca_components": 8,
    "reps": 1
  },
  "classical": {
    "train_info": {
      "params": {
        "C": 1.0,
        "gamma": "scale",
        "kernel": "rbf"
      },
      "train_time": 0.005762577056884766
    },
    "metrics": {
      "accuracy": 0.7785838653511318,
      "precision": 0.7395782246199117,
      "recall": 0.8666666666666667,
      "f1_score": 0.7980947340566288
    },
    "kta": 0.17660486401083342
  },
  "quantum_exact": {
    "train_info": {
      "train_time": 5.452319860458374,
      "params": {
        "C": 1.0
      }
    },
    "metrics": {
      "accuracy": 0.7173534532791642,
      "precision": 0.7849702380952381,
      "recall": 0.6063218390804598,
      "f1_score": 0.6841763942931258
    },
    "kta": 0.22269034341815133,
    "kernel_properties": {
      "shape": [
        20,
        20
      ],
      "is_symmetric": true,
      "is_positive_semidefinite": true,
      "min_eigenvalue": 0.3480033993207403,
      "max_eigenvalue": 2.3994879154977453,
      "condition_number": 6.895012865337665,
      "diagonal_mean": 1.0000000000000002,
      "off_diagonal_mean": 0.06742393092105282,
      "off_diagonal_std": 0.06120458241086324
    }
  },
  "pegasos": {
    "train_info": {
      "train_time": 0.23340225219726562,
      "n_support_vectors": null,
      "params": {
        "lambda_param": 0.001,
        "max_iter": 1500,
        "batch_size": 32
      }
    },
    "metrics": {
      "accuracy": 0.9,
      "precision": 0.9,
      "recall": 0.9,
      "f1_score": 0.9
    },
    "kta": 0.22269034341815133,
    "prediction_distribution": {
      "4": 10,
      "9": 10
    }
  },
  "noise": null
}