{
  "seed": 7,
  "mode": "ideal",
  "episode_rewards": [
    0.09,
    1.03,
    1.3,
    -0.31000000000000005,
    0.08999999999999997,
    1.19,
    1.23,
    1.19,
    1.27,
    0.19,
    1.3,
    1.27,
    1.27,
    0.99,
    -0.31000000000000005,
    1.27,
    1.26,
    1.19,
    1.23,
    1.19,
    1.3,
    1.03,
    1.27,
    1.26,
    1.3,
    1.27,
    1.03,
    0.08999999999999997,
    0.99,
    0.08999999999999997,
    1.19,
    0.99,
    1.27,
    1.3,
    1.23,
    1.23,
    1.27,
    1.03,
    -0.11000000000000004,
    1.3
  ],
  "episode_success": [
    false,
    true,
    true,
    false,
    false,
    true,
    true,
    true,
    true,
    false,
    true,
    true,
    true,
    true,
    false,
    true,
    true,
    true,
    true,
    true,
    true,
    true,
    true,
    true,
    true,
    true,
    true,
    false,
    true,
    false,
    true,
    true,
    true,
    true,
    true,
    true,
    true,
    true,
    false,
    true
  ],
  "episode_lengths": [
    8,
    6,
    5,
    8,
    8,
    8,
    6,
    8,
    4,
    8,
    5,
    4,
    4,
    8,
    8,
    4,
    7,
    8,
    6,
    8,
    5,
    6,
    4,
    7,
    5,
    4,
    6,
    8,
    8,
    8,
    8,
    8,
    4,
    5,
    6,
    6,
    4,
    6,
    8,
    5
  ],
  "episode_runtime_sec": [
    1.3359430999844335,
    0.19849499996053055,
    0.11130200000479817,
    0.2615327999810688,
    0.17793299996992573,
    0.1599786999868229,
    0.12869640003191307,
    0.30547000002115965,
    0.08610899996710941,
    0.16628710000077263,
    0.10114500002237037,
    0.19666059996234253,
    0.08013620000565425,
    0.15646520000882447,
    0.15816159994574264,
    0.19598359998781234,
    0.14441100001567975,
    0.17049459996633232,
    0.12463249999564141,
    0.2626133000012487,
    0.09516500000609085,
    0.11396889999741688,
    0.07736920000752434,
    0.25777019996894524,
    0.09292379999533296,
    0.0782242999994196,
    0.11206509999465197,
    0.2372522999648936,
    0.1482522999867797,
    0.1517506000236608,
    0.1484101999667473,
    0.22745110001415014,
    0.08306340000126511,
    0.09629120002500713,
    0.11083560000406578,
    0.21926159999566153,
    0.07826080004451796,
    0.1167962999898009,
    0.150211300002411,
    0.19674620003206655
  ],
  "parameter_history": [
    [
      0.020123012504425258,
      0.04987451268364565,
      -0.047413762304190754,
      -0.1090591779232196,
      -0.06546699321292314,
      -0.11916460816591026
    ],
    [
      0.020123012504425258,
      0.04987451268364565,
      -0.047413762304190754,
      -0.1090591779232196,
      -0.06546699321292314,
      -0.11916460816591026
    ],
    [
      0.020123012504425258,
      0.04987451268364565,
      -0.047413762304190754,
      -0.1090591779232196,
      -0.06546699321292314,
      -0.11916460816591026
    ],
    [
      0.020123012504425258,
      0.04987451268364565,
      -0.047413762304190754,
      -0.1090591779232196,
      -0.06546699321292314,
      -0.11916460816591026
    ],
    [
      0.011422685743754641,
      0.035843845677730295,
      -0.03350466245767063,
      -0.12455653770815349,
      -0.0657613578563406,
      -0.10520027306026408
    ],
    [
      0.011422685743754641,
      0.035843845677730295,
      -0.03350466245767063,
      -0.12455653770815349,
      -0.0657613578563406,
      -0.10520027306026408
    ],
    [
      0.011422685743754641,
      0.035843845677730295,
      -0.03350466245767063,
      -0.12455653770815349,
      -0.0657613578563406,
      -0.10520027306026408
    ],
    [
      0.011422685743754641,
      0.035843845677730295,
      -0.03350466245767063,
      -0.12455653770815349,
      -0.0657613578563406,
      -0.10520027306026408
    ],
    [
      0.01499533950487865,
      0.020488978353224517,
      -0.021274914251776494,
      -0.1377244487321103,
      -0.07841112600363175,
      -0.0954150273628898
    ],
    [
      0.01499533950487865,
      0.020488978353224517,
      -0.021274914251776494,
      -0.1377244487321103,
      -0.07841112600363175,
      -0.0954150273628898
    ],
    [
      0.01499533950487865,
      0.020488978353224517,
      -0.021274914251776494,
      -0.1377244487321103,
      -0.07841112600363175,
      -0.0954150273628898
    ],
    [
      0.01499533950487865,
      0.020488978353224517,
      -0.021274914251776494,
      -0.1377244487321103,
      -0.07841112600363175,
      -0.0954150273628898
    ],
    [
      0.012509115058382276,
      0.00884899474496692,
      -0.007506288526767713,
      -0.14746733335430393,
      -0.09398180878132167,
      -0.08908761200600111
    ],
    [
      0.012509115058382276,
      0.00884899474496692,
      -0.007506288526767713,
      -0.14746733335430393,
      -0.09398180878132167,
      -0.08908761200600111
    ],
    [
      0.012509115058382276,
      0.00884899474496692,
      -0.007506288526767713,
      -0.14746733335430393,
      -0.09398180878132167,
      -0.08908761200600111
    ],
    [
      0.012509115058382276,
      0.00884899474496692,
      -0.007506288526767713,
      -0.14746733335430393,
      -0.09398180878132167,
      -0.08908761200600111
    ],
    [
      0.008333632350119923,
      0.0037907176618932987,
      -0.002405243227187161,
      -0.14892850531890311,
      -0.10227254732035099,
      -0.08324680149948815
    ],
    [
      0.008333632350119923,
      0.0037907176618932987,
      -0.002405243227187161,
      -0.14892850531890311,
      -0.10227254732035099,
      -0.08324680149948815
    ],
    [
      0.008333632350119923,
      0.0037907176618932987,
      -0.002405243227187161,
      -0.14892850531890311,
      -0.10227254732035099,
      -0.08324680149948815
    ],
    [
      0.008333632350119923,
      0.0037907176618932987,
      -0.002405243227187161,
      -0.14892850531890311,
      -0.10227254732035099,
      -0.08324680149948815
    ],
    [
      0.004709514343292488,
      -0.0009226709101050334,
      0.0019498077169468903,
      -0.1499413914925882,
      -0.10935565236034898,
      -0.07864297721938647
    ],
    [
      0.004709514343292488,
      -0.0009226709101050334,
      0.0019498077169468903,
      -0.1499413914925882,
      -0.10935565236034898,
      -0.07864297721938647
    ],
    [
      0.004709514343292488,
      -0.0009226709101050334,
      0.0019498077169468903,
      -0.1499413914925882,
      -0.10935565236034898,
      -0.07864297721938647
    ],
    [
      0.004709514343292488,
      -0.0009226709101050334,
      0.0019498077169468903,
      -0.1499413914925882,
      -0.10935565236034898,
      -0.07864297721938647
    ],
    [
      -0.00017579316168887457,
      -0.005047192260560827,
      0.004534125720041908,
      -0.15120663964531286,
      -0.11591371901697667,
      -0.07389164292777102
    ],
    [
      -0.00017579316168887457,
      -0.005047192260560827,
      0.004534125720041908,
      -0.15120663964531286,
      -0.11591371901697667,
      -0.07389164292777102
    ],
    [
      -0.00017579316168887457,
      -0.005047192260560827,
      0.004534125720041908,
      -0.15120663964531286,
      -0.11591371901697667,
      -0.07389164292777102
    ],
    [
      -0.00017579316168887457,
      -0.005047192260560827,
      0.004534125720041908,
      -0.15120663964531286,
      -0.11591371901697667,
      -0.07389164292777102
    ],
    [
      0.00020906584673489306,
      -0.007890658599182317,
      0.005800855427113893,
      -0.15184815779431057,
      -0.11972163445250578,
      -0.07279263219402156
    ],
    [
      0.00020906584673489306,
      -0.007890658599182317,
      0.005800855427113893,
      -0.15184815779431057,
      -0.11972163445250578,
      -0.07279263219402156
    ],
    [
      0.00020906584673489306,
      -0.007890658599182317,
      0.005800855427113893,
      -0.15184815779431057,
      -0.11972163445250578,
      -0.07279263219402156
    ],
    [
      0.00020906584673489306,
