{
  "seed": 7,
  "mode": "mitigated",
  "episode_rewards": [
    0.09,
    1.26,
    -0.010000000000000037,
    1.3,
    -0.010000000000000037,
    1.16,
    1.23,
    0.08999999999999997,
    1.27,
    0.19,
    1.3,
    1.27,
    1.23,
    1.03,
    -0.31000000000000005,
    1.27,
    1.26,
    1.19,
    1.23,
    1.19,
    1.3,
    1.03,
    1.27,
    1.26,
    1.3,
    1.2,
    1.27,
    -0.010000000000000009,
    0.08999999999999997,
    1.09,
    0.08999999999999997,
    0.19,
    1.19,
    1.3,
    0.99,
    1.27,
    1.16,
    1.27,
    1.26,
    1.23
  ],
  "episode_success": [
    false,
    true,
    false,
    true,
    false,
    true,
    true,
    false,
    true,
    false,
    true,
    true,
    true,
    true,
    false,
    true,
    true,
    true,
    true,
    true,
    true,
    true,
    true,
    true,
    true,
    true,
    true,
    false,
    false,
    true,
    false,
    false,
    true,
    true,
    true,
    true,
    true,
    true,
    true,
    true
  ],
  "episode_lengths": [
    8,
    7,
    8,
    5,
    8,
    7,
    6,
    8,
    4,
    8,
    5,
    4,
    6,
    6,
    8,
    4,
    7,
    8,
    6,
    8,
    5,
    6,
    4,
    7,
    5,
    5,
    4,
    8,
    8,
    8,
    8,
    8,
    8,
    5,
    8,
    4,
    7,
    4,
    7,
    6
  ],
  "episode_runtime_sec": [
    1.486735500046052,
    1.2667316000442952,
    1.3145238000433892,
    1.6755174999707378,
    1.3944561000098474,
    1.223938499984797,
    1.157803799957037,
    2.515954700007569,
    0.7590945999836549,
    1.3059868999989703,
    0.8358558000181802,
    1.899180600012187,
    1.0040982000064105,
    0.9986387999961153,
    1.2867691999999806,
    1.9151066000340506,
    1.1645693999598734,
    1.272854799986817,
    0.9953283999930136,
    2.692032899998594,
    0.8356895999750122,
    1.0573411000077613,
    0.6788557999534532,
    2.409855999983847,
    0.8453368000336923,
    0.8703892000485212,
    0.7287813000148162,
    2.530870100017637,
    1.3850501000415534,
    1.4481588999624364,
    1.317047199991066,
    2.1429887999547645,
    1.2904821000411175,
    0.8307309999945574,
    1.278242600033991,
    2.113199200015515,
    1.15787499997532,
    0.709187500004191,
    1.1350504999863915,
    2.23933999997098
  ],
  "parameter_history": [
    [
      -0.019876983724615004,
      0.04987455249793077,
      -0.0074137882141372645,
      -0.06905918680117583,
      -0.025467083246476303,
      -0.11916465261678896
    ],
    [
      -0.019876983724615004,
      0.04987455249793077,
      -0.0074137882141372645,
      -0.06905918680117583,
      -0.025467083246476303,
      -0.11916465261678896
    ],
    [
      -0.019876983724615004,
      0.04987455249793077,
      -0.0074137882141372645,
      -0.06905918680117583,
      -0.025467083246476303,
      -0.11916465261678896
    ],
    [
      -0.019876983724615004,
      0.04987455249793077,
      -0.0074137882141372645,
      -0.06905918680117583,
      -0.025467083246476303,
      -0.11916465261678896
    ],
    [
      -0.012205856351585265,
      0.06774624815272497,
      -0.013445675018794567,
      -0.07726127157667712,
      -0.007769000183121048,
      -0.1387246181053867
    ],
    [
      -0.012205856351585265,
      0.06774624815272497,
      -0.013445675018794567,
      -0.07726127157667712,
      -0.007769000183121048,
      -0.1387246181053867
    ],
    [
      -0.012205856351585265,
      0.06774624815272497,
      -0.013445675018794567,
      -0.07726127157667712,
      -0.007769000183121048,
      -0.1387246181053867
    ],
    [
      -0.012205856351585265,
      0.06774624815272497,
      -0.013445675018794567,
      -0.07726127157667712,
      -0.007769000183121048,
      -0.1387246181053867
    ],
    [
      -0.003135914617018551,
      0.08335576648209926,
      -0.020203872618340862,
      -0.0845738625188535,
      0.007339690999203206,
      -0.15851410396081975
    ],
    [
      -0.003135914617018551,
      0.08335576648209926,
      -0.020203872618340862,
      -0.0845738625188535,
      0.007339690999203206,
      -0.15851410396081975
    ],
    [
      -0.003135914617018551,
      0.08335576648209926,
      -0.020203872618340862,
      -0.0845738625188535,
      0.007339690999203206,
      -0.15851410396081975
    ],
    [
      -0.003135914617018551,
      0.08335576648209926,
      -0.020203872618340862,
      -0.0845738625188535,
      0.007339690999203206,
      -0.15851410396081975
    ],
    [
      -0.0010855015403703435,
      0.09844275647137554,
      -0.026173988673330463,
      -0.08790481975382576,
      0.020339473861444524,
      -0.17752091906707018
    ],
    [
      -0.0010855015403703435,
      0.09844275647137554,
      -0.026173988673330463,
      -0.08790481975382576,
      0.020339473861444524,
      -0.17752091906707018
    ],
    [
      -0.0010855015403703435,
      0.09844275647137554,
      -0.026173988673330463,
      -0.08790481975382576,
      0.020339473861444524,
      -0.17752091906707018
    ],
    [
      -0.0010855015403703435,
      0.09844275647137554,
      -0.026173988673330463,
      -0.08790481975382576,
      0.020339473861444524,
      -0.17752091906707018
    ],
    [
      -0.00036045781849818536,
      0.10683005243822719,
      -0.028750552354593298,
      -0.08548036800057698,
      0.024081868516880742,
      -0.18665656813613177
    ],
    [
      -0.00036045781849818536,
      0.10683005243822719,
      -0.028750552354593298,
      -0.08548036800057698,
      0.024081868516880742,
      -0.18665656813613177
    ],
    [
      -0.00036045781849818536,
      0.10683005243822719,
      -0.028750552354593298,
      -0.08548036800057698,
      0.024081868516880742,
      -0.18665656813613177
    ],
    [
      -0.00036045781849818536,
      0.10683005243822719,
      -0.028750552354593298,
      -0.08548036800057698,
      0.024081868516880742,
      -0.18665656813613177
    ],
    [
      0.0009041502503129784,
      0.11483588349503157,
      -0.03150825351459656,
      -0.0835814360836757,
      0.027560065527700163,
      -0.19530405442792695
    ],
    [
      0.0009041502503129784,
      0.11483588349503157,
      -0.03150825351459656,
      -0.0835814360836757,
      0.027560065527700163,
      -0.19530405442792695
    ],
    [
      0.0009041502503129784,
      0.11483588349503157,
      -0.03150825351459656,
      -0.0835814360836757,
      0.027560065527700163,
      -0.19530405442792695
    ],
    [
      0.0009041502503129784,
      0.11483588349503157,
      -0.03150825351459656,
      -0.0835814360836757,
      0.027560065527700163,
      -0.19530405442792695
    ],
    [
      0.002718483419920991,
      0.12150299022560747,
      -0.03394622827599285,
      -0.08334645298905641,
      0.032257862863135776,
      -0.19963568215393127
    ],
    [
      0.002718483419920991,
      0.12150299022560747,
      -0.03394622827599285,
      -0.08334645298905641,
      0.032257862863135776,
      -0.19963568215393127
    ],
    [
      0.002718483419920991,
      0.12150299022560747,
      -0.03394622827599285,
      -0.08334645298905641,
      0.032257862863135776,
      -0.19963568215393127
    ],
    [
      0.002718483419920991,
      0.12150299022560747,
      -0.03394622827599285,
      -0.08334645298905641,
      0.032257862863135776,
      -0.19963568215393127
    ],
    [
      0.003083886570187361,
      0.1238679028115339,
      -0.0344666681520128,
      -0.08121039849874423,
      0.03064606266588029,
      -0.202747406799704
    ],
    [
      0.003083886570187361,
      0.1238679028115339,
      -0.0344666681520128,
      -0.08121039849874423,
      0.03064606266588029,
      -0.202747406799704
    ],
    [
      0.003083886570187361,
      0.1238679028115339,
      -0.0344666681520128,
      -0.08121039849874423,
      0.03064606266588029,
      -0.202747406799704
    ],
    [
      0.003083886570187361,
      0.1238679028115339,
      -0.0344666681520128,
