{
  "seed": 7,
  "mode": "noisy",
  "episode_rewards": [
    0.08999999999999997,
    1.26,
    -0.010000000000000037,
    1.3,
    -0.010000000000000037,
    1.16,
    1.23,
    0.08999999999999997,
    1.27,
    0.19,
    1.3,
    1.27,
    1.23,
    1.03,
    -0.31000000000000005,
    1.2,
    1.23,
    1.19,
    1.23,
    1.19,
    1.3,
    1.03,
    1.27,
    1.26,
    1.3,
    1.2,
    1.27,
    -0.010000000000000009,
    0.08999999999999997,
    -0.11000000000000004,
    0.08999999999999997,
    0.19,
    -0.11000000000000004,
    1.3,
    0.99,
    1.27,
    0.08999999999999997,
    1.27,
    1.3,
    0.08999999999999997
  ],
  "episode_success": [
    false,
    true,
    false,
    true,
    false,
    true,
    true,
    false,
    true,
    false,
    true,
    true,
    true,
    true,
    false,
    true,
    true,
    true,
    true,
    true,
    true,
    true,
    true,
    true,
    true,
    true,
    true,
    false,
    false,
    false,
    false,
    false,
    false,
    true,
    true,
    true,
    false,
    true,
    true,
    false
  ],
  "episode_lengths": [
    8,
    7,
    8,
    5,
    8,
    7,
    6,
    8,
    4,
    8,
    5,
    4,
    6,
    6,
    8,
    5,
    6,
    8,
    6,
    8,
    5,
    6,
    4,
    7,
    5,
    5,
    4,
    8,
    8,
    8,
    8,
    8,
    8,
    5,
    8,
    4,
    8,
    4,
    5,
    8
  ],
  "episode_runtime_sec": [
    0.3383651999756694,
    0.20904290000908077,
    0.23602670000400394,
    0.5776163000264205,
    0.25540369999362156,
    0.2317437999881804,
    0.19728629995370284,
    0.5251575000002049,
    0.13962979998905212,
    0.2531803000019863,
    0.152423000021372,
    0.34405330003937706,
    0.1922103999531828,
    0.1861164000001736,
    0.24123589997179806,
    0.3752671999973245,
    0.184813900035806,
    0.23578160000033677,
    0.18447590002324432,
    0.49106159998336807,
    0.15543199999956414,
    0.18957759998738766,
    0.13431140000466257,
    0.4835459999740124,
    0.15998140000738204,
    0.15665369998896495,
    0.13180589996045455,
    0.4327266000327654,
    0.23584000003756955,
    0.24110120005207136,
    0.23824570002034307,
    0.46306390000972897,
    0.23770149995107204,
    0.16455610003322363,
    0.26614739996148273,
    0.37281059997621924,
    0.2423749000299722,
    0.12664790003327653,
    0.1524150999612175,
    0.469007000036072
  ],
  "parameter_history": [
    [
      -0.019876983180970115,
      0.04987455054878222,
      -0.007413791810709235,
      -0.06905918598118015,
      -0.02546708786034434,
      -0.11916465264182916
    ],
    [
      -0.019876983180970115,
      0.04987455054878222,
      -0.007413791810709235,
      -0.06905918598118015,
      -0.02546708786034434,
      -0.11916465264182916
    ],
    [
      -0.019876983180970115,
      0.04987455054878222,
      -0.007413791810709235,
      -0.06905918598118015,
      -0.02546708786034434,
      -0.11916465264182916
    ],
    [
      -0.019876983180970115,
      0.04987455054878222,
      -0.007413791810709235,
      -0.06905918598118015,
      -0.02546708786034434,
      -0.11916465264182916
    ],
    [
      -0.014515790072249235,
      0.06964040091803078,
      -0.01366241017643748,
      -0.06380785412740833,
      -0.006301391956721948,
      -0.13283074997421623
    ],
    [
      -0.014515790072249235,
      0.06964040091803078,
      -0.01366241017643748,
      -0.06380785412740833,
      -0.006301391956721948,
      -0.13283074997421623
    ],
    [
      -0.014515790072249235,
      0.06964040091803078,
      -0.01366241017643748,
      -0.06380785412740833,
      -0.006301391956721948,
      -0.13283074997421623
    ],
    [
      -0.014515790072249235,
      0.06964040091803078,
      -0.01366241017643748,
      -0.06380785412740833,
      -0.006301391956721948,
      -0.13283074997421623
    ],
    [
      -0.005866336830669431,
      0.08791055212743892,
      -0.02112863431417033,
      -0.06349350371067328,
      0.012572287278935584,
      -0.14940866961346008
    ],
    [
      -0.005866336830669431,
      0.08791055212743892,
      -0.02112863431417033,
      -0.06349350371067328,
      0.012572287278935584,
      -0.14940866961346008
    ],
    [
      -0.005866336830669431,
      0.08791055212743892,
      -0.02112863431417033,
      -0.06349350371067328,
      0.012572287278935584,
      -0.14940866961346008
    ],
    [
      -0.005866336830669431,
      0.08791055212743892,
      -0.02112863431417033,
      -0.06349350371067328,
      0.012572287278935584,
      -0.14940866961346008
    ],
    [
      -0.008065043943178987,
      0.10684420011840949,
      -0.01877141244400229,
      -0.05988394978107899,
      0.031882767317436805,
      -0.16719475224126082
    ],
    [
      -0.008065043943178987,
      0.10684420011840949,
      -0.01877141244400229,
      -0.05988394978107899,
      0.031882767317436805,
      -0.16719475224126082
    ],
    [
      -0.008065043943178987,
      0.10684420011840949,
      -0.01877141244400229,
      -0.05988394978107899,
      0.031882767317436805,
      -0.16719475224126082
    ],
    [
      -0.008065043943178987,
      0.10684420011840949,
      -0.01877141244400229,
      -0.05988394978107899,
      0.031882767317436805,
      -0.16719475224126082
    ],
    [
      -0.010844109604034946,
      0.1260202742461121,
      -0.013738800972359156,
      -0.0525977396609042,
      0.04757793987057046,
      -0.18501924228207361
    ],
    [
      -0.010844109604034946,
      0.1260202742461121,
      -0.013738800972359156,
      -0.0525977396609042,
      0.04757793987057046,
      -0.18501924228207361
    ],
    [
      -0.010844109604034946,
      0.1260202742461121,
      -0.013738800972359156,
      -0.0525977396609042,
      0.04757793987057046,
      -0.18501924228207361
    ],
    [
      -0.010844109604034946,
      0.1260202742461121,
      -0.013738800972359156,
      -0.0525977396609042,
      0.04757793987057046,
      -0.18501924228207361
    ],
    [
      -0.012217898116118222,
      0.14461014418729282,
      -0.010531730111204004,
      -0.048062946544725774,
      0.062025516708044515,
      -0.20299537291058734
    ],
    [
      -0.012217898116118222,
      0.14461014418729282,
      -0.010531730111204004,
      -0.048062946544725774,
      0.062025516708044515,
      -0.20299537291058734
    ],
    [
      -0.012217898116118222,
      0.14461014418729282,
      -0.010531730111204004,
      -0.048062946544725774,
      0.062025516708044515,
      -0.20299537291058734
    ],
    [
      -0.012217898116118222,
      0.14461014418729282,
      -0.010531730111204004,
      -0.048062946544725774,
      0.062025516708044515,
      -0.20299537291058734
    ],
    [
      -0.012931044136250586,
      0.15733108183530514,
      -0.008885209928664246,
      -0.04621168337783725,
      0.07103020133439601,
      -0.2141085607691966
    ],
    [
      -0.012931044136250586,
      0.15733108183530514,
      -0.008885209928664246,
      -0.04621168337783725,
      0.07103020133439601,
      -0.2141085607691966
    ],
    [
      -0.012931044136250586,
      0.15733108183530514,
      -0.008885209928664246,
      -0.04621168337783725,
      0.07103020133439601,
      -0.2141085607691966
    ],
    [
      -0.012931044136250586,
      0.15733108183530514,
      -0.008885209928664246,
      -0.04621168337783725,
      0.07103020133439601,
      -0.2141085607691966
    ],
    [
      -0.004784745157090537,
      0.17200430141554807,
      -0.006902725011322615,
      -0.036876847065827154,
      0.06963980278276317,
      -0.22797400853426686
    ],
    [
      -0.004784745157090537,
      0.17200430141554807,
      -0.006902725011322615,
      -0.036876847065827154,
      0.06963980278276317,
      -0.22797400853426686
    ],
    [
      -0.004784745157090537,
      0.17200430141554807,
      -0.006902725011322615,
      -0.036876847065827154,
      0.06963980278276317,
