{
  "seed": 21,
  "mode": "mitigated",
  "episode_rewards": [
    1.23,
    0.23,
    -0.07000000000000003,
    0.02999999999999997,
    1.3,
    1.3,
    0.12999999999999998,
    1.27,
    -0.07000000000000003,
    -0.37000000000000005,
    -0.07000000000000003,
    1.23,
    0.12999999999999998,
    0.12999999999999998,
    1.2,
    1.3,
    1.03,
    1.2,
    0.13,
    1.3
  ],
  "episode_success": [
    true,
    false,
    false,
    false,
    true,
    true,
    false,
    true,
    false,
    false,
    false,
    true,
    false,
    false,
    true,
    true,
    true,
    true,
    false,
    true
  ],
  "episode_lengths": [
    6,
    6,
    6,
    6,
    5,
    5,
    6,
    4,
    6,
    6,
    6,
    6,
    6,
    6,
    5,
    5,
    6,
    5,
    6,
    5
  ],
  "episode_runtime_sec": [
    0.8202411000384018,
    1.362136699957773,
    0.6574244999792427,
    0.9957332999911159,
    0.5931428000330925,
    0.8854484000476077,
    0.6275307000032626,
    0.8377773000393063,
    0.6157006000285037,
    1.1080346999806352,
    0.6360511999810115,
    0.8784242999972776,
    0.6542932000011206,
    1.098699200025294,
    0.5560027999454178,
    0.9832913999562152,
    0.6127515999833122,
    0.9191084000049159,
    0.6650709999958053,
    1.0584620999870822
  ],
  "parameter_history": [
    [
      0.01587734217213594,
      0.17106772801338976,
      -0.158633126819464,
      0.14866135212126172,
      -0.024731718397811193,
      -0.059997862213457376
    ],
    [
      0.01587734217213594,
      0.17106772801338976,
      -0.158633126819464,
      0.14866135212126172,
      -0.024731718397811193,
      -0.059997862213457376
    ],
    [
      -0.0034198902190387716,
      0.1889871862691843,
      -0.1531963873780918,
      0.14220557486652663,
      -0.03623192522129137,
      -0.05162731273591034
    ],
    [
      -0.0034198902190387716,
      0.1889871862691843,
      -0.1531963873780918,
      0.14220557486652663,
      -0.03623192522129137,
      -0.05162731273591034
    ],
    [
      -0.022713155392421403,
      0.20636773455671528,
      -0.14520407631834184,
      0.12849766933032208,
      -0.05160650504746387,
      -0.04240133290802326
    ],
    [
      -0.022713155392421403,
      0.20636773455671528,
      -0.14520407631834184,
      0.12849766933032208,
      -0.05160650504746387,
      -0.04240133290802326
    ],
    [
      -0.03746309842531248,
      0.22403327073522591,
      -0.147134451931984,
      0.11555790709712618,
      -0.06258535452584721,
      -0.03056144223419801
    ],
    [
      -0.03746309842531248,
      0.22403327073522591,
      -0.147134451931984,
      0.11555790709712618,
      -0.06258535452584721,
      -0.03056144223419801
    ],
    [
      -0.0432288857062984,
      0.23159836157525587,
      -0.15062777547662215,
      0.10794955957684942,
      -0.06932733628416006,
      -0.023397004052321497
    ],
    [
      -0.0432288857062984,
      0.23159836157525587,
      -0.15062777547662215,
      0.10794955957684942,
      -0.06932733628416006,
      -0.023397004052321497
    ],
    [
      -0.050029023522900895,
      0.23912716420716837,
      -0.14953060943385987,
      0.1062575160710922,
      -0.07375874543435218,
      -0.01619223274226289
    ],
    [
      -0.050029023522900895,
      0.23912716420716837,
      -0.14953060943385987,
      0.1062575160710922,
      -0.07375874543435218,
      -0.01619223274226289
    ],
    [
      -0.05457949204519763,
      0.24563418759036404,
      -0.14898016765812133,
      0.10455440971237662,
      -0.07550648131332534,
      -0.00931996475161937
    ],
    [
      -0.05457949204519763,
      0.24563418759036404,
      -0.14898016765812133,
      0.10455440971237662,
      -0.07550648131332534,
      -0.00931996475161937
    ],
    [
      -0.06041182957298956,
      0.25079813150425606,
      -0.15115258069692641,
      0.10135112876890573,
      -0.07812573266362186,
      -0.003953081424759691
    ],
    [
      -0.06041182957298956,
      0.25079813150425606,
      -0.15115258069692641,
      0.10135112876890573,
      -0.07812573266362186,
      -0.003953081424759691
    ],
    [
      -0.06118113552283012,
      0.25278203226828255,
      -0.1516312587934151,
      0.09911913428850622,
      -0.07894232380569287,
      -0.0006758107182466724
    ],
    [
      -0.06118113552283012,
      0.25278203226828255,
      -0.1516312587934151,
      0.09911913428850622,
      -0.07894232380569287,
      -0.0006758107182466724
    ],
    [
      -0.061998462434726564,
      0.2545391843958311,
      -0.15228062720407623,
      0.09717417457706257,
      -0.07960015330305954,
      0.0022712833915735663
    ],
    [
      -0.061998462434726564,
      0.2545391843958311,
      -0.15228062720407623,
      0.09717417457706257,
      -0.07960015330305954,
      0.0022712833915735663
    ]
  ],
  "loss_history": [
    2.2464410059641295,
    -0.23675060115500166,
    -0.21089111476714875,
    -0.3970290686861469,
    1.1019572522649868,
    0.9895209099159713,
    -0.32477374368893797,
    0.7081771377903386,
    -0.34446566129047557,
    -1.4900628415367534,
    -0.7793100416196415,
    3.3091450858366214,
    -0.7418609717419065,
    -1.002342366238786,
    0.6555928407043475,
    1.47670414804835,
    1.9669180973957274,
    1.48020170756665,
    -0.9379307800648446,
    0.6239209218603385
  ],
  "grad_norm_history": [
    0.2525911765162182,
    0.2525911765162182,
    0.3039031423656911,
    0.3039031423656911,
    0.6154349713167235,
    0.6154349713167235,
    0.13380703920494552,
    0.13380703920494552,
    0.3525379813995699,
    0.3525379813995699,
    1.1463246305081265,
    1.1463246305081265,
    0.17393663456509098,
    0.17393663456509098,
    0.4334594787219532,
    0.4334594787219532,
    0.5935088131721079,
    0.5935088131721079,
    0.05090293673002429,
    0.05090293673002429
  ],
  "applied_grad_norm_history": [
    0.2525911765162182,
    0.2525911765162182,
    0.3039031423656911,
    0.3039031423656911,
    0.6154349713167235,
    0.6154349713167235,
    0.13380703920494552,
    0.13380703920494552,
    0.3525379813995699,
    0.3525379813995699,
    0.7499993457356444,
    0.7499993457356444,
    0.17393663456509098,
    0.17393663456509098,
    0.4334594787219532,
    0.4334594787219532,
    0.5935088131721079,
    0.5935088131721079,
    0.05090293673002429,
    0.05090293673002429
  ],
  "update_norm_history": [
    0.048989788687245295,
    0.048989788687245295,
    0.03109736666335552,
    0.03109736666335552,
    0.0353212918606737,
    0.0353212918606737,
    0.031008288112153493,
    0.031008288112153493,
    0.016042090146101987,
    0.016042090146101987,
    0.01336179795658113,
    0.01336179795658113,
    0.010795106416210908,
    0.010795106416210908,
    0.010551150613939748,
    0.010551150613939748,
    0.004598472609860157,
    0.004598472609860157,
    0.004132584885021117,
    0.004132584885021117
  ],
  "learning_rate_history": [
    0.02,
    0.02,
    0.02,
    0.02,
    0.02,
    0.02,
    0.01,
    0.01,
    0.01,
    0.01,
    0.01,
    0.01,
    0.01,
    0.01,
    0.005,
    0.005,
    0.005,
    0.005,
    0.0025,
    0.0025
  ],
  "validation_reward_history": [
    0.75,
    0.75,
    1.2650000000000001,
    1.2650000000000001,
    1.25,
    1.25,
    0.73,
    0.73,
    0.18,
    0.18,
    1.27,
    1.27,
    0.7,
    0.7,
    1.23,
    1.23,
    0.73,
    0.73,
    0.18,
    0.18
  ],
  "validation_success_history": [
    0.5,
    0.5,
    1.0,
    1.0,
    1.0,
    1.0,
    0.5,
    0.5,
    0.0,
    0.0,
    1.0,
    1.0,
    0.5,
    0.5,
    1.0,
    1.0,
    0.5,
    0.5,
    0.0,
    0.0
  ],
  "optimizer_clipped_history": [
    false,
    false,
    false,
    false,
    false,
    false,
    false,
    false,
    false,
    false,
    true,
    true,
    false,
    false,
    false,
    false,
    false,
    false,
    false,
    false
  ],