{
  "model": "Classical RBF SVM",
  "train_n": 20,
  "best_params": {
    "C": 1,
    "gamma": "scale"
  },
  "best_cv_score": 1.0,
  "train_time": 0.11959171295166016,
  "metrics": {
    "accuracy": 0.9340659340659341,
    "precision": 0.9148936170212766,
    "recall": 0.9555555555555556,
    "f1_score": 0.9347826086956522
  },
  "kta": 0.545591703634791,
  "ckta": 0.7825443106310653,
  "confusion_matrix": [
    [
      42,
      4
    ],
    [
      2,
      43
    ]
  ],
  "classification_report": "              precision    recall  f1-score   support\n\n           4       0.95      0.91      0.93        46\n           9       0.91      0.96      0.93        45\n\n    accuracy                           0.93        91\n   macro avg       0.93      0.93      0.93        91\nweighted avg       0.93      0.93      0.93        91\n"
}