{
  "model": "Classical RBF SVM",
  "train_n": 20,
  "best_params": null,
  "best_cv_score": null,
  "train_time": 0.006165742874145508,
  "metrics": {
    "accuracy": 0.6337782936738248,
    "precision": 0.6320441988950276,
    "recall": 0.6574712643678161,
    "f1_score": 0.6445070422535212
  },
  "kta": 0.1398421338033331,
  "confusion_matrix": [
    [
      1040,
      666
    ],
    [
      596,
      1144
    ]
  ],
  "classification_report": "              precision    recall  f1-score   support\n\n           4       0.64      0.61      0.62      1706\n           9       0.63      0.66      0.64      1740\n\n    accuracy                           0.63      3446\n   macro avg       0.63      0.63      0.63      3446\nweighted avg       0.63      0.63      0.63      3446\n"
}