{
  "config_path": "config\\experiment_config.yaml",
  "dataset": {
    "source": "openml_mnist_784",
    "digits": [
      4,
      9
    ],
    "train_samples_total": 10336,
    "test_samples_total": 3446,
    "train_samples_used_per_model": 20,
    "pca_components": 4,
    "reps": 1
  },
  "classical": {
    "train_info": {
      "params": {
        "C": 1.0,
        "gamma": "scale",
        "kernel": "rbf"
      },
      "train_time": 0.006165742874145508
    },
    "metrics": {
      "accuracy": 0.6337782936738248,
      "precision": 0.6320441988950276,
      "recall": 0.6574712643678161,
      "f1_score": 0.6445070422535212
    },
    "kta": 0.1398421338033331
  },
  "quantum_exact": {
    "train_info": {
      "train_time": 1.8563146591186523,
      "params": {
        "C": 1.0
      }
    },
    "metrics": {
      "accuracy": 0.614335461404527,
      "precision": 0.6056555269922879,
      "recall": 0.6770114942528735,
      "f1_score": 0.6393487109905021
    },
    "kta": 0.13769310267433582,
    "kernel_properties": {
      "shape": [
        20,
        20
      ],
      "is_symmetric": true,
      "is_positive_semidefinite": true,
      "min_eigenvalue": -2.9112248310946756e-16,
      "max_eigenvalue": 5.390874936495843,
      "condition_number": Infinity,
      "diagonal_mean": 1.0001736902612972,
      "off_diagonal_mean": 0.2147575138362455,
      "off_diagonal_std": 0.18763315878139783
    }
  },
  "pegasos": {
    "train_info": {
      "train_time": 0.2084670066833496,
      "n_support_vectors": null,
      "params": {
        "lambda_param": 0.001,
        "max_iter": 1500,
        "batch_size": 32
      }
    },
    "metrics": {
      "accuracy": 0.75,
      "precision": 0.6923076923076923,
      "recall": 0.9,
      "f1_score": 0.782608695652174
    },
    "kta": 0.13769310267433582,
    "prediction_distribution": {
      "4": 7,
      "9": 13
    }
  },
  "noise": null
}