{
  "seed": 33,
  "name": "mlp_reinforce",
  "episode_rewards": [
    -0.41000000000000003,
    -1.4600000000000002,
    -0.31000000000000005,
    -0.7100000000000001,
    0.99,
    -0.21000000000000005,
    -0.11000000000000004,
    -0.010000000000000037,
    1.13,
    -0.21000000000000005,
    -0.21000000000000005,
    -0.21000000000000005,
    -0.41000000000000003,
    1.09,
    -0.11000000000000004,
    1.16,
    -0.010000000000000037,
    -0.21000000000000005,
    1.23,
    1.23,
    1.27,
    1.3,
    1.2,
    0.99,
    1.23,
    0.99,
    1.3,
    1.3,
    -0.31000000000000005,
    1.3,
    1.3,
    1.23,
    -0.11000000000000004,
    1.26,
    1.3,
    1.27,
    1.23,
    1.27,
    1.23,
    1.3
  ],
  "episode_success": [
    false,
    false,
    false,
    false,
    true,
    false,
    false,
    false,
    true,
    false,
    false,
    false,
    false,
    true,
    false,
    true,
    false,
    false,
    true,
    true,
    true,
    true,
    true,
    true,
    true,
    true,
    true,
    true,
    false,
    true,
    true,
    true,
    false,
    true,
    true,
    true,
    true,
    true,
    true,
    true
  ],
  "episode_lengths": [
    8,
    8,
    8,
    8,
    8,
    8,
    8,
    8,
    6,
    8,
    8,
    8,
    8,
    8,
    8,
    7,
    8,
    8,
    6,
    6,
    4,
    5,
    5,
    8,
    6,
    8,
    5,
    5,
    8,
    5,
    5,
    6,
    8,
    7,
    5,
    4,
    6,
    4,
    6,
    5
  ],
  "episode_runtime_sec": [
    0.0019624000415205956,
    0.0015665999962948263,
    0.0016103999805636704,
    0.001556500035803765,
    0.001498500001616776,
    0.0015981000033207238,
    0.0015459000132977962,
    0.0014915000065229833,
    0.0011467000003904104,
    0.0014817999908700585,
    0.0015718000358901918,
    0.0014903999981470406,
    0.0014691000105813146,
    0.0015935000265017152,
    0.0016086000250652432,
    0.0013324999599717557,
    0.0014605000033043325,
    0.0014752999995835125,
    0.0011482000118121505,
    0.0011506000300869346,
    0.0010524000390432775,
    0.0010269000194966793,
    0.0009957000147551298,
    0.0014844000106677413,
    0.001202200015541166,
    0.0015870000352151692,
    0.001268099993467331,
    0.0011276000295765698,
    0.0015885999891906977,
    0.0010019000037573278,
    0.001061099988874048,
    0.0011638000141829252,
    0.0014567000325769186,
    0.0018301999662071466,
    0.0016080999630503356,
    0.001254199945833534,
    0.0012101000174880028,
    0.0008258000016212463,
    0.0011668999795801938,
    0.0010921999928541481
  ],
  "loss_history": [
    -0.48959361798248097,
    -4.948440589944467,
    -0.4922000065687302,
    -1.3178190492355408,
    5.330645723007293,
    -0.30827323943404294,
    -0.688198833915259,
    -0.6319135922236919,
    2.3841313877958554,
    -0.48114847052717696,
    -0.492284915366764,
    -0.6860013456327724,
    -0.357606503468188,
    6.027051189048124,
    -1.3995233607617,
    4.02689064125653,
    -1.4172038266609392,
    -0.954527824911888,
    1.6057217730250735,
    2.6652002801505756,
    0.6064446835011552,
    0.959442657984701,
    1.6012543277405855,
    1.0221503062107185,
    1.7490405760102863,
    0.7355325325537921,
    0.2840790139528122,
    0.19162207434149775,
    -3.877945842617497,
    0.10485214767302695,
    0.06628718111111316,
    0.03447361225259394,
    -0.10712207373697699,
    0.04970474927148793,
    0.025720318853275626,
    0.013643681554764957,
    0.019310278481298734,
    0.009160728639807245,
    0.5764053559186374,
    0.010118307635758564
  ],
  "grad_norm_history": [
    0.8038309502029997,
    2.599555221002204,
    0.12538774262807337,
    1.9883800152679127,
    1.3528746881004392,
    0.19864267413410897,
    0.40861530043877103,
    0.18538487117978616,
    2.135767175604147,
    1.1011047526993016,
    0.76507680124519,
    0.5821248658192344,
    0.8324439620531319,
    3.9106365575157245,
    1.04545116551188,
    4.052164580452063,
    0.7361039077857441,
    0.5266472609262682,
    2.8440198904215177,
    2.053010566000938,
    0.8460779435215942,
    1.8543779745421116,
    2.0477839922462353,
    0.700357605162904,
    1.9043453854458434,
    0.39130980584204755,
    0.8079606628896951,
    0.5529463823567323,
    3.9477888999781303,
    0.2764938604873929,
    0.15799738370426286,
    0.11261506666655184,
    0.2838107963051665,
    0.15587254866693315,
    0.06996533389157392,
    0.05273502830473214,
    0.08717205501712823,
    0.038887853669334886,
    0.712474874696269,
    0.0400607998737581
  ],
  "total_runtime_sec": 0.056243999977596104,