{
  "seed": 33,
  "name": "tabular_reinforce",
  "episode_rewards": [
    -0.21000000000000005,
    0.08999999999999997,
    1.3,
    -0.66,
    -0.7100000000000001,
    0.08999999999999997,
    1.26,
    0.08999999999999997,
    0.08999999999999997,
    -0.66,
    1.26,
    -0.21000000000000005,
    -0.010000000000000037,
    1.03,
    0.08999999999999997,
    1.23,
    1.2,
    1.23,
    1.23,
    1.23,
    -0.11000000000000004,
    1.19,
    0.08999999999999997,
    1.23,
    1.26,
    1.23,
    0.99,
    -0.010000000000000037,
    -0.10999999999999999,
    1.23,
    1.27,
    -1.1600000000000001,
    1.09,
    1.19,
    1.2,
    0.08999999999999997,
    1.27,
    1.27,
    1.26,
    1.3
  ],
  "episode_success": [
    false,
    false,
    true,
    false,
    false,
    false,
    true,
    false,
    false,
    false,
    true,
    false,
    false,
    true,
    false,
    true,
    true,
    true,
    true,
    true,
    false,
    true,
    false,
    true,
    true,
    true,
    true,
    false,
    false,
    true,
    true,
    false,
    true,
    true,
    true,
    false,
    true,
    true,
    true,
    true
  ],
  "episode_lengths": [
    8,
    8,
    5,
    8,
    8,
    8,
    7,
    8,
    8,
    8,
    7,
    8,
    8,
    6,
    8,
    6,
    5,
    6,
    6,
    6,
    8,
    8,
    8,
    6,
    7,
    6,
    8,
    8,
    8,
    6,
    4,
    8,
    8,
    8,
    5,
    8,
    4,
    4,
    7,
    5
  ],
  "episode_runtime_sec": [
    0.0020172999938949943,
    0.0018025999888777733,
    0.0011484000133350492,
    0.0016930000274442136,
    0.0017374999588355422,
    0.0017023999826051295,
    0.0015801999834366143,
    0.0016480999765917659,
    0.0016819000011309981,
    0.0018185999942943454,
    0.0017097999807447195,
    0.0015421000425703824,
    0.0015111000393517315,
    0.0011980999843217432,
    0.0018131000106222928,
    0.0012185999657958746,
    0.0010228999890387058,
    0.0011919999960809946,
    0.0012676999904215336,
    0.001388800039421767,
    0.0016479000332765281,
    0.0015973999979905784,
    0.0016801999881863594,
    0.0013161999522708356,
    0.0015930000226944685,
    0.0013150000013411045,
    0.0016979999491013587,
    0.0016861999756656587,
    0.001732099975924939,
    0.0013620000099763274,
    0.0009686999837867916,
    0.001684800023213029,
    0.0018102999893017113,
    0.0017454999615438282,
    0.001160199986770749,
    0.0016980000073090196,
    0.0009479000000283122,
    0.0009444999741390347,
    0.00150529999518767,
    0.0013465999509207904
  ],
  "loss_history": [
    -0.1441616363227341,
    0.5074604118165986,
    3.554069343896356,
    -2.270197425390142,
    -1.4013514303891412,
    -0.2113098366222265,
    3.920827495824901,
    -0.9286299299307429,
    -0.7332485319345713,
    -2.683106843483752,
    3.3803654590554335,
    -2.243195683227132,
    -1.2561275089481136,
    3.124394179256378,
    -0.5450911733540171,
    2.2513700933038954,
    2.0736353499876166,
    3.199126587834378,
    1.881313115984676,
    1.0766142713201219,
    -1.7856821635986542,
    3.317962362547651,
    -2.3427090901215935,
    1.8181527300526452,
    1.882366098146791,
    0.976900894095529,
    1.6359954940316928,
    -5.055245450545958,
    -3.202707767825581,
    1.8474811866816583,
    0.39568816297659903,
    -8.040947883867748,
    1.8877954798872505,
    1.75122159481674,
    0.9069312631211627,
    -2.697230483255021,
    0.3659612093379885,
    0.32068402670454044,
    1.2285540644045605,
    0.3354240233279201
  ],
  "grad_norm_history": [
    0.272290975018489,
    0.2692179337451597,
    1.676880041878424,
    1.1973841010572899,
    1.2150587266285766,
    0.2608284137510188,
    1.5301271036980109,
    0.6274216636151285,
    0.22441268686090302,
    0.3864931432142567,
    1.2840516637791957,
    0.844087312671624,
    0.09031237072072361,
    1.0531629997218985,
    0.2731260752494243,
    0.8268134175341978,
    0.751049396650929,
    1.1176771613515055,
    0.7654455828106025,
    0.6207240198741049,
    0.842353101155096,
    1.424149866002321,
    1.4829287965423306,
    0.6495422723022252,
    0.7173005558229512,
    0.33873500312612215,
    0.4250529165532824,
    1.8930723428098468,
    1.3097149113745168,
    1.0557509820214155,
    0.26930610339889793,
    2.838565621963761,
    0.6712156153880001,
    0.6591535115887747,
    0.34244585195598165,
    1.1656640000152807,
    0.2540812382047856,
    0.2243482062849981,
    0.4306741267539909,
    0.20952502229040776
  ],
  "total_runtime_sec": 0.06201560003682971,
  "final_parameters": [
    [
      0.01991849836319862,
      -0.028141166870876252
    ],
    [
      0.7841025031974597,
      -0.7525548508629148
    ],
    [
      0.9426541347451849,
      -0.9711164232138867
    ],
    [
      -0.004893809372659768,
      0.030990110280583495
    ],
    [
      -0.5575380837598408,
      0.6628011899086889
    ],
    [
      -1.1328891124174003,
      1.0451167301460216
    ],
    [
      -1.0171182531890788,
      0.9951211548876827
    ],
    [
      0.01317946370806015,
      0.01876322497607028
    ]
  ],
  "evaluation": {
    "avg_reward": 0.9807812499999999,
    "std_reward": 0.5253995642826871,
    "success_rate": 0.8125,
    "avg_length": 5.6875
  },
  "summary_metrics": {
    "convergence_episode": null,
    "convergence_runtime_sec": 0.060133999737445265,
    "final_avg_reward": 1.065,
    "final_success_rate": 0.8333333333333334,
    "reward_auc": 0.6201282051282051,
    "success_auc": 0.5769230769230769,
    "grad_norm_final": 0.43778974091757417,
    "total_runtime_sec": 0.06201560003682971
  }
}