{
  "seed": 21,
  "name": "mlp_reinforce",
  "episode_rewards": [
    -0.07000000000000003,
    -0.6200000000000001,
    1.03,
    1.27,
    0.02999999999999997,
    0.12999999999999998,
    1.3,
    -0.37000000000000005,
    0.12999999999999998,
    0.12999999999999998,
    0.029999999999999975,
    1.3,
    1.27,
    1.3,
    1.27,
    1.3,
    1.23,
    1.3,
    1.27,
    1.27
  ],
  "episode_success": [
    false,
    false,
    true,
    true,
    false,
    false,
    true,
    false,
    false,
    false,
    false,
    true,
    true,
    true,
    true,
    true,
    true,
    true,
    true,
    true
  ],
  "episode_lengths": [
    6,
    6,
    6,
    4,
    6,
    6,
    5,
    6,
    6,
    6,
    6,
    5,
    4,
    5,
    4,
    5,
    6,
    5,
    4,
    4
  ],
  "episode_runtime_sec": [
    0.0026121000410057604,
    0.0032052999595180154,
    0.002196500019636005,
    0.001447299961000681,
    0.005492999975103885,
    0.0029940000385977328,
    0.002204999967943877,
    0.0022506999666802585,
    0.0019002999761141837,
    0.0014472000184468925,
    0.0014062999980524182,
    0.001053099986165762,
    0.0009243999957107008,
    0.0011442999821156263,
    0.0010874000145122409,
    0.0012391000054776669,
    0.0012910999939776957,
    0.0012550000101327896,
    0.0009115000138990581,
    0.0009179000044241548
  ],
  "loss_history": [
    -0.37639039206126895,
    -1.86802859116581,
    4.527518362537314,
    2.4228027840845545,
    -1.0194477263511128,
    -0.1663153237310565,
    2.54277120082568,
    -0.8855259179737756,
    -0.10511841611725048,
    -0.5849188474166077,
    -2.129457699628996,
    1.363719332431575,
    0.3752399717136714,
    0.7616477573495359,
    0.14845469306380024,
    0.3410905809075127,
    1.7943093434738504,
    0.12591883114374675,
    0.025210879535183372,
    0.019376286249125775
  ],
  "grad_norm_history": [
    0.30210275437947975,
    0.731348355884668,
    1.6170186961507667,
    1.6867113785249308,
    0.8355353393284295,
    0.15467191569425948,
    1.6160985618751027,
    1.5643481623205167,
    0.24337016733123037,
    0.49903971821853954,
    2.582864267636574,
    2.0348533114786793,
    0.6527389564846405,
    1.522870185715709,
    0.30860409754011175,
    0.8771519653032366,
    1.7050863081137269,
    0.35363024162796247,
    0.07369637028394671,
    0.06478374862688009
  ],
  "total_runtime_sec": 0.03880929999286309,
  "final_parameters": [
    0.03587734080039142,
    0.15106773081434574,
    -0.17863312373111823,
    0.16866135086657522,
    -0.004731721215613757,
    -0.07999785843751533,
    -0.0802956718390362,
    -0.10828165165825909,
    -0.02236453584074508,
    0.08338841795521575,
    0.05840637316429703,
    0.06382860242561829,
    -0.1694808391769013,
    -0.15709621176914046,
    0.15538031742896521,
    0.09688853654566601,
    0.586971648230032,
    0.576094128799874,
    -0.4642587774162993,
    0.5820242417116437,
    0.4598862364768055,
    0.4682003838215202,
    0.3423585876919841,
    -0.46538969567061295,
    0.4247021262907109,
    0.5447118756570711,
    0.30170659188882204,
    0.3225014150011757,
    -0.533835472585944,
    0.5291496179795911,
    0.33161466523919103,
    -0.5418680797853823,
    0.1022483454118963,
    0.37248243400572273,
    -0.28560311106326386,
    0.2624706986914753,
    0.24917332083543695,
    0.20942254216396752,
    0.29288274580566087,
    -0.3298199024811824,
    0.28669745877032043,
    0.3748213032596437,
    0.2909070463574447,
    0.34695453306974694,
    -0.38391910765343223,
    0.29208636705331725,
    0.07060844318077021,
    -0.28939892738040984,
    0.007865408332523144,
    -0.019726266289721336,
    -0.026767571670742146,
    0.13401946901039738,
    0.14237928368424077,
    -0.12156310049465249,
    0.11741144932558947,
    -0.17230696128709921,
    -0.07344792508370455,
    -0.01734455959217569,
    0.011106060267130161,
    -0.10474166760042457,
    -0.07224687794067584,
    0.007665381874343688,
    -0.06934227233827155,
    -0.06412007892602987,
    -0.24404281572603326,
    -0.35432929232229665,
    0.4359774192895792,
    -0.44023934819941046,
    -0.31934329832669067,
    -0.48776132864048355,
    -0.4829213900618582,
    0.34574969224791197,
    -0.37960925230667497,
    -0.45133191077251383,
    -0.4304757501713097,
    -0.1423989706437204,
    0.49152848640460467,
    -0.25128258510782836,
    -0.23283590264769416,
    0.40228589090298944,
    -0.3257971023094819,
    -0.4207706846794873,
    0.4929198624053909,
    -0.23933011290115416,
    -0.30020443708372846,
    -0.3318967667717262,
    -0.22435516804341957,
    0.4654788487279874,
    -0.2664010900076482,
    -0.3625989794903853,
    -0.5202423545831029,
    -0.2637454889116419,
    0.3068534946613541,
    -0.474538145291027,
    -0.1515184115644014,
    0.3669326297620377,
    -0.38095302989359314,
    -0.24518136445842653,
    0.2108870665139247,
    -0.1345791139618032,
    -0.4318135895519985,
    -0.2677235681147681,
    -0.23578604940334225,
    0.3830936116465386,
    -0.3362084691539726,
    -0.5267456005034362,
    -0.35588809947399697,
    -0.18935419771262973,
    0.3165306161603982,
    -0.06974261262412715,
    -0.14702741237955097,
    0.1540084781070674,
    0.08843895901120884,
    -0.001105774546975093,
    -0.020095794460519383,
    0.0017552546089036017,
    0.12745760509101106,
    -0.09014413693567735,
    -0.10239272781381537,
    -0.006652210021038107,
    -0.006656995155514676,
    -0.08144586293391828,
    -0.08794565088883498,
    0.03776591600424441,
    0.1337835134332041,
    0.07129918729459088,
    0.06851211109663922,
    0.12457373766175497,
    -0.1063668050213236,
    -0.09765939418767432,
    -0.04439362058084055,
    -0.09248885219868233,
    0.03506944221509818,
    0.015968108653103726,
    -0.10928625472871512,
    -0.07031249791033695,
    -0.15559815269327829,
    -0.04968736813790636,
    0.12401290038372315,
    0.0456377008954494,
    0.00294212455569157,
    0.046945730949134214,
    -0.06104335361291976,
    0.035214064760575474,
    0.35644507145830745,
    -0.26525102334547634,
    0.3287677244839959,
    -0.5363401328116576,
    -0.5174171505033993,
    0.35972350294291094,
    0.5128294620996986,
    -0.4796774913293207,
    0.3657950293146004,
    -0.4236437979495192,
    0.5978643542625341,
    -0.5454385573603535,
    0.3957004125933492,
    -0.3673265302776947,
    -0.39680160000018605,
    0.42307834703638225,
    0.2847275027123223,
    -0.3184957436185832,
    0.39619100307365834,
    -0.4779873745198978,
    0.47074394784218215,
    -0.3316677554452558,
    0.2532668415424449,
    -0.2848594367701555,
    -0.5220131358012595,
    0.4781068743188637,
    0.26696609879394073,
    -0.3169090386205071,
    0.11964205231657221,
    -0.03111308424873434,
    -0.44396832894741534,
    0.5970254652390438,
    -0.08087141384728008,
    -0.09458863675010569
  ],
  "evaluation": {
    "avg_reward": 1.211875,
    "std_reward": 0.2541706796131293,
    "success_rate": 0.9375,
    "avg_length": 4.5625
  },
  "summary_metrics": {
    "convergence_episode": 14,
    "convergence_runtime_sec": 0.0302794998860918,
    "final_avg_reward": 1.2675,
    "final_success_rate": 1.0,
    "reward_auc": 0.7315789473684211,
    "success_auc": 0.6052631578947368,
    "grad_norm_final": 0.5492991671631291,
    "total_runtime_sec": 0.03880929999286309
  }
}