{
  "seed": 21,
  "name": "tabular_reinforce",
  "episode_rewards": [
    0.029999999999999975,
    1.23,
    0.22999999999999998,
    0.02999999999999997,
    1.3,
    -0.12000000000000002,
    -0.42,
    0.12999999999999998,
    -0.07000000000000003,
    0.12999999999999998,
    -0.37000000000000005,
    -0.62,
    -0.37000000000000005,
    -0.6700000000000002,
    -0.6200000000000001,
    1.23,
    0.23,
    1.2,
    1.3,
    1.27
  ],
  "episode_success": [
    false,
    true,
    false,
    false,
    true,
    false,
    false,
    false,
    false,
    false,
    false,
    false,
    false,
    false,
    false,
    true,
    false,
    true,
    true,
    true
  ],
  "episode_lengths": [
    6,
    6,
    6,
    6,
    5,
    6,
    6,
    6,
    6,
    6,
    6,
    6,
    6,
    6,
    6,
    6,
    6,
    5,
    5,
    4
  ],
  "episode_runtime_sec": [
    0.002206499979365617,
    0.0015876999823376536,
    0.0015082000172697008,
    0.0015372000052593648,
    0.0015137000009417534,
    0.0019789999932982028,
    0.0018022999865934253,
    0.0015373000060208142,
    0.0017759999609552324,
    0.0015804999857209623,
    0.0015133999986574054,
    0.0014372000005096197,
    0.0016405999776907265,
    0.0014439999940805137,
    0.0013701000134460628,
    0.0015480000292882323,
    0.0013722000294364989,
    0.0013779000146314502,
    0.0013275999808683991,
    0.0013645999715663493
  ],
  "loss_history": [
    -0.25975161291066423,
    4.432902919657058,
    -0.10659467926892785,
    -0.5057152547466903,
    3.0342811327936836,
    -1.138550830009533,
    -1.5832651637753217,
    -0.4114091343715632,
    -0.3122242257224906,
    -0.4661299193913962,
    -0.5200153716383421,
    -2.7123321831624754,
    -0.2759079595004038,
    -1.8246135187302905,
    -1.3777657375113492,
    3.1613044789961187,
    -0.26454624722569536,
    2.378507098813139,
    1.5534893601099715,
    1.0684352411037055
  ],
  "grad_norm_history": [
    0.13122088322775544,
    1.5586964108175074,
    0.1275575409975677,
    0.1606142352583189,
    1.468472155852773,
    0.7964031770286608,
    0.822578038078493,
    0.23174464688365545,
    0.2223841823662483,
    0.18084265161173757,
    0.7172379653876543,
    1.3253249661047792,
    0.6003697465359715,
    1.249779053847069,
    0.7137235466682185,
    1.092558323802542,
    0.2647050768641188,
    0.8051179028693538,
    0.8474875660910511,
    0.6541970797239821
  ],
  "total_runtime_sec": 0.03334809996886179,
  "final_parameters": [
    [
      0.01793867040019571,
      0.07553386540717287
    ],
    [
      0.6290424084082974,
      -0.6340282948405689
    ],
    [
      0.5538307470582807,
      -0.5961955368848453
    ],
    [
      -0.0401478359195181,
      -0.054140825829129546
    ],
    [
      -0.3278119423931165,
      0.35832388345035193
    ],
    [
      -0.5410130401387155,
      0.6021305279336732
    ],
    [
      -0.5381953441086371,
      0.3749068186356165
    ],
    [
      0.07769015871448261,
      0.048444268272833005
    ]
  ],
  "evaluation": {
    "avg_reward": 0.5918749999999999,
    "std_reward": 0.5964815457120195,
    "success_rate": 0.4375,
    "avg_length": 5.5625
  },
  "summary_metrics": {
    "convergence_episode": null,
    "convergence_runtime_sec": 0.031423999927937984,
    "final_avg_reward": 1.0,
    "final_success_rate": 0.75,
    "reward_auc": 0.23157894736842108,
    "success_auc": 0.2894736842105263,
    "grad_norm_final": 0.6428769063871265,
    "total_runtime_sec": 0.03334809996886179
  }
}