{
  "config_path": "config\\experiment_config.yaml",
  "dataset": {
    "source": "openml_mnist_784",
    "digits": [
      4,
      9
    ],
    "train_samples": 10336,
    "test_samples": 3446,
    "pca_components": 4
  },
  "classical": {
    "train_info": {
      "params": {
        "C": 1.0,
        "gamma": "scale",
        "kernel": "rbf"
      },
      "train_time": 2.815166473388672
    },
    "metrics": {
      "accuracy": 0.7785838653511318,
      "precision": 0.8039825762289982,
      "recall": 0.7425287356321839,
      "f1_score": 0.7720346579025994
    }
  },
  "quantum": {
    "train_subset_size": 30,
    "train_info": {
      "train_time": 3.9485042095184326,
      "params": {
        "C": 1.0
      }
    },
    "metrics": {
      "accuracy": 0.6024376088218224,
      "precision": 0.580574912891986,
      "recall": 0.7660919540229885,
      "f1_score": 0.6605550049554014
    },
    "kernel_properties": {
      "shape": [
        30,
        30
      ],
      "is_symmetric": true,
      "is_positive_semidefinite": true,
      "min_eigenvalue": 1.2919139451400442e-18,
      "max_eigenvalue": 6.889450513373271,
      "condition_number": Infinity,
      "diagonal_mean": 1.0006508684351687,
      "off_diagonal_mean": 0.19189120194972487,
      "off_diagonal_std": 0.18268420400045907,
      "kta": 0.0666704737125353
    }
  },
  "noise": null
}