Model,accuracy,precision,recall,f1_score,train_time
Classical RBF SVM,0.7785838653511318,0.8039825762289982,0.7425287356321839,0.7720346579025994,2.815166473388672
Exact QSVC,0.6024376088218224,0.580574912891986,0.7660919540229885,0.6605550049554014,3.9485042095184326
Pegasos QSVC,0.7,0.65,0.8666666666666667,0.7428571428571429,0.21854662895202637
