{
  "seed": 21,
  "mode": "ideal",
  "episode_rewards": [
    1.23,
    0.23,
    -0.07000000000000003,
    0.02999999999999997,
    1.3,
    1.3,
    0.12999999999999998,
    1.27,
    -0.17000000000000004,
    -0.8200000000000001,
    -0.07000000000000003,
    1.3,
    0.13,
    1.27,
    0.12999999999999998,
    1.03,
    0.22999999999999998,
    1.23,
    0.13,
    0.22999999999999998
  ],
  "episode_success": [
    true,
    false,
    false,
    false,
    true,
    true,
    false,
    true,
    false,
    false,
    false,
    true,
    false,
    true,
    false,
    true,
    false,
    true,
    false,
    false
  ],
  "episode_lengths": [
    6,
    6,
    6,
    6,
    5,
    5,
    6,
    4,
    6,
    6,
    6,
    5,
    6,
    4,
    6,
    6,
    6,
    6,
    6,
    6
  ],
  "episode_runtime_sec": [
    0.13260060001630336,
    0.1990180999855511,
    0.13428009999915957,
    0.19234459998551756,
    0.13981659995624796,
    0.1707892999984324,
    0.17006720002973452,
    0.4243949000374414,
    0.13544549996731803,
    0.24420469999313354,
    0.1555938000092283,
    0.159123899997212,
    0.13324960001045838,
    0.16316629998618737,
    0.13153670000610873,
    0.2117982999770902,
    0.1456501000211574,
    0.20541590003995225,
    0.13682160002645105,
    0.2013884999905713
  ],
  "parameter_history": [
    [
      0.05587733951131259,
      0.17106772756613467,
      -0.1586331335141897,
      0.1486613513580241,
      -0.024731704409548475,
      -0.09999784339409448
    ],
    [
      0.05587733951131259,
      0.17106772756613467,
      -0.1586331335141897,
      0.1486613513580241,
      -0.024731704409548475,
      -0.09999784339409448
    ],
    [
      0.051770424001779815,
      0.18965059118348823,
      -0.15697319991378586,
      0.13078069510755166,
      -0.01626218288394886,
      -0.10456741445314638
    ],
    [
      0.051770424001779815,
      0.18965059118348823,
      -0.15697319991378586,
      0.13078069510755166,
      -0.01626218288394886,
      -0.10456741445314638
    ],
    [
      0.03900583766613085,
      0.20687216392680854,
      -0.14438683208850048,
      0.11206322561062444,
      -0.026918687802386893,
      -0.09372604570269617
    ],
    [
      0.03900583766613085,
      0.20687216392680854,
      -0.14438683208850048,
      0.11206322561062444,
      -0.026918687802386893,
      -0.09372604570269617
    ],
    [
      0.03562626285504988,
      0.21340277740670036,
      -0.14104224772056384,
      0.10302490334528618,
      -0.030666242320001796,
      -0.09144223286455826
    ],
    [
      0.03562626285504988,
      0.21340277740670036,
      -0.14104224772056384,
      0.10302490334528618,
      -0.030666242320001796,
      -0.09144223286455826
    ],
    [
      0.03031570292053432,
      0.2151473038018642,
      -0.1382859668943992,
      0.09371780223459296,
      -0.032323898429698794,
      -0.08912224721949333
    ],
    [
      0.03031570292053432,
      0.2151473038018642,
      -0.1382859668943992,
      0.09371780223459296,
      -0.032323898429698794,
      -0.08912224721949333
    ],
    [
      0.026914934946754145,
      0.21688442886745607,
      -0.13605903348815918,
      0.08933424905572881,
      -0.03343854640711786,
      -0.08656436715111394
    ],
    [
      0.026914934946754145,
      0.21688442886745607,
      -0.13605903348815918,
      0.08933424905572881,
      -0.03343854640711786,
      -0.08656436715111394
    ],
    [
      0.024754262483453998,
      0.21861904962572595,
      -0.13321650523211495,
      0.08499550040492497,
      -0.03531111351150509,
      -0.08508749813230167
    ],
    [
      0.024754262483453998,
      0.21861904962572595,
      -0.13321650523211495,
      0.08499550040492497,
      -0.03531111351150509,
      -0.08508749813230167
    ],
    [
      0.024856234618664392,
      0.21952515781830315,
      -0.13180076100564872,
      0.08089346078233618,
      -0.03789121611024154,
      -0.0851578166484948
    ],
    [
      0.024856234618664392,
      0.21952515781830315,
      -0.13180076100564872,
      0.08089346078233618,
      -0.03789121611024154,
      -0.0851578166484948
    ],
    [
      0.024271170988186486,
      0.22022409132515197,
      -0.13139898869893946,
      0.07879890891929886,
      -0.038910033502493745,
      -0.0853343636788038
    ],
    [
      0.024271170988186486,
      0.22022409132515197,
      -0.13139898869893946,
      0.07879890891929886,
      -0.038910033502493745,
      -0.0853343636788038
    ],
    [
      0.0240127557850206,
      0.22067700646816002,
      -0.13146314703171416,
      0.0770378656592375,
      -0.039813780848629604,
      -0.08510185935279202
    ],
    [
      0.0240127557850206,
      0.22067700646816002,
      -0.13146314703171416,
      0.0770378656592375,
      -0.039813780848629604,
      -0.08510185935279202
    ]
  ],
  "loss_history": [
    0.7904128391870984,
    -0.17504801276938856,
    -0.5529709526186981,
    -0.5241132999934178,
    0.8118398900101177,
    0.7288333300761886,
    -0.31388357039710624,
    0.44132916616181356,
    -0.6944944445763214,
    -3.5553521110548245,
    -0.527782183713688,
    0.7575644385793762,
    -0.5370631902881703,
    0.4385958474983449,
    -1.0752735788401457,
    1.7189378903530483,
    -0.746027242677825,
    2.8150446112936875,
    -1.0768741110987186,
    -0.12382553774235817
  ],
  "grad_norm_history": [
    0.4406985428407817,
    0.4406985428407817,
    0.2682595912865615,
    0.2682595912865615,
    0.7350677241168337,
    0.7350677241168337,
    0.26393100520183166,
    0.26393100520183166,
    1.7446088916448772,
    1.7446088916448772,
    0.5539132449276583,
    0.5539132449276583,
    0.3558753999587707,
    0.3558753999587707,
    0.7754648282007275,
    0.7754648282007275,
    0.8770065917106905,
    0.8770065917106905,
    0.3048198073768568,
    0.3048198073768568
  ],
  "applied_grad_norm_history": [
    0.4406985428407817,
    0.4406985428407817,
    0.2682595912865615,
    0.2682595912865615,
    0.7350677241168337,
    0.7350677241168337,
    0.26393100520183166,
    0.26393100520183166,
    0.7499995701044666,
    0.7499995701044666,
    0.5539132449276583,
    0.5539132449276583,
    0.3558753999587707,
    0.3558753999587707,
    0.7499990328393945,
    0.7499990328393945,
    0.7499991448192613,
    0.7499991448192613,
    0.3048198073768568,
    0.3048198073768568
  ],
  "update_norm_history": [
    0.04898977580627167,
    0.04898977580627167,
    0.027879680723875453,
    0.027879680723875453,
    0.03463197835722675,
    0.03463197835722675,
    0.012892164994132392,
    0.012892164994132392,
    0.011558321305889453,
    0.011558321305889453,
    0.006822227475724564,
    0.006822227475724564,
    0.006345846757455386,
    0.006345846757455386,
    0.005130727557257537,
    0.005130727557257537,
    0.0025393963307766844,
    0.0025393963307766844,
    0.00206109624392629,
    0.00206109624392629
  ],
  "learning_rate_history": [
    0.02,
    0.02,
    0.02,
    0.02,
    0.01,
    0.01,
    0.01,
    0.01,
    0.005,
    0.005,
    0.005,
    0.005,
    0.005,
    0.005,
    0.0025,
    0.0025,
    0.0025,
    0.0025,
    0.002,
    0.002
  ],
  "validation_reward_history": [
    1.25,
    1.25,
    0.715,
    0.715,
    1.25,
    1.25,
    1.13,
    1.13,
    0.02999999999999997,
    0.02999999999999997,
    1.27,
    1.27,
    -0.020000000000000004,
    -0.020000000000000004,
    0.6799999999999999,
    0.6799999999999999,
    -0.12000000000000004,
    -0.12000000000000004,
    0.75,
    0.75
  ],
  "validation_success_history": [
    1.0,
    1.0,
    0.5,
    0.5,
    1.0,
    1.0,
    1.0,
    1.0,
    0.0,
    0.0,
    1.0,
    1.0,
    0.0,
    0.0,
    0.5,
    0.5,
    0.0,
    0.0,
    0.5,
    0.5
  ],