{
  "seed": 21,
  "mode": "mitigated",
  "episode_rewards": [
    0.12999999999999998,
    0.23,
    -0.07000000000000003,
    0.02999999999999997,
    1.3,
    1.3,
    0.12999999999999998,
    1.27,
    -0.17000000000000004,
    -0.8200000000000001,
    -0.07000000000000003,
    1.23,
    0.12999999999999998,
    0.12999999999999998,
    1.2,
    1.3,
    1.03,
    1.27,
    0.12999999999999998,
    1.23
  ],
  "episode_success": [
    false,
    false,
    false,
    false,
    true,
    true,
    false,
    true,
    false,
    false,
    false,
    true,
    false,
    false,
    true,
    true,
    true,
    true,
    false,
    true
  ],
  "episode_lengths": [
    6,
    6,
    6,
    6,
    5,
    5,
    6,
    4,
    6,
    6,
    6,
    6,
    6,
    6,
    5,
    5,
    6,
    4,
    6,
    6
  ],
  "episode_runtime_sec": [
    0.9682896999875084,
    1.153922900033649,
    0.6804909999482334,
    1.0856316999997944,
    0.5524146999814548,
    0.8510511000058614,
    0.6365778000326827,
    0.830846400000155,
    0.6268295000190847,
    1.1421167999505997,
    0.624614600033965,
    0.8864793000393547,
    0.6514954000012949,
    1.149472200020682,
    0.5868774999980815,
    0.9349916999926791,
    0.6290012000245042,
    0.8491746000363491,
    0.6886943999561481,
    1.0441732999752276
  ],
  "parameter_history": [
    [
      0.01587734399056648,
      0.17106772056435746,
      -0.1986331091988757,
      0.148661354859208,
      -0.024731703213396305,
      -0.059997893098803864
    ],
    [
      0.01587734399056648,
      0.17106772056435746,
      -0.1986331091988757,
      0.148661354859208,
      -0.024731703213396305,
      -0.059997893098803864
    ],
    [
      -0.004021309104269993,
      0.1910836476671069,
      -0.21855657488497138,
      0.15942444177988985,
      -0.020562230860201657,
      -0.04184054311108344
    ],
    [
      -0.004021309104269993,
      0.1910836476671069,
      -0.21855657488497138,
      0.15942444177988985,
      -0.020562230860201657,
      -0.04184054311108344
    ],
    [
      -0.019823115771716263,
      0.20630397813912876,
      -0.21469184244129574,
      0.15105315378148282,
      -0.032576857239043126,
      -0.022860801239722443
    ],
    [
      -0.019823115771716263,
      0.20630397813912876,
      -0.21469184244129574,
      0.15105315378148282,
      -0.032576857239043126,
      -0.022860801239722443
    ],
    [
      -0.032667938783861476,
      0.22194391865594706,
      -0.22104358307414476,
      0.14182707115417856,
      -0.04140618790905134,
      -0.008324339683662542
    ],
    [
      -0.032667938783861476,
      0.22194391865594706,
      -0.22104358307414476,
      0.14182707115417856,
      -0.04140618790905134,
      -0.008324339683662542
    ],
    [
      -0.041224732471405415,
      0.23382962261192228,
      -0.23280537571929177,
      0.1286894412128223,
      -0.054616272845079285,
      0.003974790068108825
    ],
    [
      -0.041224732471405415,
      0.23382962261192228,
      -0.23280537571929177,
      0.1286894412128223,
      -0.054616272845079285,
      0.003974790068108825
    ],
    [
      -0.04620022723170522,
      0.24070964318717286,
      -0.2327961393796733,
      0.12736504172040441,
      -0.05874489329538817,
      0.011251439730669634
    ],
    [
      -0.04620022723170522,
      0.24070964318717286,
      -0.2327961393796733,
      0.12736504172040441,
      -0.05874489329538817,
      0.011251439730669634
    ],
    [
      -0.0488799295188795,
      0.24669772351601843,
      -0.23278455718929966,
      0.1260124466563999,
      -0.06078612106715465,
      0.01803225019707855
    ],
    [
      -0.0488799295188795,
      0.24669772351601843,
      -0.23278455718929966,
      0.1260124466563999,
      -0.06078612106715465,
      0.01803225019707855
    ],
    [
      -0.05393228264525431,
      0.2511612471788143,
      -0.23540728915552891,
      0.12319548716074552,
      -0.06366994731229826,
      0.023471726117442256
    ],
    [
      -0.05393228264525431,
      0.2511612471788143,
      -0.23540728915552891,
      0.12319548716074552,
      -0.06366994731229826,
      0.023471726117442256
    ],
    [
      -0.05359670915639358,
      0.2525624893624266,
      -0.23664680829643484,
      0.1212845136120945,
      -0.0644873164599907,
      0.026735639690964715
    ],
    [
      -0.05359670915639358,
      0.2525624893624266,
      -0.23664680829643484,
      0.1212845136120945,
      -0.0644873164599907,
      0.026735639690964715
    ],
    [
      -0.05395054889920152,
      0.254179753570627,
      -0.2388817343805348,
      0.11881367725499868,
      -0.06642031829232489,
      0.029563619113011683
    ],
    [
      -0.05395054889920152,
      0.254179753570627,
      -0.2388817343805348,
      0.11881367725499868,
      -0.06642031829232489,
      0.029563619113011683
    ]
  ],
  "loss_history": [
    -0.03365662997555434,
    -0.009453650255062621,
    0.2628775458126514,
    -0.10772261839051517,
    1.1893594643438072,
    1.068112071191966,
    -0.2274059691747294,
    0.7641257873104733,
    -0.4138735194503867,
    -2.5131746593584854,
    -0.5670448148911811,
    3.612480110483989,
    -0.6116046015449996,
    -0.7992244924210737,
    0.7521918771034798,
    1.5180369736076187,
    2.2887207086438233,
    1.78946701926955,
    -1.422456631460377,
    0.8765595531086754
  ],
  "grad_norm_history": [
    0.08465478497349514,
    0.08465478497349514,
    0.192848488670149,
    0.192848488670149,
    0.6083895923903163,
    0.6083895923903163,
    0.1331938108838273,
    0.1331938108838273,
    0.5304154256339428,
    0.5304154256339428,
    1.2396638196571168,
    1.2396638196571168,
    0.1445950434114897,
    0.1445950434114897,
    0.4996499259714396,
    0.4996499259714396,
    0.7332111676549998,
    0.7332111676549998,
    0.46923426496878207,
    0.46923426496878207
  ],
  "applied_grad_norm_history": [
    0.08465478497349514,
    0.08465478497349514,
    0.192848488670149,
    0.192848488670149,
    0.6083895923903163,
    0.6083895923903163,
    0.1331938108838273,
    0.1331938108838273,
    0.5304154256339428,
    0.5304154256339428,
    0.7499993949977541,
    0.7499993949977541,
    0.1445950434114897,
    0.1445950434114897,
    0.4996499259714396,
    0.4996499259714396,
    0.7332111676549998,
    0.7332111676549998,
    0.46923426496878207,
    0.46923426496878207
  ],
  "update_norm_history": [
    0.048989760306211765,
    0.048989760306211765,
    0.04069958373324025,
    0.04069958373324025,
    0.0327254033095549,
    0.0327254033095549,
    0.028711116696271775,
    0.028711116696271775,
    0.02917534404444464,
    0.02917534404444464,
    0.011993310122125735,
    0.011993310122125735,
    0.009747489898660524,
    0.009747489898660524,
    0.00990795899613849,
    0.00990795899613849,
    0.00431109510065603,
    0.00431109510065603,
    0.0050571372023094155,
    0.0050571372023094155
  ],
  "learning_rate_history": [
    0.02,
    0.02,
    0.02,
    0.02,
    0.02,
    0.02,
    0.02,
    0.02,
    0.01,
    0.01,
    0.01,
    0.01,
    0.01,
    0.01,
    0.005,
    0.005,
    0.005,
    0.005,
    0.0025,
    0.0025
  ],
  "validation_reward_history": [
    0.75,
    0.75,
    0.715,
    0.715,
    1.25,
    1.25,
    0.18,
    0.18,
    0.02999999999999997,
    0.02999999999999997,
    1.27,
    1.27,
    0.6799999999999999,
    0.6799999999999999,
    0.6799999999999999,
    0.6799999999999999,
    0.18,
    0.18,
    0.18,
    0.18
  ],
  "validation_success_history": [
    0.5,
    0.5,
    0.5,
    0.5,
    1.0,
    1.0,
    0.0,
    0.0,
    0.0,
    0.0,
    1.0,
    1.0,
    0.5,
    0.5,
    0.5,
    0.5,
    0.0,
    0.0,
    0.0,
    0.0
  ],