{
  "seed": 21,
  "mode": "noisy",
  "episode_rewards": [
    0.12999999999999998,
    0.23,
    -0.07000000000000003,
    0.02999999999999997,
    1.3,
    1.3,
    0.12999999999999998,
    1.27,
    -0.17000000000000004,
    -0.8200000000000001,
    -0.07000000000000003,
    1.23,
    0.12999999999999998,
    -0.17000000000000004,
    1.2,
    1.3,
    1.03,
    1.27,
    0.02999999999999997,
    1.23
  ],
  "episode_success": [
    false,
    false,
    false,
    false,
    true,
    true,
    false,
    true,
    false,
    false,
    false,
    true,
    false,
    false,
    true,
    true,
    true,
    true,
    false,
    true
  ],
  "episode_lengths": [
    6,
    6,
    6,
    6,
    5,
    5,
    6,
    4,
    6,
    6,
    6,
    6,
    6,
    6,
    5,
    5,
    6,
    4,
    6,
    6
  ],
  "episode_runtime_sec": [
    0.5431717000319622,
    0.31029599998146296,
    0.21337180002592504,
    0.3116607000119984,
    0.1623183999909088,
    0.2722247000201605,
    0.1929319000337273,
    0.30724589998135343,
    0.2987375999800861,
    0.36171739996643737,
    0.23626400000648573,
    0.3448322999756783,
    0.2959452999639325,
    0.34211369999684393,
    0.16595360002247617,
    0.30010849999962375,
    0.19440179999219254,
    0.25955730001442134,
    0.2011830999981612,
    0.3404236000496894
  ],
  "parameter_history": [
    [
      0.015877343695407414,
      0.1710677151712163,
      -0.19863310023581063,
      0.14866135529630525,
      -0.024731710324206378,
      -0.05999788985343393
    ],
    [
      0.015877343695407414,
      0.1710677151712163,
      -0.19863310023581063,
      0.14866135529630525,
      -0.024731710324206378,
      -0.05999788985343393
    ],
    [
      -0.0038124623356123183,
      0.1906234687742223,
      -0.2174149221276903,
      0.15480623531951274,
      -0.02152295883689036,
      -0.040646294358693706
    ],
    [
      -0.0038124623356123183,
      0.1906234687742223,
      -0.2174149221276903,
      0.15480623531951274,
      -0.02152295883689036,
      -0.040646294358693706
    ],
    [
      -0.019007143235338367,
      0.20614770824337797,
      -0.2323571081592094,
      0.14314722650497125,
      -0.033620288362027184,
      -0.021059889997389784
    ],
    [
      -0.019007143235338367,
      0.20614770824337797,
      -0.2323571081592094,
      0.14314722650497125,
      -0.033620288362027184,
      -0.021059889997389784
    ],
    [
      -0.030270778640294392,
      0.22074831849006188,
      -0.24923539862855523,
      0.1314130573334108,
      -0.041735924395659936,
      -0.01395897822223963
    ],
    [
      -0.030270778640294392,
      0.22074831849006188,
      -0.24923539862855523,
      0.1314130573334108,
      -0.041735924395659936,
      -0.01395897822223963
    ],
    [
      -0.03842407692118638,
      0.2350350816550949,
      -0.26641143019705643,
      0.11694084717075494,
      -0.053430866892644965,
      -0.0022188613436510806
    ],
    [
      -0.03842407692118638,
      0.2350350816550949,
      -0.26641143019705643,
      0.11694084717075494,
      -0.053430866892644965,
      -0.0022188613436510806
    ],
    [
      -0.04377783210944296,
      0.24282429784128046,
      -0.26649438326297525,
      0.11257481079740811,
      -0.05926256008191703,
      0.004733664297709476
    ],
    [
      -0.04377783210944296,
      0.24282429784128046,
      -0.26649438326297525,
      0.11257481079740811,
      -0.05926256008191703,
      0.004733664297709476
    ],
    [
      -0.05017992053837403,
      0.24992556152044376,
      -0.2667872926444357,
      0.1077138274788219,
      -0.06526160764298071,
      0.011519074196502084
    ],
    [
      -0.05017992053837403,
      0.24992556152044376,
      -0.2667872926444357,
      0.1077138274788219,
      -0.06526160764298071,
      0.011519074196502084
    ],
    [
      -0.05754473456208473,
      0.2553926475500284,
      -0.26956296853083805,
      0.10210809794817721,
      -0.0712446327464621,
      0.016262467602291313
    ],
    [
      -0.05754473456208473,
      0.2553926475500284,
      -0.26956296853083805,
      0.10210809794817721,
      -0.0712446327464621,
      0.016262467602291313
    ],
    [
      -0.05981985970028092,
      0.2581333624731871,
      -0.26919454244354174,
      0.09886621194547011,
      -0.0740819940485801,
      0.01942209040004396
    ],
    [
      -0.05981985970028092,
      0.2581333624731871,
      -0.26919454244354174,
      0.09886621194547011,
      -0.0740819940485801,
      0.01942209040004396
    ],
    [
      -0.061288721244285464,
      0.2611331169064231,
      -0.2701997183290249,
      0.0951548624363741,
      -0.07746183620151832,
      0.022318562428653058
    ],
    [
      -0.061288721244285464,
      0.2611331169064231,
      -0.2701997183290249,
      0.0951548624363741,
      -0.07746183620151832,
      0.022318562428653058
    ]
  ],
  "loss_history": [
    -0.03693493027890654,
    0.047870915781950366,
    0.3189599004985608,
    -0.09864422343872059,
    1.4411201171611243,
    1.294386463952024,
    -0.3054735299623941,
    0.8571819935502726,
    -0.5185574641387879,
    -2.43835266839969,
    -0.3943906146505491,
    3.2725234956000224,
    -0.62690394501584,
    -1.6278653748981629,
    0.942168444547398,
    1.5676425167462136,
    2.0517475348778,
    1.7376573969282518,
    -2.467464918292424,
    1.08316298925356
  ],
  "grad_norm_history": [
    0.08616703343683589,
    0.08616703343683589,
    0.10025538599476576,
    0.10025538599476576,
    0.7182049931858295,
    0.7182049931858295,
    0.13075906564534967,
    0.13075906564534967,
    0.4055859468615077,
    0.4055859468615077,
    0.4540510755853,
    0.4540510755853,
    0.31325970039942386,
    0.31325970039942386,
    0.43425257192243044,
    0.43425257192243044,
    0.4610284063235084,
    0.4610284063235084,
    0.49120511672820244,
    0.49120511672820244
  ],
  "applied_grad_norm_history": [
    0.08616703343683589,
    0.08616703343683589,
    0.10025538599476576,
    0.10025538599476576,
    0.7182049931858295,
    0.7182049931858295,
    0.13075906564534967,
    0.13075906564534967,
    0.4055859468615077,
    0.4055859468615077,
    0.4540510755853,
    0.4540510755853,
    0.31325970039942386,
    0.31325970039942386,
    0.43425257192243044,
    0.43425257192243044,
    0.4610284063235084,
    0.4610284063235084,
    0.49120511672820244,
    0.49120511672820244
  ],
  "update_norm_history": [
    0.048989758615261295,
    0.048989758615261295,
    0.039311737164592096,
    0.039311737164592096,
    0.036892470317430946,
    0.036892470317430946,
    0.029646268124244986,
    0.029646268124244986,
    0.032398315177735344,
    0.032398315177735344,
    0.013811227189610281,
    0.013811227189610281,
    0.014041367310796868,
    0.014041367310796868,
    0.013474214850847375,
    0.013474214850847375,
    0.006431726883478544,
    0.006431726883478544,
    0.006764130234249759,
    0.006764130234249759
  ],
  "learning_rate_history": [
    0.02,
    0.02,
    0.02,
    0.02,
    0.02,
    0.02,
    0.02,
    0.02,
    0.01,
    0.01,
    0.01,
    0.01,
    0.01,
    0.01,
    0.005,
    0.005,
    0.005,
    0.005,
    0.0025,
    0.0025
  ],
  "validation_reward_history": [
    0.75,
    0.75,
    0.715,
    0.715,
    1.25,
    1.25,
    0.58,
    0.58,
    0.02999999999999997,
    0.02999999999999997,
    1.27,
    1.27,
    -0.020000000000000004,
    -0.020000000000000004,
    0.12999999999999998,
    0.12999999999999998,
    -0.12000000000000004,
    -0.12000000000000004,
    0.18,
    0.18
  ],
  "validation_success_history": [
    0.5,
    0.5,
    0.5,
    0.5,
    1.0,
    1.0,
    0.5,
    0.5,
    0.0,
    0.0,
    1.0,
    1.0,
    0.0,
    0.0,
    0.0,
    0.0,
    0.0,
    0.0,
    0.0,
    0.0
  ],