{
  "seed": 33,
  "mode": "ideal",
  "episode_rewards": [
    1.3,
    0.08999999999999997,
    1.19,
    1.27,
    1.27,
    1.27,
    1.3,
    1.26,
    1.19,
    1.23,
    1.03,
    -0.4100000000000001,
    1.19,
    1.19,
    0.08999999999999997,
    0.08999999999999997,
    1.27,
    1.27,
    1.3,
    1.3,
    1.19,
    -0.11000000000000004,
    1.23,
    1.23,
    1.23,
    1.3,
    1.27,
    1.26,
    1.27,
    0.09,
    1.3,
    1.27,
    0.08999999999999997,
    1.27,
    1.27,
    1.26,
    1.3,
    0.08999999999999997,
    -0.11000000000000004,
    0.76
  ],
  "episode_success": [
    true,
    false,
    true,
    true,
    true,
    true,
    true,
    true,
    true,
    true,
    true,
    false,
    true,
    true,
    false,
    false,
    true,
    true,
    true,
    true,
    true,
    false,
    true,
    true,
    true,
    true,
    true,
    true,
    true,
    false,
    true,
    true,
    false,
    true,
    true,
    true,
    true,
    false,
    false,
    true
  ],
  "episode_lengths": [
    5,
    8,
    8,
    4,
    4,
    4,
    5,
    7,
    8,
    6,
    6,
    8,
    8,
    8,
    8,
    8,
    4,
    4,
    5,
    5,
    8,
    8,
    6,
    6,
    6,
    5,
    4,
    7,
    4,
    8,
    5,
    4,
    8,
    4,
    4,
    7,
    5,
    8,
    8,
    7
  ],
  "episode_runtime_sec": [
    0.09737889998359606,
    0.1597631999757141,
    0.15704810002353042,
    0.1623198000015691,
    0.08007290004752576,
    0.08086490002460778,
    0.10068309999769554,
    0.2163971999543719,
    0.1859802000108175,
    0.14923159999307245,
    0.12357529997825623,
    0.26017940003657714,
    0.2318059999961406,
    0.17030800000065938,
    0.16609260003315285,
    0.2812713000457734,
    0.08382490003714338,
    0.08345739997457713,
    0.10067569999955595,
    0.22575129999313504,
    0.15521040000021458,
    0.15751589997671545,
    0.11745990003691986,
    0.24230390001321211,
    0.11923070001648739,
    0.0997992999618873,
    0.08293899998534471,
    0.24554540001554415,
    0.08422339998651296,
    0.15818719996605068,
    0.10850510001182556,
    0.16448019997915253,
    0.15112210001097992,
    0.08582209999440238,
    0.08158779999939725,
    0.22748429997591302,
    0.09788389998720959,
    0.15236110001569614,
    0.15663530002348125,
    0.21809989999746904
  ],
  "parameter_history": [
    [
      0.019836998073047157,
      -0.03628239095760928,
      0.03888350939325105,
      -0.01578818926480183,
      -0.17708950835786347,
      0.12016546723884615
    ],
    [
      0.019836998073047157,
      -0.03628239095760928,
      0.03888350939325105,
      -0.01578818926480183,
      -0.17708950835786347,
      0.12016546723884615
    ],
    [
      0.019836998073047157,
      -0.03628239095760928,
      0.03888350939325105,
      -0.01578818926480183,
      -0.17708950835786347,
      0.12016546723884615
    ],
    [
      0.019836998073047157,
      -0.03628239095760928,
      0.03888350939325105,
      -0.01578818926480183,
      -0.17708950835786347,
      0.12016546723884615
    ],
    [
      0.0013329023848545549,
      -0.01988990824314464,
      0.02071406509730549,
      -0.034040007545563605,
      -0.1922204127517991,
      0.1344436829635755
    ],
    [
      0.0013329023848545549,
      -0.01988990824314464,
      0.02071406509730549,
      -0.034040007545563605,
      -0.1922204127517991,
      0.1344436829635755
    ],
    [
      0.0013329023848545549,
      -0.01988990824314464,
      0.02071406509730549,
      -0.034040007545563605,
      -0.1922204127517991,
      0.1344436829635755
    ],
    [
      0.0013329023848545549,
      -0.01988990824314464,
      0.02071406509730549,
      -0.034040007545563605,
      -0.1922204127517991,
      0.1344436829635755
    ],
    [
      -0.017651292961917416,
      -0.014676104061123657,
      0.0018366716203319922,
      -0.0465800084965811,
      -0.19141753144501125,
      0.12961499158841802
    ],
    [
      -0.017651292961917416,
      -0.014676104061123657,
      0.0018366716203319922,
      -0.0465800084965811,
      -0.19141753144501125,
      0.12961499158841802
    ],
    [
      -0.017651292961917416,
      -0.014676104061123657,
      0.0018366716203319922,
      -0.0465800084965811,
      -0.19141753144501125,
      0.12961499158841802
    ],
    [
      -0.017651292961917416,
      -0.014676104061123657,
      0.0018366716203319922,
      -0.0465800084965811,
      -0.19141753144501125,
      0.12961499158841802
    ],
    [
      -0.01361739735218316,
      -0.018599387467488175,
      -0.006218301503997551,
      -0.061539194160288475,
      -0.19974645920306072,
      0.1282493742976299
    ],
    [
      -0.01361739735218316,
      -0.018599387467488175,
      -0.006218301503997551,
      -0.061539194160288475,
      -0.19974645920306072,
      0.1282493742976299
    ],
    [
      -0.01361739735218316,
      -0.018599387467488175,
      -0.006218301503997551,
      -0.061539194160288475,
      -0.19974645920306072,
      0.1282493742976299
    ],
    [
      -0.01361739735218316,
      -0.018599387467488175,
      -0.006218301503997551,
      -0.061539194160288475,
      -0.19974645920306072,
      0.1282493742976299
    ],
    [
      -0.013003299251908225,
      -0.016880043748115834,
      -0.009237229037630674,
      -0.06834310503106882,
      -0.20541101987598118,
      0.1281636282266884
    ],
    [
      -0.013003299251908225,
      -0.016880043748115834,
      -0.009237229037630674,
      -0.06834310503106882,
      -0.20541101987598118,
      0.1281636282266884
    ],
    [
      -0.013003299251908225,
      -0.016880043748115834,
      -0.009237229037630674,
      -0.06834310503106882,
      -0.20541101987598118,
      0.1281636282266884
    ],
    [
      -0.013003299251908225,
      -0.016880043748115834,
      -0.009237229037630674,
      -0.06834310503106882,
      -0.20541101987598118,
      0.1281636282266884
    ],
    [
      -0.015097249529435246,
      -0.01786436174430156,
      -0.007796161095958695,
      -0.0755381429467834,
      -0.2111458835287699,
      0.12592285567632958
    ],
    [
      -0.015097249529435246,
      -0.01786436174430156,
      -0.007796161095958695,
      -0.0755381429467834,
      -0.2111458835287699,
      0.12592285567632958
    ],
    [
      -0.015097249529435246,
      -0.01786436174430156,
      -0.007796161095958695,
      -0.0755381429467834,
      -0.2111458835287699,
      0.12592285567632958
    ],
    [
      -0.015097249529435246,
      -0.01786436174430156,
      -0.007796161095958695,
      -0.0755381429467834,
      -0.2111458835287699,
      0.12592285567632958
    ],
    [
      -0.016957377072234176,
      -0.020506217758744238,
      -0.0075277611446261895,
      -0.08288523066473215,
      -0.21428512692915505,
      0.12505175798065424
    ],
    [
      -0.016957377072234176,
      -0.020506217758744238,
      -0.0075277611446261895,
      -0.08288523066473215,
      -0.21428512692915505,
      0.12505175798065424
    ],
    [
      -0.016957377072234176,
      -0.020506217758744238,
      -0.0075277611446261895,
      -0.08288523066473215,
      -0.21428512692915505,
      0.12505175798065424
    ],
    [
      -0.016957377072234176,
      -0.020506217758744238,
      -0.0075277611446261895,
      -0.08288523066473215,
      -0.21428512692915505,
      0.12505175798065424
    ],
    [
      -0.016540562916846125,
      -0.022976454379852723,
      -0.005837669638926306,
      -0.08647139681823848,
      -0.21403630521892666,
      0.1263482418361147
    ],
    [
      -0.016540562916846125,
      -0.022976454379852723,
      -0.005837669638926306,
      -0.08647139681823848,
      -0.21403630521892666,
      0.1263482418361147
    ],
    [
      -0.016540562916846125,
      -0.022976454379852723,
      -0.005837669638926306,
      -0.08647139681823848,
      -0.21403630521892666,
      0.1263482418361147
    ],
    [
      -0.016540562916846125,
