{
  "seed": 33,
  "mode": "mitigated",
  "episode_rewards": [
    1.3,
    1.23,
    -0.010000000000000037,
    1.23,
    1.23,
    1.27,
    1.27,
    1.3,
    0.09,
    1.27,
    1.3,
    1.27,
    0.08999999999999997,
    1.16,
    1.3,
    1.23,
    -0.31000000000000005,
    0.08999999999999997,
    1.27,
    1.23,
    1.27,
    1.27,
    1.23,
    1.27,
    0.99,
    1.27,
    1.2,
    1.2,
    1.19,
    1.26,
    1.27,
    -0.11000000000000004,
    1.3,
    1.27,
    1.19,
    1.27,
    0.08999999999999997,
    1.26,
    1.23,
    0.18999999999999997
  ],
  "episode_success": [
    true,
    true,
    false,
    true,
    true,
    true,
    true,
    true,
    false,
    true,
    true,
    true,
    false,
    true,
    true,
    true,
    false,
    false,
    true,
    true,
    true,
    true,
    true,
    true,
    true,
    true,
    true,
    true,
    true,
    true,
    true,
    false,
    true,
    true,
    true,
    true,
    false,
    true,
    true,
    false
  ],
  "episode_lengths": [
    5,
    6,
    8,
    6,
    6,
    4,
    4,
    5,
    8,
    4,
    5,
    4,
    8,
    7,
    5,
    6,
    8,
    8,
    4,
    6,
    4,
    4,
    6,
    4,
    8,
    4,
    5,
    5,
    8,
    7,
    4,
    8,
    5,
    4,
    8,
    4,
    8,
    7,
    6,
    8
  ],
  "episode_runtime_sec": [
    0.9470326000009663,
    1.128139199980069,
    1.3890203000046313,
    1.9305984000093304,
    0.9928649000357836,
    0.7055060000275262,
    0.6871871000039391,
    2.018202700011898,
    1.3335649999789894,
    0.7137411999865435,
    0.9143841999466531,
    1.6850360000389628,
    1.3718101000413299,
    1.2516665000002831,
    0.9149979000212625,
    2.3570707999751903,
    1.3886261999723502,
    1.3238100000307895,
    0.6992148999706842,
    2.5755877000046894,
    0.6807468000333756,
    0.682930100010708,
    0.9911560000036843,
    2.1008635999751277,
    1.299004899978172,
    0.7669581000227481,
    0.8360703999642283,
    2.092221900005825,
    1.297905699990224,
    1.176055499992799,
    0.6883417000062764,
    2.355450099974405,
    0.9064532000338659,
    0.6918691000319086,
    1.295726399985142,
    2.249665899958927,
    1.4003770999843255,
    1.3018926000222564,
    1.0718168999883346,
    2.7107388000003994
  ],
  "parameter_history": [
    [
      0.019836997178313946,
      -0.036282334892990514,
      0.038883497025869275,
      -0.015788187579486516,
      -0.13709006523058961,
      0.1201654694966271
    ],
    [
      0.019836997178313946,
      -0.036282334892990514,
      0.038883497025869275,
      -0.015788187579486516,
      -0.13709006523058961,
      0.1201654694966271
    ],
    [
      0.019836997178313946,
      -0.036282334892990514,
      0.038883497025869275,
      -0.015788187579486516,
      -0.13709006523058961,
      0.1201654694966271
    ],
    [
      0.019836997178313946,
      -0.036282334892990514,
      0.038883497025869275,
      -0.015788187579486516,
      -0.13709006523058961,
      0.1201654694966271
    ],
    [
      0.003550397849214574,
      -0.023696805820668243,
      0.025481038905056087,
      -0.035801505774058315,
      -0.1180056430225643,
      0.1399078911067204
    ],
    [
      0.003550397849214574,
      -0.023696805820668243,
      0.025481038905056087,
      -0.035801505774058315,
      -0.1180056430225643,
      0.1399078911067204
    ],
    [
      0.003550397849214574,
      -0.023696805820668243,
      0.025481038905056087,
      -0.035801505774058315,
      -0.1180056430225643,
      0.1399078911067204
    ],
    [
      0.003550397849214574,
      -0.023696805820668243,
      0.025481038905056087,
      -0.035801505774058315,
      -0.1180056430225643,
      0.1399078911067204
    ],
    [
      -0.000930678841925674,
      -0.012447001485152199,
      0.013563311401489708,
      -0.055685060808751755,
      -0.10488464847763247,
      0.13686680653139693
    ],
    [
      -0.000930678841925674,
      -0.012447001485152199,
      0.013563311401489708,
      -0.055685060808751755,
      -0.10488464847763247,
      0.13686680653139693
    ],
    [
      -0.000930678841925674,
      -0.012447001485152199,
      0.013563311401489708,
      -0.055685060808751755,
      -0.10488464847763247,
      0.13686680653139693
    ],
    [
      -0.000930678841925674,
      -0.012447001485152199,
      0.013563311401489708,
      -0.055685060808751755,
      -0.10488464847763247,
      0.13686680653139693
    ],
    [
      -0.0003389929818276978,
      -0.006736179627858073,
      0.011568109453887226,
      -0.07515022630650359,
      -0.10243127872726543,
      0.1386485210436127
    ],
    [
      -0.0003389929818276978,
      -0.006736179627858073,
      0.011568109453887226,
      -0.07515022630650359,
      -0.10243127872726543,
      0.1386485210436127
    ],
    [
      -0.0003389929818276978,
      -0.006736179627858073,
      0.011568109453887226,
      -0.07515022630650359,
      -0.10243127872726543,
      0.1386485210436127
    ],
    [
      -0.0003389929818276978,
      -0.006736179627858073,
      0.011568109453887226,
      -0.07515022630650359,
      -0.10243127872726543,
      0.1386485210436127
    ],
    [
      0.0011457154309112648,
      -0.007805421862297453,
      0.014705712647617681,
      -0.0762483526979021,
      -0.10307464223087567,
      0.14016477179348288
    ],
    [
      0.0011457154309112648,
      -0.007805421862297453,
      0.014705712647617681,
      -0.0762483526979021,
      -0.10307464223087567,
      0.14016477179348288
    ],
    [
      0.0011457154309112648,
      -0.007805421862297453,
      0.014705712647617681,
      -0.0762483526979021,
      -0.10307464223087567,
      0.14016477179348288
    ],
    [
      0.0011457154309112648,
      -0.007805421862297453,
      0.014705712647617681,
      -0.0762483526979021,
      -0.10307464223087567,
      0.14016477179348288
    ],
    [
      0.0026775668054406752,
      -0.008357082477871371,
      0.015974633796740734,
      -0.0786220137586334,
      -0.10646828549414547,
      0.13962300762582136
    ],
    [
      0.0026775668054406752,
      -0.008357082477871371,
      0.015974633796740734,
      -0.0786220137586334,
      -0.10646828549414547,
      0.13962300762582136
    ],
    [
      0.0026775668054406752,
      -0.008357082477871371,
      0.015974633796740734,
      -0.0786220137586334,
      -0.10646828549414547,
      0.13962300762582136
    ],
    [
      0.0026775668054406752,
      -0.008357082477871371,
      0.015974633796740734,
      -0.0786220137586334,
      -0.10646828549414547,
      0.13962300762582136
    ],
    [
      0.005967599726276243,
      -0.009782168365909151,
      0.01609272991634755,
      -0.08254426420785992,
      -0.11004265692321402,
      0.13768295316178544
    ],
    [
      0.005967599726276243,
      -0.009782168365909151,
      0.01609272991634755,
      -0.08254426420785992,
      -0.11004265692321402,
      0.13768295316178544
    ],
    [
      0.005967599726276243,
      -0.009782168365909151,
      0.01609272991634755,
      -0.08254426420785992,
      -0.11004265692321402,
      0.13768295316178544
    ],
    [
      0.005967599726276243,
      -0.009782168365909151,
      0.01609272991634755,
      -0.08254426420785992,
      -0.11004265692321402,
      0.13768295316178544
    ],
    [
      0.00746682214933256,
      -0.011268630543368652,
      0.01711956755321065,
      -0.08493426743224293,
      -0.11191475689451662,
      0.1362320509409411
    ],
    [
      0.00746682214933256,
      -0.011268630543368652,
      0.01711956755321065,
      -0.08493426743224293,
      -0.11191475689451662,
      0.1362320509409411
    ],
    [
      0.00746682214933256,
      -0.011268630543368652,
      0.01711956755321065,
      -0.08493426743224293,
      -0.11191475689451662,
      0.1362320509409411
    ],
    [
      0.00746682214933256,
      -0.011268630543368652,
      0.01711956755321065,
