{
  "seed": 33,
  "mode": "noisy",
  "episode_rewards": [
    1.3,
    1.23,
    0.08999999999999997,
    1.23,
    1.23,
    1.27,
    1.27,
    1.3,
    0.09,
    1.19,
    1.27,
    0.08999999999999997,
    0.08999999999999997,
    1.27,
    -0.46,
    0.99,
    -0.010000000000000037,
    0.19,
    1.27,
    1.23,
    1.3,
    0.08999999999999997,
    -0.6100000000000001,
    1.2,
    1.26,
    0.18999999999999997,
    -0.31000000000000005,
    1.23,
    0.99,
    1.23,
    1.27,
    1.23,
    1.27,
    1.19,
    -0.010000000000000037,
    1.19,
    -0.11000000000000004,
    0.19,
    -0.11000000000000004,
    1.23
  ],
  "episode_success": [
    true,
    true,
    false,
    true,
    true,
    true,
    true,
    true,
    false,
    true,
    true,
    false,
    false,
    true,
    false,
    true,
    false,
    false,
    true,
    true,
    true,
    false,
    false,
    true,
    true,
    false,
    false,
    true,
    true,
    true,
    true,
    true,
    true,
    true,
    false,
    true,
    false,
    false,
    false,
    true
  ],
  "episode_lengths": [
    5,
    6,
    8,
    6,
    6,
    4,
    4,
    5,
    8,
    8,
    4,
    8,
    8,
    4,
    8,
    8,
    8,
    8,
    4,
    6,
    5,
    8,
    8,
    5,
    7,
    8,
    8,
    6,
    8,
    6,
    4,
    6,
    4,
    8,
    8,
    8,
    8,
    8,
    8,
    6
  ],
  "episode_runtime_sec": [
    0.26590589998522773,
    0.21615290001500398,
    0.28392560000065714,
    0.4781815999886021,
    0.21298310003476217,
    0.15681690000928938,
    0.19231429998762906,
    0.5066716999863274,
    0.2832866000244394,
    0.2596722000162117,
    0.1471834999974817,
    0.4913953999639489,
    0.27362300001550466,
    0.1441575000062585,
    0.2667949000024237,
    0.5425851999898441,
    0.26467599999159575,
    0.26587730000028387,
    0.1407224999857135,
    0.5219340999610722,
    0.17113929998595268,
    0.26183919998584315,
    0.26530709996586666,
    0.41126940003596246,
    0.22040640003979206,
    0.25850170000921935,
    0.24898740003118291,
    0.43423920002533123,
    0.25078689999645576,
    0.1926172999665141,
    0.14081259997328743,
    0.402456899988465,
    0.14783949998673052,
    0.24837059999117628,
    0.2726589000085369,
    0.5607072999700904,
    0.315242099983152,
    0.2700728999916464,
    0.27052269998239353,
    0.4673653999925591
  ],
  "parameter_history": [
    [
      0.019836997216883062,
      -0.03628233609330717,
      0.03888350024992164,
      -0.015788188290375406,
      -0.1370900653344147,
      0.08016548528623355
    ],
    [
      0.019836997216883062,
      -0.03628233609330717,
      0.03888350024992164,
      -0.015788188290375406,
      -0.1370900653344147,
      0.08016548528623355
    ],
    [
      0.019836997216883062,
      -0.03628233609330717,
      0.03888350024992164,
      -0.015788188290375406,
      -0.1370900653344147,
      0.08016548528623355
    ],
    [
      0.019836997216883062,
      -0.03628233609330717,
      0.03888350024992164,
      -0.015788188290375406,
      -0.1370900653344147,
      0.08016548528623355
    ],
    [
      0.00531501304892807,
      -0.022406833149921836,
      0.033891668909547416,
      -0.035329182043883474,
      -0.11807791623744213,
      0.06276248138241033
    ],
    [
      0.00531501304892807,
      -0.022406833149921836,
      0.033891668909547416,
      -0.035329182043883474,
      -0.11807791623744213,
      0.06276248138241033
    ],
    [
      0.00531501304892807,
      -0.022406833149921836,
      0.033891668909547416,
      -0.035329182043883474,
      -0.11807791623744213,
      0.06276248138241033
    ],
    [
      0.00531501304892807,
      -0.022406833149921836,
      0.033891668909547416,
      -0.035329182043883474,
      -0.11807791623744213,
      0.06276248138241033
    ],
    [
      -0.0003923629872929126,
      -0.012558539900515758,
      0.022543561525998276,
      -0.05506948604899223,
      -0.10354944787676104,
      0.04519020177289411
    ],
    [
      -0.0003923629872929126,
      -0.012558539900515758,
      0.022543561525998276,
      -0.05506948604899223,
      -0.10354944787676104,
      0.04519020177289411
    ],
    [
      -0.0003923629872929126,
      -0.012558539900515758,
      0.022543561525998276,
      -0.05506948604899223,
      -0.10354944787676104,
      0.04519020177289411
    ],
    [
      -0.0003923629872929126,
      -0.012558539900515758,
      0.022543561525998276,
      -0.05506948604899223,
      -0.10354944787676104,
      0.04519020177289411
    ],
    [
      -0.000977334003358395,
      -0.009273242600673899,
      0.027505633568326686,
      -0.07497857939511984,
      -0.10269874845054339,
      0.038634564978865985
    ],
    [
      -0.000977334003358395,
      -0.009273242600673899,
      0.027505633568326686,
      -0.07497857939511984,
      -0.10269874845054339,
      0.038634564978865985
    ],
    [
      -0.000977334003358395,
      -0.009273242600673899,
      0.027505633568326686,
      -0.07497857939511984,
      -0.10269874845054339,
      0.038634564978865985
    ],
    [
      -0.000977334003358395,
      -0.009273242600673899,
      0.027505633568326686,
      -0.07497857939511984,
      -0.10269874845054339,
      0.038634564978865985
    ],
    [
      0.006127378282558602,
      -0.008118688604644767,
      0.02457994546764949,
      -0.09034693788654717,
      -0.1082298222349311,
      0.03157989575145736
    ],
    [
      0.006127378282558602,
      -0.008118688604644767,
      0.02457994546764949,
      -0.09034693788654717,
      -0.1082298222349311,
      0.03157989575145736
    ],
    [
      0.006127378282558602,
      -0.008118688604644767,
      0.02457994546764949,
      -0.09034693788654717,
      -0.1082298222349311,
      0.03157989575145736
    ],
    [
      0.006127378282558602,
      -0.008118688604644767,
      0.02457994546764949,
      -0.09034693788654717,
      -0.1082298222349311,
      0.03157989575145736
    ],
    [
      0.004441697235108665,
      -0.004687451461589996,
      0.02608913264524354,
      -0.09870521051493741,
      -0.11150865549656269,
      0.02582064474616766
    ],
    [
      0.004441697235108665,
      -0.004687451461589996,
      0.02608913264524354,
      -0.09870521051493741,
      -0.11150865549656269,
      0.02582064474616766
    ],
    [
      0.004441697235108665,
      -0.004687451461589996,
      0.02608913264524354,
      -0.09870521051493741,
      -0.11150865549656269,
      0.02582064474616766
    ],
    [
      0.004441697235108665,
      -0.004687451461589996,
      0.02608913264524354,
      -0.09870521051493741,
      -0.11150865549656269,
      0.02582064474616766
    ],
    [
      0.0014672900510441247,
      -0.003045243487656925,
      0.026350453735518708,
      -0.10581953220711797,
      -0.11723776370618513,
      0.018814573241612714
    ],
    [
      0.0014672900510441247,
      -0.003045243487656925,
      0.026350453735518708,
      -0.10581953220711797,
      -0.11723776370618513,
      0.018814573241612714
    ],
    [
      0.0014672900510441247,
      -0.003045243487656925,
      0.026350453735518708,
      -0.10581953220711797,
      -0.11723776370618513,
      0.018814573241612714
    ],
    [
      0.0014672900510441247,
      -0.003045243487656925,
      0.026350453735518708,
      -0.10581953220711797,
      -0.11723776370618513,
      0.018814573241612714
    ],
    [
      -0.0005642628279289726,
      -0.0037408541433766413,
      0.025900089147215536,
      -0.11119401571795604,
      -0.12252368686942736,
      0.014582055698791117
    ],
    [
      -0.0005642628279289726,
      -0.0037408541433766413,
      0.025900089147215536,
      -0.11119401571795604,
      -0.12252368686942736,
      0.014582055698791117
    ],
    [
      -0.0005642628279289726,
      -0.0037408541433766413,
      0.025900089147215536,
      -0.11119401571795604,
      -0.12252368686942736,
