{
  "model": "Classical RBF SVM",
  "best_params": null,
  "best_cv_score": null,
  "train_time": 2.8626723289489746,
  "metrics": {
    "accuracy": 0.7666860127684272,
    "precision": 0.7836363636363637,
    "recall": 0.743103448275862,
    "f1_score": 0.7628318584070797
  },
  "confusion_matrix": [
    [
      1349,
      357
    ],
    [
      447,
      1293
    ]
  ],
  "classification_report": "              precision    recall  f1-score   support\n\n           4       0.75      0.79      0.77      1706\n           9       0.78      0.74      0.76      1740\n\n    accuracy                           0.77      3446\n   macro avg       0.77      0.77      0.77      3446\nweighted avg       0.77      0.77      0.77      3446\n"
}