{
  "config_path": "config\\experiment_config.yaml",
  "dataset": {
    "source": "openml_mnist_784",
    "digits": [
      4,
      9
    ],
    "train_samples": 10336,
    "test_samples": 3446,
    "pca_components": 4
  },
  "classical": {
    "train_info": {
      "params": {
        "C": 1.0,
        "gamma": "scale",
        "kernel": "rbf"
      },
      "train_time": 2.8626723289489746
    },
    "metrics": {
      "accuracy": 0.7666860127684272,
      "precision": 0.7836363636363637,
      "recall": 0.743103448275862,
      "f1_score": 0.7628318584070797
    }
  },
  "quantum": {
    "train_subset_size": 30,
    "train_info": {
      "train_time": 4.096942186355591,
      "params": {
        "C": 1.0
      }
    },
    "metrics": {
      "accuracy": 0.6433546140452698,
      "precision": 0.6374394835933297,
      "recall": 0.6810344827586207,
      "f1_score": 0.6585162545151431
    },
    "kernel_properties": {
      "shape": [
        30,
        30
      ],
      "is_symmetric": true,
      "is_positive_semidefinite": true,
      "min_eigenvalue": -8.330926682738203e-17,
      "max_eigenvalue": 7.8898959792846135,
      "condition_number": Infinity,
      "diagonal_mean": 1.001593031625935,
      "off_diagonal_mean": 0.2178330389740627,
      "off_diagonal_std": 0.17580705108594458,
      "kta": 0.09788266016603601
    }
  },
  "noise": null
}