Model,accuracy,precision,recall,f1_score,train_time
Classical RBF SVM,0.7666860127684272,0.7836363636363637,0.743103448275862,0.7628318584070797,2.8626723289489746
Exact QSVC,0.6433546140452698,0.6374394835933297,0.6810344827586207,0.6585162545151431,4.096942186355591
Pegasos QSVC,0.6294254207777132,0.638872225554889,0.6120689655172413,0.625183445846786,0.16122150421142578
