{
  "seed": 21,
  "mode": "ideal",
  "episode_rewards": [
    1.23,
    1.26,
    1.26,
    1.26,
    1.27,
    1.27,
    0.08999999999999997,
    1.23,
    1.23,
    1.09,
    1.3,
    1.3,
    0.19,
    1.2,
    1.27,
    1.03,
    1.2,
    1.3,
    1.3,
    1.27,
    1.26,
    1.03,
    0.19,
    1.19,
    1.3,
    -0.010000000000000009,
    1.3,
    1.3,
    1.23,
    1.27,
    1.19,
    1.27,
    1.27,
    1.27,
    1.26,
    1.19,
    0.19,
    1.27,
    1.23,
    1.23
  ],
  "episode_success": [
    true,
    true,
    true,
    true,
    true,
    true,
    false,
    true,
    true,
    true,
    true,
    true,
    false,
    true,
    true,
    true,
    true,
    true,
    true,
    true,
    true,
    true,
    false,
    true,
    true,
    false,
    true,
    true,
    true,
    true,
    true,
    true,
    true,
    true,
    true,
    true,
    false,
    true,
    true,
    true
  ],
  "episode_lengths": [
    6,
    7,
    7,
    7,
    4,
    4,
    8,
    6,
    6,
    8,
    5,
    5,
    8,
    5,
    4,
    6,
    5,
    5,
    5,
    4,
    7,
    6,
    8,
    8,
    5,
    8,
    5,
    5,
    6,
    4,
    8,
    4,
    4,
    4,
    7,
    8,
    8,
    4,
    6,
    6
  ],
  "episode_runtime_sec": [
    0.14200550003442913,
    0.17156619997695088,
    0.17862289998447523,
    0.31882570002926514,
    0.11322140000993386,
    0.14537189999828115,
    0.29961249994812533,
    0.2931259999750182,
    0.16741749999346212,
    0.1945049000205472,
    0.12088619999121875,
    0.2472254000022076,
    0.1958528999821283,
    0.1359697000007145,
    0.09952419996261597,
    0.36676010000519454,
    0.14219250000314787,
    0.12570360000245273,
    0.13221020001219586,
    0.22825729998294264,
    0.17402639996726066,
    0.14241000002948567,
    0.1863221999956295,
    0.30687199998646975,
    0.12530160002643242,
    0.2696077000000514,
    0.13272920000599697,
    0.31625550001626834,
    0.17487519996939227,
    0.11522099998546764,
    0.23528550000628456,
    0.3084010999882594,
    0.12004429998341948,
    0.11396369995782152,
    0.19693650002591312,
    0.47401190001983196,
    0.24893219996010885,
    0.12152230000356212,
    0.2374965999624692,
    0.3590982999885455
  ],
  "parameter_history": [
    [
      0.015877341088244484,
      0.1310677664332561,
      -0.1986331217719308,
      0.14866135172582368,
      0.0152682770287863,
      -0.059997862755941045
    ],
    [
      0.015877341088244484,
      0.1310677664332561,
      -0.1986331217719308,
      0.14866135172582368,
      0.0152682770287863,
      -0.059997862755941045
    ],
    [
      0.015877341088244484,
      0.1310677664332561,
      -0.1986331217719308,
      0.14866135172582368,
      0.0152682770287863,
      -0.059997862755941045
    ],
    [
      0.015877341088244484,
      0.1310677664332561,
      -0.1986331217719308,
      0.14866135172582368,
      0.0152682770287863,
      -0.059997862755941045
    ],
    [
      0.005864732880150388,
      0.14148122116639977,
      -0.20862744637430414,
      0.12875581832595695,
      0.02991468608370229,
      -0.04449055071157238
    ],
    [
      0.005864732880150388,
      0.14148122116639977,
      -0.20862744637430414,
      0.12875581832595695,
      0.02991468608370229,
      -0.04449055071157238
    ],
    [
      0.005864732880150388,
      0.14148122116639977,
      -0.20862744637430414,
      0.12875581832595695,
      0.02991468608370229,
      -0.04449055071157238
    ],
    [
      0.005864732880150388,
      0.14148122116639977,
      -0.20862744637430414,
      0.12875581832595695,
      0.02991468608370229,
      -0.04449055071157238
    ],
    [
      -0.006191866337673456,
      0.15424226332135665,
      -0.21505307838633075,
      0.11251885361213756,
      0.04489848929857078,
      -0.029941593947966947
    ],
    [
      -0.006191866337673456,
      0.15424226332135665,
      -0.21505307838633075,
      0.11251885361213756,
      0.04489848929857078,
      -0.029941593947966947
    ],
    [
      -0.006191866337673456,
      0.15424226332135665,
      -0.21505307838633075,
      0.11251885361213756,
      0.04489848929857078,
      -0.029941593947966947
    ],
    [
      -0.006191866337673456,
      0.15424226332135665,
      -0.21505307838633075,
      0.11251885361213756,
      0.04489848929857078,
      -0.029941593947966947
    ],
    [
      -0.011195733046601486,
      0.1697251512699088,
      -0.21547894427475953,
      0.0958648348076858,
      0.049448925775419865,
      -0.016686838401468194
    ],
    [
      -0.011195733046601486,
      0.1697251512699088,
      -0.21547894427475953,
      0.0958648348076858,
      0.049448925775419865,
      -0.016686838401468194
    ],
    [
      -0.011195733046601486,
      0.1697251512699088,
      -0.21547894427475953,
      0.0958648348076858,
      0.049448925775419865,
      -0.016686838401468194
    ],
    [
      -0.011195733046601486,
      0.1697251512699088,
      -0.21547894427475953,
      0.0958648348076858,
      0.049448925775419865,
      -0.016686838401468194
    ],
    [
      -0.015878231616921708,
      0.17344742068958746,
      -0.21706594527411188,
      0.07887112467899231,
      0.052019675498412396,
      -0.001176949042196087
    ],
    [
      -0.015878231616921708,
      0.17344742068958746,
      -0.21706594527411188,
      0.07887112467899231,
      0.052019675498412396,
      -0.001176949042196087
    ],
    [
      -0.015878231616921708,
      0.17344742068958746,
      -0.21706594527411188,
      0.07887112467899231,
      0.052019675498412396,
      -0.001176949042196087
    ],
    [
      -0.015878231616921708,
      0.17344742068958746,
      -0.21706594527411188,
      0.07887112467899231,
      0.052019675498412396,
      -0.001176949042196087
    ],
    [
      -0.016293339053292485,
      0.1738159526392818,
      -0.22198477720814958,
      0.06247687741725107,
      0.05643131554911657,
      0.014815051128363104
    ],
    [
      -0.016293339053292485,
      0.1738159526392818,
      -0.22198477720814958,
      0.06247687741725107,
      0.05643131554911657,
      0.014815051128363104
    ],
    [
      -0.016293339053292485,
      0.1738159526392818,
      -0.22198477720814958,
      0.06247687741725107,
      0.05643131554911657,
      0.014815051128363104
    ],
    [
      -0.016293339053292485,
      0.1738159526392818,
      -0.22198477720814958,
      0.06247687741725107,
      0.05643131554911657,
      0.014815051128363104
    ],
    [
      -0.01378115600188482,
      0.18153890437256917,
      -0.2198359167389011,
      0.04550691164341755,
      0.054934484361314824,
      0.028502053674187025
    ],
    [
      -0.01378115600188482,
      0.18153890437256917,
      -0.2198359167389011,
      0.04550691164341755,
      0.054934484361314824,
      0.028502053674187025
    ],
    [
      -0.01378115600188482,
      0.18153890437256917,
      -0.2198359167389011,
      0.04550691164341755,
      0.054934484361314824,
      0.028502053674187025
    ],
    [
      -0.01378115600188482,
      0.18153890437256917,
      -0.2198359167389011,
      0.04550691164341755,
      0.054934484361314824,
      0.028502053674187025
    ],
    [
      -0.011369574495498264,
      0.18935311504872218,
      -0.2172810456017253,
      0.02913374220000174,
      0.052778373412993386,
      0.040206230410302565
    ],
    [
      -0.011369574495498264,
      0.18935311504872218,
      -0.2172810456017253,
      0.02913374220000174,
      0.052778373412993386,
      0.040206230410302565
    ],
    [
      -0.011369574495498264,
      0.18935311504872218,
      -0.2172810456017253,
      0.02913374220000174,
      0.052778373412993386,
      0.040206230410302565
    ],
    [
      -0.011369574495498264,
      0.18935311504872218,
      -0.2172810456017253,
      0.02913374220000174,
      0.052778373412993386,
      0.040206230410302565
    ],
    [
      -0.010080947936631855,
