{
  "seed": 21,
  "mode": "noisy",
  "episode_rewards": [
    1.23,
    1.26,
    0.18999999999999997,
    1.03,
    1.19,
    1.27,
    1.3,
    -0.11000000000000004,
    -0.21000000000000005,
    1.19,
    0.18999999999999997,
    -0.010000000000000037,
    1.3,
    1.3,
    1.16,
    1.19,
    1.3,
    1.26,
    -0.6100000000000001,
    -0.11000000000000004,
    1.27,
    0.99,
    1.16,
    0.08999999999999997,
    1.19,
    0.99,
    1.23,
    0.99,
    1.3,
    1.19,
    1.26,
    1.27,
    -0.11000000000000004,
    0.19,
    -0.11000000000000004,
    1.27,
    1.23,
    1.27,
    1.26,
    1.27
  ],
  "episode_success": [
    true,
    true,
    false,
    true,
    true,
    true,
    true,
    false,
    false,
    true,
    false,
    false,
    true,
    true,
    true,
    true,
    true,
    true,
    false,
    false,
    true,
    true,
    true,
    false,
    true,
    true,
    true,
    true,
    true,
    true,
    true,
    true,
    false,
    false,
    false,
    true,
    true,
    true,
    true,
    true
  ],
  "episode_lengths": [
    6,
    7,
    8,
    6,
    8,
    4,
    5,
    8,
    8,
    8,
    8,
    8,
    5,
    5,
    7,
    8,
    5,
    7,
    8,
    8,
    4,
    8,
    7,
    8,
    8,
    8,
    6,
    8,
    5,
    8,
    7,
    4,
    8,
    8,
    8,
    4,
    6,
    4,
    7,
    4
  ],
  "episode_runtime_sec": [
    0.4356557000428438,
    0.5792525000288151,
    0.2726050000055693,
    0.503443600027822,
    0.28280710004037246,
    0.23753410001518205,
    0.2835099999792874,
    0.6293585000094026,
    0.3142204000032507,
    0.3409393000183627,
    0.5585603000363335,
    0.8244075000402518,
    0.18570500001078472,
    0.43703269999241456,
    0.280722199997399,
    0.9608767000027001,
    0.20286149997264147,
    0.8563103000051342,
    0.5899564999854192,
    1.1777041000314057,
    0.21806929999729618,
    0.2693207999691367,
    0.6581048999796622,
    0.6758255999884568,
    0.5657031000009738,
    0.509715199994389,
    0.20861239999067038,
    0.5388903999701142,
    0.18268269998952746,
    0.5194590999744833,
    0.2897456000209786,
    0.5607744999579154,
    0.3403455000370741,
    0.2934837000211701,
    0.30558149999706075,
    0.5702001999597996,
    0.26187849999405444,
    0.16766450001159683,
    0.25979360000928864,
    0.4828013999504037
  ],
  "parameter_history": [
    [
      0.015877341230673202,
      0.1710677252651591,
      -0.1586331263345421,
      0.14866135159486818,
      -0.0247317147970839,
      -0.09999780745840287
    ],
    [
      0.015877341230673202,
      0.1710677252651591,
      -0.1586331263345421,
      0.14866135159486818,
      -0.0247317147970839,
      -0.09999780745840287
    ],
    [
      0.015877341230673202,
      0.1710677252651591,
      -0.1586331263345421,
      0.14866135159486818,
      -0.0247317147970839,
      -0.09999780745840287
    ],
    [
      0.015877341230673202,
      0.1710677252651591,
      -0.1586331263345421,
      0.14866135159486818,
      -0.0247317147970839,
      -0.09999780745840287
    ],
    [
      -0.002972890177104247,
      0.1732709501114289,
      -0.15363349224569106,
      0.12863870939667357,
      -0.04411621267980825,
      -0.09625465965990068
    ],
    [
      -0.002972890177104247,
      0.1732709501114289,
      -0.15363349224569106,
      0.12863870939667357,
      -0.04411621267980825,
      -0.09625465965990068
    ],
    [
      -0.002972890177104247,
      0.1732709501114289,
      -0.15363349224569106,
      0.12863870939667357,
      -0.04411621267980825,
      -0.09625465965990068
    ],
    [
      -0.002972890177104247,
      0.1732709501114289,
      -0.15363349224569106,
      0.12863870939667357,
      -0.04411621267980825,
      -0.09625465965990068
    ],
    [
      -0.010171687707203156,
      0.16418100864306684,
      -0.1501180915430658,
      0.1176543949750625,
      -0.06375212085959929,
      -0.08377976323887165
    ],
    [
      -0.010171687707203156,
      0.16418100864306684,
      -0.1501180915430658,
      0.1176543949750625,
      -0.06375212085959929,
      -0.08377976323887165
    ],
    [
      -0.010171687707203156,
      0.16418100864306684,
      -0.1501180915430658,
      0.1176543949750625,
      -0.06375212085959929,
      -0.08377976323887165
    ],
    [
      -0.010171687707203156,
      0.16418100864306684,
      -0.1501180915430658,
      0.1176543949750625,
      -0.06375212085959929,
      -0.08377976323887165
    ],
    [
      -0.014523757871170322,
      0.15759739907668055,
      -0.13843136213667667,
      0.114364832938853,
      -0.07356842908533334,
      -0.09418318556409286
    ],
    [
      -0.014523757871170322,
      0.15759739907668055,
      -0.13843136213667667,
      0.114364832938853,
      -0.07356842908533334,
      -0.09418318556409286
    ],
    [
      -0.014523757871170322,
      0.15759739907668055,
      -0.13843136213667667,
      0.114364832938853,
      -0.07356842908533334,
      -0.09418318556409286
    ],
    [
      -0.014523757871170322,
      0.15759739907668055,
      -0.13843136213667667,
      0.114364832938853,
      -0.07356842908533334,
      -0.09418318556409286
    ],
    [
      -0.01980980350405938,
      0.16049544299851584,
      -0.13271819903316967,
      0.11403975957907639,
      -0.0785231437400767,
      -0.10003678510855324
    ],
    [
      -0.01980980350405938,
      0.16049544299851584,
      -0.13271819903316967,
      0.11403975957907639,
      -0.0785231437400767,
      -0.10003678510855324
    ],
    [
      -0.01980980350405938,
      0.16049544299851584,
      -0.13271819903316967,
      0.11403975957907639,
      -0.0785231437400767,
      -0.10003678510855324
    ],
    [
      -0.01980980350405938,
      0.16049544299851584,
      -0.13271819903316967,
      0.11403975957907639,
      -0.0785231437400767,
      -0.10003678510855324
    ],
    [
      -0.024862721412929716,
      0.16293741529516234,
      -0.12991833511252784,
      0.11096811283044347,
      -0.0832958206423342,
      -0.10257933296864341
    ],
    [
      -0.024862721412929716,
      0.16293741529516234,
      -0.12991833511252784,
      0.11096811283044347,
      -0.0832958206423342,
      -0.10257933296864341
    ],
    [
      -0.024862721412929716,
      0.16293741529516234,
      -0.12991833511252784,
      0.11096811283044347,
      -0.0832958206423342,
      -0.10257933296864341
    ],
    [
      -0.024862721412929716,
      0.16293741529516234,
      -0.12991833511252784,
      0.11096811283044347,
      -0.0832958206423342,
      -0.10257933296864341
    ],
    [
      -0.029505607387929546,
      0.16648392178684973,
      -0.12742325312951983,
      0.1077628567864353,
      -0.08664524351045381,
      -0.10391887125614956
    ],
    [
      -0.029505607387929546,
      0.16648392178684973,
      -0.12742325312951983,
      0.1077628567864353,
      -0.08664524351045381,
      -0.10391887125614956
    ],
    [
      -0.029505607387929546,
      0.16648392178684973,
      -0.12742325312951983,
      0.1077628567864353,
      -0.08664524351045381,
      -0.10391887125614956
    ],
    [
      -0.029505607387929546,
      0.16648392178684973,
      -0.12742325312951983,
      0.1077628567864353,
      -0.08664524351045381,
      -0.10391887125614956
    ],
    [
      -0.03371632843017568,
      0.16978841211516593,
      -0.12433926701683164,
      0.10503663945742249,
      -0.08951495780101845,
      -0.10615494657818932
    ],
    [
      -0.03371632843017568,
      0.16978841211516593,
      -0.12433926701683164,
      0.10503663945742249,
      -0.08951495780101845,
      -0.10615494657818932
    ],
    [
      -0.03371632843017568,
      0.16978841211516593,
      -0.12433926701683164,
      0.10503663945742249,
      -0.08951495780101845,
      -0.10615494657818932
    ],
    [
      -0.03371632843017568,
      0.16978841211516593,
      -0.12433926701683164,
      0.10503663945742249,
