{
  "config_path": "config\\experiment_config.yaml",
  "dataset": {
    "source": "openml_mnist_784",
    "digits": [
      4,
      9
    ],
    "train_samples_total": 10336,
    "test_samples_total": 3446,
    "train_samples_used_per_model": 20,
    "pca_components": 4,
    "reps": 1
  },
  "classical": {
    "train_info": {
      "params": {
        "C": 1.0,
        "gamma": "scale",
        "kernel": "rbf"
      },
      "train_time": 0.001340627670288086
    },
    "metrics": {
      "accuracy": 0.5351131746952988,
      "precision": 0.5644859813084112,
      "recall": 0.3471264367816092,
      "f1_score": 0.4298932384341637
    },
    "kta": 0.09488619981514372
  },
  "quantum_exact": {
    "train_info": {
      "train_time": 1.7690215110778809,
      "params": {
        "C": 1.0
      }
    },
    "metrics": {
      "accuracy": 0.5165409170052234,
      "precision": 0.5374493927125507,
      "recall": 0.30517241379310345,
      "f1_score": 0.38929618768328444
    },
    "kta": 0.11476327635334609,
    "kernel_properties": {
      "shape": [
        20,
        20
      ],
      "is_symmetric": true,
      "is_positive_semidefinite": true,
      "min_eigenvalue": 2.958219625850378e-16,
      "max_eigenvalue": 5.584822936433897,
      "condition_number": Infinity,
      "diagonal_mean": 1.0002407995094262,
      "off_diagonal_mean": 0.21657862958821897,
      "off_diagonal_std": 0.19966692736366487
    }
  },
  "pegasos": {
    "train_info": {
      "train_time": 0.22584915161132812,
      "n_support_vectors": null,
      "params": {
        "lambda_param": 0.001,
        "max_iter": 1500,
        "batch_size": 32
      }
    },
    "metrics": {
      "accuracy": 0.55,
      "precision": 0.6,
      "recall": 0.3,
      "f1_score": 0.4
    },
    "kta": 0.11476327635334609,
    "prediction_distribution": {
      "4": 15,
      "9": 5
    }
  },
  "noise": null
}