{
  "seed": 21,
  "name": "mlp_reinforce",
  "episode_rewards": [
    -0.010000000000000037,
    -0.6100000000000001,
    -0.11000000000000004,
    -0.11000000000000004,
    0.18999999999999997,
    0.69,
    -0.8600000000000001,
    -0.21000000000000005,
    -0.010000000000000037,
    1.3,
    0.08999999999999997,
    -0.11000000000000004,
    0.08999999999999997,
    -0.010000000000000037,
    1.3,
    1.26,
    -0.21000000000000002,
    -0.11000000000000004,
    -0.5100000000000001,
    -0.010000000000000037
  ],
  "episode_success": [
    false,
    false,
    false,
    false,
    false,
    true,
    false,
    false,
    false,
    true,
    false,
    false,
    false,
    false,
    true,
    true,
    false,
    false,
    false,
    false
  ],
  "episode_lengths": [
    8,
    8,
    8,
    8,
    8,
    8,
    8,
    8,
    8,
    5,
    8,
    8,
    8,
    8,
    5,
    7,
    8,
    8,
    8,
    8
  ],
  "episode_runtime_sec": [
    0.0035547000006772578,
    0.0025628000148572028,
    0.002957099990453571,
    0.0032186999451369047,
    0.002926299988757819,
    0.0032481999951414764,
    0.002944100007880479,
    0.0034506000229157507,
    0.002630599949043244,
    0.001588099985383451,
    0.0019111000001430511,
    0.0017169999773614109,
    0.0017000999650917947,
    0.0019179999944753945,
    0.0011640999582596123,
    0.001463899970985949,
    0.0016406000358983874,
    0.0018384999711997807,
    0.0020540000405162573,
    0.001761099963914603
  ],
  "loss_history": [
    0.03168087602769998,
    -1.0684747529125718,
    -1.0858089732603546,
    -0.8673542474548226,
    0.6141172917325555,
    6.00178805308504,
    -2.976512320732877,
    -0.5869626298919814,
    -0.29071958316581575,
    3.0000667705476323,
    -0.5701377785390143,
    -1.4344776512140525,
    -0.3739144591048599,
    -0.35393621580014073,
    3.637052347119618,
    3.6398421535649783,
    -1.2227523821545982,
    -1.8173464840181974,
    -2.1603485705223306,
    -0.5796471719893814
  ],
  "grad_norm_history": [
    0.09371445300319971,
    1.303276762262809,
    0.24965739148757043,
    0.27199610653853723,
    0.18457343548018745,
    2.187838547904392,
    0.8011561218050158,
    0.2521146644427989,
    0.3340432672270754,
    1.544512413507121,
    0.15744176449459563,
    0.3405157943309616,
    0.07248471250017796,
    0.6650563402845667,
    4.244301099007569,
    2.685533262327066,
    1.114230279427149,
    0.5730095158280619,
    1.6706986448922378,
    0.4434105658777056
  ],
  "total_runtime_sec": 0.04794209997635335,
  "final_parameters": [
    0.03587734080039142,
    0.15106773081434574,
    -0.17863312373111823,
    0.16866135086657522,
    -0.004731721215613757,
    -0.07999785843751533,
    -0.0802956718390362,
    -0.10828165165825909,
    -0.02236453584074508,
    0.08338841795521575,
    0.05840637316429703,
    0.06382860242561829,
    -0.1694808391769013,
    -0.15709621176914046,
    0.15538031742896521,
    0.09688853654566601,
    0.12288658065152061,
    0.20998040965573583,
    -0.18922400982562843,
    0.25748941157342575,
    0.1224737266361085,
    0.13519238008720702,
    0.11601893569586025,
    -0.10385293809920255,
    0.18793062887841308,
    0.18798305198618495,
    0.0993649460065706,
    -0.0715972104445934,
    -0.1731585785598159,
    0.09795639374148986,
    -0.029563641118457974,
    -0.15877119268446965,
    -0.36083741419892845,
    0.3570051077896405,
    -0.1852885920785343,
    0.012120937272365052,
    -0.011593723421091521,
    0.17804976811734005,
    0.2565574984083606,
    -0.3190935214163083,
    0.11275707707623583,
    0.3631787500669788,
    0.20886149498543352,
    -0.10299748936278944,
    -0.35801487190949954,
    0.18370539551823026,
    -0.3744902307030946,
    -0.239260601091939,
    0.007865408332523144,
    -0.019726266289721336,
    -0.026767571670742146,
    0.13401946901039738,
    0.14237928368424077,
    -0.12156310049465249,
    0.11741144932558947,
    -0.17230696128709921,
    -0.07344792508370455,
    -0.01734455959217569,
    0.011106060267130161,
    -0.10474166760042457,
    -0.07224687794067584,
    0.007665381874343688,
    -0.06934227233827155,
    -0.06412007892602987,
    0.14455113525073093,
    -0.043998728143001944,
    0.08889841379647272,
    0.10452055857458911,
    0.09720635412762778,
    -0.1085784240067824,
    -0.11115302226383632,
    0.015028986516582864,
    -0.007220416483245763,
    -0.10042976023121472,
    -0.11268168013358373,
    0.23112760299520224,
    0.13764975601759624,
    0.0022657471790042735,
    0.0737614052710153,
    0.10247573684929429,
    0.22078169253746088,
    -0.27734429612682976,
    0.3233052097796518,
    0.09660883334970313,
    0.15286178833628714,
    -0.22275822375484133,
    -0.16960545016440756,
    0.3083404689722636,
    -0.05345731968690243,
    -0.24780015110060574,
    -0.3723946370469725,
    0.2316157580070912,
    0.1889363162824546,
    -0.24211807592665918,
    0.29140856954282934,
    0.2158686492480524,
    0.1154988462323877,
    -0.2762974454146409,
    0.2299695438639937,
    0.32040473321973817,
    0.01159072878386945,
    -0.29213853292500286,
    -0.302175761489709,
    0.40513748713038455,
    0.020210722993129426,
    -0.5586492773946881,
    -0.400901925120247,
    0.29308641458248125,
    0.35001071730156147,
    -0.07389672927318303,
    0.30410303486442036,
    0.18153647432844183,
    0.08843895901120884,
    -0.001105774546975093,
    -0.020095794460519383,
    0.0017552546089036017,
    0.12745760509101106,
    -0.09014413693567735,
    -0.10239272781381537,
    -0.006652210021038107,
    -0.006656995155514676,
    -0.08144586293391828,
    -0.08794565088883498,
    0.03776591600424441,
    0.1337835134332041,
    0.07129918729459088,
    0.06851211109663922,
    0.12457373766175497,
    -0.1356741796632085,
    -0.2189666326503923,
    -0.029133831537749753,
    0.14055968108329592,
    0.028641997320129724,
    0.025615429696877724,
    -0.03573329772830357,
    0.017090581319066107,
    -0.05228691996763868,
    -0.12445149469654546,
    0.0724618191012567,
    -0.10811449154212785,
    0.08294491237237656,
    -0.020000169993041918,
    0.03802928078742384,
    0.13630692773277348,
    -0.07156030263038643,
    0.1627543507432172,
    0.2367876392911312,
    -0.44436004761879294,
    -0.26701335748702004,
    0.10931970992653137,
    -0.1259343315890872,
    0.15908630235946514,
    -0.03342796555372579,
    -0.02442080308119301,
    0.2146149776894229,
    -0.16218918078724237,
    0.1907923789731583,
    -0.16241849665750377,
    -0.27084306516986656,
    0.29711981220606276,
    0.061540779497909974,
    -0.095309020404171,
    0.4011444365859096,
    -0.48294080803214917,
    0.31850459005139375,
    -0.1794283976544673,
    -0.07306389849414564,
    0.041471303266434986,
    -0.3236892790387529,
    0.2797830175563571,
    0.034120693917893546,
    -0.08406363374446017,
    -0.20627566197702604,
    0.29480463004486374,
    -0.12991330235565235,
    0.2829704386472808,
    -0.0002927450800564776,
    -0.17516730551732937
  ],
  "evaluation": {
    "avg_reward": 0.623125,
    "std_reward": 0.7334313085592952,
    "success_rate": 0.5625,
    "avg_length": 6.5
  },
  "summary_metrics": {
    "convergence_episode": null,
    "convergence_runtime_sec": 0.0462495997780934,
    "final_avg_reward": -0.21000000000000005,
    "final_success_rate": 0.0,
    "reward_auc": 0.10789473684210521,
    "success_auc": 0.21052631578947367,
    "grad_norm_final": 0.9503372515062887,
    "total_runtime_sec": 0.04794209997635335
  }
}