{
  "seed": 21,
  "name": "tabular_reinforce",
  "episode_rewards": [
    -0.21000000000000005,
    -0.4100000000000001,
    0.08999999999999997,
    1.2,
    1.19,
    -0.31000000000000005,
    -0.66,
    -0.6100000000000001,
    0.18999999999999997,
    -0.21000000000000002,
    -0.7100000000000002,
    0.08999999999999997,
    -0.36000000000000004,
    1.3,
    0.08999999999999997,
    1.23,
    1.19,
    -0.010000000000000037,
    -0.31000000000000005,
    0.08999999999999997
  ],
  "episode_success": [
    false,
    false,
    false,
    true,
    true,
    false,
    false,
    false,
    false,
    false,
    false,
    false,
    false,
    true,
    false,
    true,
    true,
    false,
    false,
    false
  ],
  "episode_lengths": [
    8,
    8,
    8,
    5,
    8,
    8,
    8,
    8,
    8,
    8,
    8,
    8,
    8,
    5,
    8,
    6,
    8,
    8,
    8,
    8
  ],
  "episode_runtime_sec": [
    0.0022954000160098076,
    0.0017822000081650913,
    0.002022499975282699,
    0.0012562000192701817,
    0.0017303000204265118,
    0.0018102999893017113,
    0.001999499974772334,
    0.0021154999849386513,
    0.0018399999826215208,
    0.0018970000091940165,
    0.002058100013528019,
    0.0017068999586626887,
    0.0016921000205911696,
    0.0015981000033207238,
    0.0019539999775588512,
    0.0014255999703891575,
    0.0017736000008881092,
    0.002441000018734485,
    0.001886499987449497,
    0.0017840999644249678
  ],
  "loss_history": [
    -1.2133441006889283,
    -0.6456579588543259,
    0.5131182304006139,
    3.7094256596890185,
    5.105253274250016,
    -1.3902838121974463,
    -3.391783781235727,
    -0.6901628987665204,
    0.19758251494555532,
    -0.7185608398707916,
    -1.7962709373991166,
    -0.34963711865847114,
    -1.4573567715523115,
    2.6598436450184826,
    -0.31163437289186197,
    3.0669059440026,
    3.34907346052361,
    -1.5489487918965217,
    -1.9980224294791873,
    -1.1706998255636198
  ],
  "grad_norm_history": [
    0.3860007950815677,
    0.4058448474411789,
    0.321762402334812,
    1.344296195834291,
    2.183060296491584,
    0.4498462157751969,
    1.1048592243217263,
    0.6091009511990065,
    0.22059052940474042,
    0.31938920973433355,
    1.2771814474056646,
    0.3167139104526147,
    1.0472564558664514,
    1.3750377230630624,
    0.16699173860272123,
    1.2466540796940162,
    1.3921100422184765,
    0.6281249841643811,
    0.4920641366109391,
    0.5926626052554104
  ],
  "total_runtime_sec": 0.038777199981268495,
  "final_parameters": [
    [
      0.01793867040019571,
      0.07553386540717287
    ],
    [
      0.3912407254979112,
      -0.3962266119301829
    ],
    [
      0.4256368541308837,
      -0.4680016439574482
    ],
    [
      -0.0401478359195181,
      -0.054140825829129546
    ],
    [
      -0.44040839594395687,
      0.4709203370011922
    ],
    [
      -0.3743871193696093,
      0.4355046071645669
    ],
    [
      -0.46919369387292365,
      0.3059051683999028
    ],
    [
      0.07769015871448261,
      0.048444268272833005
    ]
  ],
  "evaluation": {
    "avg_reward": 0.573125,
    "std_reward": 0.6727250436656866,
    "success_rate": 0.5,
    "avg_length": 6.8125
  },
  "summary_metrics": {
    "convergence_episode": null,
    "convergence_runtime_sec": 0.037068899895530194,
    "final_avg_reward": 0.23999999999999996,
    "final_success_rate": 0.25,
    "reward_auc": 0.15368421052631573,
    "success_auc": 0.2631578947368421,
    "grad_norm_final": 0.7762404420623018,
    "total_runtime_sec": 0.038777199981268495
  }
}