{
  "seed": 7,
  "mode": "ideal",
  "episode_rewards": [
    0.13,
    0.23,
    1.3,
    0.02999999999999997,
    1.27,
    -0.17000000000000004,
    -0.07000000000000003,
    1.27,
    1.23,
    1.03,
    1.27,
    0.23,
    1.23,
    1.23,
    0.12999999999999998,
    1.3,
    1.2,
    0.12999999999999998,
    0.12999999999999998,
    1.27
  ],
  "episode_success": [
    false,
    false,
    true,
    false,
    true,
    false,
    false,
    true,
    true,
    true,
    true,
    false,
    true,
    true,
    false,
    true,
    true,
    false,
    false,
    true
  ],
  "episode_lengths": [
    6,
    6,
    5,
    6,
    4,
    6,
    6,
    4,
    6,
    6,
    4,
    6,
    6,
    6,
    6,
    5,
    5,
    6,
    6,
    4
  ],
  "episode_runtime_sec": [
    1.4235867999959737,
    0.255093100015074,
    0.11209579999558628,
    0.20112719997996464,
    0.09545770002296194,
    0.18374169996241108,
    0.1266825000056997,
    0.14325899997493252,
    0.12501399999018759,
    0.19197799998801202,
    0.08607269998174161,
    0.17759609996574,
    0.12380060000577942,
    0.17865279997931793,
    0.13806420000037178,
    0.14939099998446181,
    0.10210640000877902,
    0.19043139996938407,
    0.11796230002073571,
    0.1352638999815099
  ],
  "parameter_history": [
    [
      -0.014876982128465777,
      0.04487453323259962,
      -0.04241376987835933,
      -0.10405916832224513,
      -0.030467112315242476,
      -0.0841646796158503
    ],
    [
      -0.014876982128465777,
      0.04487453323259962,
      -0.04241376987835933,
      -0.10405916832224513,
      -0.030467112315242476,
      -0.0841646796158503
    ],
    [
      -0.02838296128690818,
      0.040262493340975994,
      -0.05681985250341618,
      -0.09505317724567697,
      -0.03963972290042751,
      -0.08757035704272877
    ],
    [
      -0.02838296128690818,
      0.040262493340975994,
      -0.05681985250341618,
      -0.09505317724567697,
      -0.03963972290042751,
      -0.08757035704272877
    ],
    [
      -0.040372213135214094,
      0.030109273181487956,
      -0.06232116509550589,
      -0.08458050602678388,
      -0.04063072871370704,
      -0.07918960898663785
    ],
    [
      -0.040372213135214094,
      0.030109273181487956,
      -0.06232116509550589,
      -0.08458050602678388,
      -0.04063072871370704,
      -0.07918960898663785
    ],
    [
      -0.04060788373645504,
      0.026766997156288268,
      -0.05996828764613304,
      -0.0803742213414704,
      -0.03928085719520709,
      -0.07869196769294368
    ],
    [
      -0.04060788373645504,
      0.026766997156288268,
      -0.05996828764613304,
      -0.0803742213414704,
      -0.03928085719520709,
      -0.07869196769294368
    ],
    [
      -0.03800231617447006,
      0.022409315939454374,
      -0.06241706392730053,
      -0.07754662359978959,
      -0.03504612415552787,
      -0.08032342285215682
    ],
    [
      -0.03800231617447006,
      0.022409315939454374,
      -0.06241706392730053,
      -0.07754662359978959,
      -0.03504612415552787,
      -0.08032342285215682
    ],
    [
      -0.036171172517023134,
      0.020263861311181214,
      -0.06295242082425571,
      -0.07710369138287022,
      -0.03313063696253386,
      -0.08177917394899609
    ],
    [
      -0.036171172517023134,
      0.020263861311181214,
      -0.06295242082425571,
      -0.07710369138287022,
      -0.03313063696253386,
      -0.08177917394899609
    ],
    [
      -0.034570708348400196,
      0.019973722079833518,
      -0.06475677952136527,
      -0.07777541459816574,
      -0.0306140662143354,
      -0.08391589305045344
    ],
    [
      -0.034570708348400196,
      0.019973722079833518,
      -0.06475677952136527,
      -0.07777541459816574,
      -0.0306140662143354,
      -0.08391589305045344
    ],
    [
      -0.033721819973618235,
      0.01920027574350098,
      -0.06533006464439038,
      -0.07736224078008687,
      -0.029851856599465154,
      -0.0839162002338282
    ],
    [
      -0.033721819973618235,
      0.01920027574350098,
      -0.06533006464439038,
      -0.07736224078008687,
      -0.029851856599465154,
      -0.0839162002338282
    ],
    [
      -0.032489328475216704,
      0.01829088258702643,
      -0.06567949019655643,
      -0.07754068492164513,
      -0.029223701066459735,
      -0.08463799888254843
    ],
    [
      -0.032489328475216704,
      0.01829088258702643,
      -0.06567949019655643,
      -0.07754068492164513,
      -0.029223701066459735,
      -0.08463799888254843
    ],
    [
      -0.03217167549092159,
      0.01857152931155226,
      -0.06541389900857518,
      -0.07817981926105443,
      -0.029029196039797877,
      -0.08564937562961662
    ],
    [
      -0.03217167549092159,
      0.01857152931155226,
      -0.06541389900857518,
      -0.07817981926105443,
      -0.029029196039797877,
      -0.08564937562961662
    ]
  ],
  "loss_history": [
    -0.17484735890166417,
    0.02992755105699282,
    1.0435928005603436,
    -0.4908416016897934,
    0.46058284820766954,
    -0.9286472258191836,
    -0.35379691715215994,
    0.43496483262690816,
    1.484855674169416,
    1.356416616132206,
    0.32134688521091664,
    -0.5835218488654892,
    1.4688156754327224,
    1.0089772778956474,
    -1.4611320489553095,
    0.5924275620957277,
    0.3476360178991675,
    -1.638720044042851,
    -2.061425653865972,
    0.27649423478071733
  ],
  "grad_norm_history": [
    0.06160939259841664,
    0.06160939259841664,
    0.06472496086999721,
    0.06472496086999721,
    0.4251102437188812,
    0.4251102437188812,
    0.25858164974357895,
    0.25858164974357895,
    0.3462138788185667,
    0.3462138788185667,
    0.25628566534833486,
    0.25628566534833486,
    0.3020957186313572,
    0.3020957186313572,
    0.4136731818117067,
    0.4136731818117067,
    0.7092719418466247,
    0.7092719418466247,
    1.2563996818872658,
    1.2563996818872658
  ],
  "applied_grad_norm_history": [
    0.06160939259841664,
    0.06160939259841664,
    0.06472496086999721,
    0.06472496086999721,
    0.4251102437188812,
    0.4251102437188812,
    0.25858164974357895,
    0.25858164974357895,
    0.3462138788185667,
    0.3462138788185667,
    0.25628566534833486,
    0.25628566534833486,
    0.3020957186313572,
    0.3020957186313572,
    0.4136731818117067,
    0.4136731818117067,
    0.7092719418466247,
    0.7092719418466247,
    0.7499994030566755,
    0.7499994030566755
  ],
  "update_norm_history": [
    0.03674230034460375,
    0.03674230034460375,
    0.024249967021519776,
    0.024249967021519776,
    0.021400709163148846,
    0.021400709163148846,
    0.006043592704694028,
    0.006043592704694028,
    0.007769478233797698,
    0.007769478233797698,
    0.003771890912335907,
    0.003771890912335907,
    0.0041534666922506645,
    0.0041534666922506645,
    0.0015489230889932034,
    0.0015489230889932034,
    0.001848119151401629,
    0.001848119151401629,
    0.001311263709278604,
    0.001311263709278604
  ],
  "learning_rate_history": [
    0.015,
    0.015,
    0.015,
    0.015,
    0.0075,
    0.0075,
    0.0075,
    0.0075,
    0.00375,
    0.00375,
    0.00375,
    0.00375,
    0.002,
    0.002,
    0.002,
    0.002,
    0.002,
    0.002,
    0.002,
    0.002
  ],
  "validation_reward_history": [
    1.27,
    1.27,
    0.615,
    0.615,
    0.7,
    0.7,
    0.765,
    0.765,
    1.23,
    1.23,
    0.7,
    0.7,
    0.75,
    0.75,
    1.27,
    1.27,
    0.6799999999999999,
    0.6799999999999999,
    0.5,
    0.5
  ],
  "validation_success_history": [
    1.0,
    1.0,
    0.5,
    0.5,
    0.5,
    0.5,
    0.5,
    0.5,
    1.0,
    1.0,
    0.5,
    0.5,
    0.5,
    0.5,
    1.0,
    1.0,
    0.5,
    0.5,
    0.5,
    0.5
  ],