{
  "model": "Classical RBF SVM",
  "train_n": 20,
  "best_params": null,
  "best_cv_score": null,
  "train_time": 0.0016298294067382812,
  "metrics": {
    "accuracy": 0.7254788160185722,
    "precision": 0.7067708333333333,
    "recall": 0.7798850574712644,
    "f1_score": 0.7415300546448087
  },
  "kta": 0.17356601276498182,
  "confusion_matrix": [
    [
      1143,
      563
    ],
    [
      383,
      1357
    ]
  ],
  "classification_report": "              precision    recall  f1-score   support\n\n           4       0.75      0.67      0.71      1706\n           9       0.71      0.78      0.74      1740\n\n    accuracy                           0.73      3446\n   macro avg       0.73      0.72      0.72      3446\nweighted avg       0.73      0.73      0.72      3446\n"
}