{
  "config_path": "config\\experiment_config.yaml",
  "dataset": {
    "source": "openml_mnist_784",
    "digits": [
      4,
      9
    ],
    "train_samples_total": 10336,
    "test_samples_total": 3446,
    "train_samples_used_per_model": 20,
    "pca_components": 6,
    "reps": 1
  },
  "classical": {
    "train_info": {
      "params": {
        "C": 1.0,
        "gamma": "scale",
        "kernel": "rbf"
      },
      "train_time": 0.0016298294067382812
    },
    "metrics": {
      "accuracy": 0.7254788160185722,
      "precision": 0.7067708333333333,
      "recall": 0.7798850574712644,
      "f1_score": 0.7415300546448087
    },
    "kta": 0.17356601276498182
  },
  "quantum_exact": {
    "train_info": {
      "train_time": 2.7758560180664062,
      "params": {
        "C": 1.0
      }
    },
    "metrics": {
      "accuracy": 0.6607661056297156,
      "precision": 0.6714714714714715,
      "recall": 0.6425287356321839,
      "f1_score": 0.6566813509544787
    },
    "kta": 0.17630122976802998,
    "kernel_properties": {
      "shape": [
        20,
        20
      ],
      "is_symmetric": true,
      "is_positive_semidefinite": true,
      "min_eigenvalue": 0.13438373274143503,
      "max_eigenvalue": 3.554447193206707,
      "condition_number": 26.449981115242167,
      "diagonal_mean": 1.0,
      "off_diagonal_mean": 0.11692023026315806,
      "off_diagonal_std": 0.12270316563353195
    }
  },
  "pegasos": {
    "train_info": {
      "train_time": 0.2188396453857422,
      "n_support_vectors": null,
      "params": {
        "lambda_param": 0.001,
        "max_iter": 1500,
        "batch_size": 32
      }
    },
    "metrics": {
      "accuracy": 0.75,
      "precision": 0.7272727272727273,
      "recall": 0.8,
      "f1_score": 0.7619047619047619
    },
    "kta": 0.17630122976802998,
    "prediction_distribution": {
      "4": 9,
      "9": 11
    }
  },
  "noise": null
}