{
  "model": "Classical RBF SVM",
  "best_params": null,
  "best_cv_score": null,
  "train_time": 1.0155670642852783,
  "metrics": {
    "accuracy": 0.9419616947185142,
    "precision": 0.9360135900339751,
    "recall": 0.95,
    "f1_score": 0.9429549343981746
  },
  "confusion_matrix": [
    [
      1593,
      113
    ],
    [
      87,
      1653
    ]
  ],
  "classification_report": "              precision    recall  f1-score   support\n\n           4       0.95      0.93      0.94      1706\n           9       0.94      0.95      0.94      1740\n\n    accuracy                           0.94      3446\n   macro avg       0.94      0.94      0.94      3446\nweighted avg       0.94      0.94      0.94      3446\n"
}