Model,accuracy,precision,recall,f1_score,train_time
Classical RBF SVM,0.9419616947185142,0.9360135900339751,0.95,0.9429549343981746,1.0155670642852783
Exact QSVC,0.700232153221126,0.6591625393966681,0.8413793103448276,0.7392072708911891,9.897406816482544
Pegasos QSVC,0.7666666666666667,0.7222222222222222,0.8666666666666667,0.7878787878787878,0.20171236991882324
