{
  "model": "Classical RBF SVM",
  "best_params": null,
  "best_cv_score": null,
  "train_time": 4.382478713989258,
  "metrics": {
    "accuracy": 0.7605919907138712,
    "precision": 0.7808471454880295,
    "recall": 0.7310344827586207,
    "f1_score": 0.755120213713268
  },
  "confusion_matrix": [
    [
      1349,
      357
    ],
    [
      468,
      1272
    ]
  ],
  "classification_report": "              precision    recall  f1-score   support\n\n           4       0.74      0.79      0.77      1706\n           9       0.78      0.73      0.76      1740\n\n    accuracy                           0.76      3446\n   macro avg       0.76      0.76      0.76      3446\nweighted avg       0.76      0.76      0.76      3446\n"
}