{
  "ablation_stats": [
    {
      "dimension": 4,
      "classical_mean_f1": 0.7633289100076489,
      "classical_std_f1": 0.006914231737449129,
      "quantum_mean_f1": 0.7365079365079366,
      "quantum_std_f1": 0.054617938203445286,
      "significance": {
        "paired_t_test_p_value": 0.5367614958346127,
        "wilcoxon_p_value": 0.75,
        "t_statistic": 0.7392160890726169,
        "w_statistic": 2.0,
        "significant_advantage": false
      }
    },
    {
      "dimension": 6,
      "classical_mean_f1": 0.8598490779063078,
      "classical_std_f1": 0.006246171194515676,
      "quantum_mean_f1": 0.7329721362229101,
      "quantum_std_f1": 0.03499844467492135,
      "significance": {
        "paired_t_test_p_value": 0.04817368405101988,
        "wilcoxon_p_value": 0.25,
        "t_statistic": 4.38982483542057,
        "w_statistic": 0.0,
        "significant_advantage": true
      }
    },
    {
      "dimension": 8,
      "classical_mean_f1": 0.942496941203015,
      "classical_std_f1": 0.0032215010472543327,
      "quantum_mean_f1": 0.7727758352758353,
      "quantum_std_f1": 0.040050473300412205,
      "significance": {
        "paired_t_test_p_value": 0.030721952688702512,
        "wilcoxon_p_value": 0.25,
        "t_statistic": 5.572953851412302,
        "w_statistic": 0.0,
        "significant_advantage": true
      }
    }
  ]
}