{
  "seed": 7,
  "mode": "ideal",
  "episode_rewards": [
    0.23,
    0.23,
    1.3,
    1.23,
    1.27,
    -0.07000000000000003,
    0.23,
    1.27,
    1.23,
    -0.07000000000000003,
    1.27,
    0.23,
    1.23,
    1.23,
    1.23,
    1.3,
    1.23,
    0.12999999999999998,
    1.03,
    1.3
  ],
  "episode_success": [
    false,
    false,
    true,
    true,
    true,
    false,
    false,
    true,
    true,
    false,
    true,
    false,
    true,
    true,
    true,
    true,
    true,
    false,
    true,
    true
  ],
  "episode_lengths": [
    6,
    6,
    5,
    6,
    4,
    6,
    6,
    4,
    6,
    6,
    4,
    6,
    6,
    6,
    6,
    5,
    6,
    6,
    6,
    5
  ],
  "episode_runtime_sec": [
    1.2350080999895,
    0.2679653000086546,
    0.10866090003401041,
    0.33601219998672605,
    0.09601959999417886,
    0.19374739995691925,
    0.13257350004278123,
    0.1520312000066042,
    0.13586340000620112,
    0.18960990000050515,
    0.09235549997538328,
    0.19432559999404475,
    0.12063650001073256,
    0.17376239999430254,
    0.12188699998660013,
    0.15088239999022335,
    0.12451180000789464,
    0.18931650003651157,
    0.141656200052239,
    0.162760800041724
  ],
  "parameter_history": [
    [
      -0.019876982722473846,
      0.049874518668735116,
      -0.04741376466111964,
      -0.06905919271215566,
      -0.02546712976991578,
      -0.0791646804411309
    ],
    [
      -0.019876982722473846,
      0.049874518668735116,
      -0.04741376466111964,
      -0.06905919271215566,
      -0.02546712976991578,
      -0.0791646804411309
    ],
    [
      -0.0388393873242925,
      0.037266108484799346,
      -0.06321506231218915,
      -0.052978176102331055,
      -0.010053897541603312,
      -0.06271836602199712
    ],
    [
      -0.0388393873242925,
      0.037266108484799346,
      -0.06321506231218915,
      -0.052978176102331055,
      -0.010053897541603312,
      -0.06271836602199712
    ],
    [
      -0.0554452586357114,
      0.02518513549991376,
      -0.0753171715670046,
      -0.04055529082771403,
      0.004754658510636611,
      -0.053478078789562976
    ],
    [
      -0.0554452586357114,
      0.02518513549991376,
      -0.0753171715670046,
      -0.04055529082771403,
      0.004754658510636611,
      -0.053478078789562976
    ],
    [
      -0.057565786728997245,
      0.020448458100919602,
      -0.07909444675673297,
      -0.038341599473923856,
      0.01120491200779172,
      -0.05222397815232125
    ],
    [
      -0.057565786728997245,
      0.020448458100919602,
      -0.07909444675673297,
      -0.038341599473923856,
      0.01120491200779172,
      -0.05222397815232125
    ],
    [
      -0.06185427188382278,
      0.01397210027367463,
      -0.08513593329100581,
      -0.033743397223206205,
      0.018915730265749,
      -0.04952049082060926
    ],
    [
      -0.06185427188382278,
      0.01397210027367463,
      -0.08513593329100581,
      -0.033743397223206205,
      0.018915730265749,
      -0.04952049082060926
    ],
    [
      -0.06240734368866917,
      0.007628407885560547,
      -0.08951183290520694,
      -0.03209359259909504,
      0.025749378840882332,
      -0.04915849530349141
    ],
    [
      -0.06240734368866917,
      0.007628407885560547,
      -0.08951183290520694,
      -0.03209359259909504,
      0.025749378840882332,
      -0.04915849530349141
    ],
    [
      -0.06239042333815651,
      0.006842596640191457,
      -0.09254271567095983,
      -0.03312590775502825,
      0.02966265206797388,
      -0.050395505601486465
    ],
    [
      -0.06239042333815651,
      0.006842596640191457,
      -0.09254271567095983,
      -0.03312590775502825,
      0.02966265206797388,
      -0.050395505601486465
    ],
    [
      -0.06259557414490945,
      0.005330084851235937,
      -0.0958448130108147,
      -0.03349897332010235,
      0.033579099655408895,
      -0.050859515826724884
    ],
    [
      -0.06259557414490945,
      0.005330084851235937,
      -0.0958448130108147,
      -0.03349897332010235,
      0.033579099655408895,
      -0.050859515826724884
    ],
    [
      -0.061644221369044246,
      0.005264329610610682,
      -0.09764475898205145,
      -0.032840401371999374,
      0.0356889910160677,
      -0.050897821464853554
    ],
    [
      -0.061644221369044246,
      0.005264329610610682,
      -0.09764475898205145,
      -0.032840401371999374,
      0.0356889910160677,
      -0.050897821464853554
    ],
    [
      -0.060594189698955,
      0.004970977072551109,
      -0.09932795082905929,
      -0.032533570564890216,
      0.03760417233592309,
      -0.051303632290666874
    ],
    [
      -0.060594189698955,
      0.004970977072551109,
      -0.09932795082905929,
      -0.032533570564890216,
      0.03760417233592309,
      -0.051303632290666874
    ]
  ],
  "loss_history": [
    0.014804511620222949,
    0.010962364004804128,
    1.0180104700523336,
    1.6466646459832137,
    0.436093176297101,
    -0.9115735573804485,
    -0.34741964858230484,
    0.42631274136468844,
    1.2952842442709216,
    -1.1976308618050342,
    0.3565346375367773,
    -0.4936776644802347,
    1.6289068647623532,
    1.0988208916893654,
    0.9867748723830596,
    0.518223924833081,
    1.0676353711334305,
    -2.8288372550326044,
    0.7832809640752059,
    0.43273913019870536
  ],
  "grad_norm_history": [
    0.10641787671697224,
    0.10641787671697224,
    0.3833242890549248,
    0.3833242890549248,
    0.05449958889780792,
    0.05449958889780792,
    0.22304810620358778,
    0.22304810620358778,
    0.3055880075711163,
    0.3055880075711163,
    0.26008687834333294,
    0.26008687834333294,
    0.3384516298670003,
    0.3384516298670003,
    0.13636246890021295,
    0.13636246890021295,
    0.8020803972983234,
    0.8020803972983234,
    0.19579936185505628,
    0.19579936185505628
  ],
  "applied_grad_norm_history": [
    0.10641787671697224,
    0.10641787671697224,
    0.3833242890549248,
    0.3833242890549248,
    0.05449958889780792,
    0.05449958889780792,
    0.22304810620358778,
    0.22304810620358778,
    0.3055880075711163,
    0.3055880075711163,
    0.26008687834333294,
    0.26008687834333294,
    0.3384516298670003,
    0.3384516298670003,
    0.13636246890021295,
    0.13636246890021295,
    0.7499990649328079,
    0.7499990649328079,
    0.19579936185505628,
    0.19579936185505628
  ],
  "update_norm_history": [
    0.04898973650489524,
    0.04898973650489524,
    0.03917746653383161,
    0.03917746653383161,
    0.03204949668442461,
    0.03204949668442461,
    0.00944878447374218,
    0.00944878447374218,
    0.013592016078270206,
    0.013592016078270206,
    0.010452199188231726,
    0.010452199188231726,
    0.005264371981512573,
    0.005264371981512573,
    0.005378352044745009,
    0.005378352044745009,
    0.0030059985431983806,
    0.0030059985431983806,
    0.0028193091480133332,
    0.0028193091480133332
  ],
  "learning_rate_history": [
    0.02,
    0.02,
    0.02,
    0.02,
    0.01,
    0.01,
    0.01,
    0.01,
    0.01,
    0.01,
    0.005,
    0.005,
    0.005,
    0.005,
    0.0025,
    0.0025,
    0.0025,
    0.0025,
    0.002,
    0.002
  ],
  "validation_reward_history": [
    1.27,
    1.27,
    0.615,
    0.615,
    0.7,
    0.7,
    1.3,
    1.3,
    0.7,
    0.7,
    0.02999999999999997,
    0.02999999999999997,
    0.75,
    0.75,
    1.27,
    1.27,
    0.6799999999999999,
    0.6799999999999999,
    0.5,
    0.5
  ],
  "validation_success_history": [
    1.0,
    1.0,
    0.5,
    0.5,
    0.5,
    0.5,
    1.0,
    1.0,
    0.5,
    0.5,
    0.0,
    0.0,
    0.5,
    0.5,
    1.0,
    1.0,
    0.5,
    0.5,
    0.5,
    0.5
  ],
  "optimizer_clipped_history": [
    false,
    false,
    false,
    false,
    false,
    false,
    false,
    false,
    false,
    false,
    false,
    false,
    false,
    false,
    false,
    false,
    true,
    true,
    false,
    false
  ],