{
  "seed": 7,
  "mode": "mitigated",
  "episode_rewards": [
    0.22999999999999998,
    0.13,
    1.3,
    0.12999999999999998,
    1.2,
    0.12999999999999998,
    0.12999999999999998,
    1.27,
    1.3,
    0.22999999999999998,
    1.27,
    0.23,
    0.12999999999999998,
    1.23,
    1.23,
    1.3,
    1.23,
    0.12999999999999998,
    1.03,
    1.3
  ],
  "episode_success": [
    false,
    false,
    true,
    false,
    true,
    false,
    false,
    true,
    true,
    false,
    true,
    false,
    false,
    true,
    true,
    true,
    true,
    false,
    true,
    true
  ],
  "episode_lengths": [
    6,
    6,
    5,
    6,
    5,
    6,
    6,
    4,
    5,
    6,
    4,
    6,
    6,
    6,
    6,
    5,
    6,
    6,
    6,
    5
  ],
  "episode_runtime_sec": [
    0.7499364000395872,
    1.2479488999815658,
    0.5658698999905027,
    1.0169902000343427,
    0.5379498000256717,
    1.035018199996557,
    0.6722071000258438,
    0.8559293000143953,
    0.574402199999895,
    1.360696999996435,
    0.47017300000879914,
    1.0972067000111565,
    0.6633005999610759,
    0.9542758000316098,
    0.6306313000386581,
    0.904816500027664,
    0.7033681999891996,
    1.2767285999725573,
    0.6510590999969281,
    0.8595063999528065
  ],
  "parameter_history": [
    [
      -0.019876962398400783,
      0.04987453184753204,
      -0.04741376475992601,
      -0.0690591891219299,
      -0.025467098065893812,
      -0.1191646362555979
    ],
    [
      -0.019876962398400783,
      0.04987453184753204,
      -0.04741376475992601,
      -0.0690591891219299,
      -0.025467098065893812,
      -0.1191646362555979
    ],
    [
      -0.010427553130077026,
      0.04006674599989517,
      -0.06381718289492189,
      -0.06378997912196246,
      -0.00852081900362004,
      -0.1371362167154254
    ],
    [
      -0.010427553130077026,
      0.04006674599989517,
      -0.06381718289492189,
      -0.06378997912196246,
      -0.00852081900362004,
      -0.1371362167154254
    ],
    [
      0.0028673773723291458,
      0.026581513957673907,
      -0.07356257023326673,
      -0.05041061084846557,
      0.002149886238324865,
      -0.1525631969960168
    ],
    [
      0.0028673773723291458,
      0.026581513957673907,
      -0.07356257023326673,
      -0.05041061084846557,
      0.002149886238324865,
      -0.1525631969960168
    ],
    [
      0.010619069444114468,
      0.022466550367933352,
      -0.0805828486766767,
      -0.05000731486165469,
      0.008985487445744657,
      -0.1602656504519295
    ],
    [
      0.010619069444114468,
      0.022466550367933352,
      -0.0805828486766767,
      -0.05000731486165469,
      0.008985487445744657,
      -0.1602656504519295
    ],
    [
      0.017277948218051998,
      0.0200398128390221,
      -0.08834821612872576,
      -0.04987861717594076,
      0.014164262821617849,
      -0.16844738086955058
    ],
    [
      0.017277948218051998,
      0.0200398128390221,
      -0.08834821612872576,
      -0.04987861717594076,
      0.014164262821617849,
      -0.16844738086955058
    ],
    [
      0.020930081515764278,
      0.019280787815712155,
      -0.09259225898142251,
      -0.0504660041785481,
      0.01648598018363329,
      -0.17227457557377018
    ],
    [
      0.020930081515764278,
      0.019280787815712155,
      -0.09259225898142251,
      -0.0504660041785481,
      0.01648598018363329,
      -0.17227457557377018
    ],
    [
      0.02420163830521289,
      0.01892782304632634,
      -0.09643680095285993,
      -0.04891465118608798,
      0.015631082370950542,
      -0.17544683897040866
    ],
    [
      0.02420163830521289,
      0.01892782304632634,
      -0.09643680095285993,
      -0.04891465118608798,
      0.015631082370950542,
      -0.17544683897040866
    ],
    [
      0.025458459775533338,
      0.01886612343232733,
      -0.0985275444209661,
      -0.04881381599477646,
      0.015189335067763153,
      -0.17710466072325773
    ],
    [
      0.025458459775533338,
      0.01886612343232733,
      -0.0985275444209661,
      -0.04881381599477646,
      0.015189335067763153,
      -0.17710466072325773
    ],
    [
      0.027110204891430883,
      0.01892397388007722,
      -0.1004716383088006,
      -0.04868967393703927,
      0.015518672291462109,
      -0.1788468425056963
    ],
    [
      0.027110204891430883,
      0.01892397388007722,
      -0.1004716383088006,
      -0.04868967393703927,
      0.015518672291462109,
      -0.1788468425056963
    ],
    [
      0.02857594262663509,
      0.0188319629269174,
      -0.10214702771240491,
      -0.049023598637938946,
      0.015442458049281522,
      -0.18011197676830173
    ],
    [
      0.02857594262663509,
      0.0188319629269174,
      -0.10214702771240491,
      -0.049023598637938946,
      0.015442458049281522,
      -0.18011197676830173
    ]
  ],
  "loss_history": [
    0.008241100555127619,
    -0.34013821043424813,
    1.026773146162893,
    -0.7015349122310572,
    2.643694645925304,
    -1.097666712071163,
    -0.5783288998989959,
    0.9203829433895291,
    0.8544747506013078,
    -0.7121262786477771,
    0.7468833022938532,
    -0.3983274080457833,
    -1.108746880661058,
    1.8500201525358047,
    1.2446041097713059,
    0.6540053059038168,
    1.0219049226260202,
    -2.1197121535526025,
    1.2734674457275612,
    0.5208369201687911
  ],
  "grad_norm_history": [
    0.0438492152119572,
    0.0438492152119572,
    0.11279045587633682,
    0.11279045587633682,
    0.48956168456453103,
    0.48956168456453103,
    0.30360859705935106,
    0.30360859705935106,
    0.13148927607038008,
    0.13148927607038008,
    0.23103523032636927,
    0.23103523032636927,
    0.20782248833835998,
    0.20782248833835998,
    0.1970083258730601,
    0.1970083258730601,
    0.4550732326674831,
    0.4550732326674831,
    0.3348784324068893,
    0.3348784324068893
  ],
  "applied_grad_norm_history": [
    0.0438492152119572,
    0.0438492152119572,
    0.11279045587633682,
    0.11279045587633682,
    0.48956168456453103,
    0.48956168456453103,
    0.30360859705935106,
    0.30360859705935106,
    0.13148927607038008,
    0.13148927607038008,
    0.23103523032636927,
    0.23103523032636927,
    0.20782248833835998,
    0.20782248833835998,
    0.1970083258730601,
    0.1970083258730601,
    0.4550732326674831,
    0.4550732326674831,
    0.3348784324068893,
    0.3348784324068893
  ],
  "update_norm_history": [
    0.04898975036295679,
    0.04898975036295679,
    0.03305260621447527,
    0.03305260621447527,
    0.03137582510479709,
    0.03137582510479709,
    0.01524866700744805,
    0.01524866700744805,
    0.014293622470887132,
    0.014293622470887132,
    0.007232489934297757,
    0.007232489934297757,
    0.006229684772133809,
    0.006229684772133809,
    0.002984676980839703,
    0.002984676980839703,
    0.0031096915067873663,
    0.0031096915067873663,
    0.0025848910608791374,
    0.0025848910608791374
  ],
  "learning_rate_history": [
    0.02,
    0.02,
    0.02,
    0.02,
    0.01,
    0.01,
    0.01,
    0.01,
    0.005,
    0.005,
    0.005,
    0.005,
    0.0025,
    0.0025,
    0.0025,
    0.0025,
    0.002,
    0.002,
    0.002,
    0.002
  ],
  "validation_reward_history": [
    1.27,
    1.27,
    1.2650000000000001,
    1.2650000000000001,
    0.7,
    0.7,
    0.765,
    0.765,
    0.7,
    0.7,
    -0.02000000000000003,
    -0.02000000000000003,
    0.75,
    0.75,
    1.27,
    1.27,
    0.6799999999999999,
    0.6799999999999999,
    0.45,
    0.45
  ],
  "validation_success_history": [
    1.0,
    1.0,
    1.0,
    1.0,
    0.5,
    0.5,
    0.5,
    0.5,
    0.5,
    0.5,
    0.0,
    0.0,
    0.5,
    0.5,
    1.0,
    1.0,
    0.5,
    0.5,
    0.5,
    0.5
  ],