{
  "seed": 7,
  "mode": "noisy",
  "episode_rewards": [
    0.22999999999999998,
    0.13,
    1.3,
    0.12999999999999998,
    1.2,
    0.12999999999999998,
    0.12999999999999998,
    1.27,
    1.23,
    0.12999999999999998,
    1.27,
    0.12999999999999998,
    0.12999999999999998,
    1.03,
    1.3,
    0.22999999999999998,
    1.3,
    0.02999999999999997,
    -0.07000000000000003,
    1.3
  ],
  "episode_success": [
    false,
    false,
    true,
    false,
    true,
    false,
    false,
    true,
    true,
    false,
    true,
    false,
    false,
    true,
    true,
    false,
    true,
    false,
    false,
    true
  ],
  "episode_lengths": [
    6,
    6,
    5,
    6,
    5,
    6,
    6,
    4,
    6,
    6,
    4,
    6,
    6,
    6,
    5,
    6,
    5,
    6,
    6,
    5
  ],
  "episode_runtime_sec": [
    0.3041652999818325,
    0.3042047999915667,
    0.19686750002438203,
    0.367189199954737,
    0.1681205999921076,
    0.5272572000394575,
    0.21432510000886396,
    0.3043941999785602,
    0.22885320003842935,
    0.3197031000163406,
    0.14344610000262037,
    0.3515112999593839,
    0.19646810000995174,
    0.3151019000215456,
    0.17566350003471598,
    0.41506259999005124,
    0.1890123999910429,
    0.35603759996593,
    0.2167403000057675,
    0.30716589995427057
  ],
  "parameter_history": [
    [
      0.02012301154216901,
      0.009874559355195503,
      -0.047413779780130776,
      -0.0690591886806527,
      -0.02546708634951543,
      -0.07916468984409164
    ],
    [
      0.02012301154216901,
      0.009874559355195503,
      -0.047413779780130776,
      -0.0690591886806527,
      -0.02546708634951543,
      -0.07916468984409164
    ],
    [
      0.014804602611930208,
      0.001871051298107709,
      -0.06734307078265352,
      -0.06070736949963346,
      -0.006292187035547542,
      -0.09228602569655614
    ],
    [
      0.014804602611930208,
      0.001871051298107709,
      -0.06734307078265352,
      -0.06070736949963346,
      -0.006292187035547542,
      -0.09228602569655614
    ],
    [
      0.024858657039601058,
      0.0038522331471408963,
      -0.07996178817035281,
      -0.04764077803899329,
      0.01205219134693693,
      -0.10802818831941066
    ],
    [
      0.024858657039601058,
      0.0038522331471408963,
      -0.07996178817035281,
      -0.04764077803899329,
      0.01205219134693693,
      -0.10802818831941066
    ],
    [
      0.03167176388134443,
      0.006818427452630154,
      -0.08766775441958705,
      -0.04851111608172425,
      0.02047624011218498,
      -0.11659939398282905
    ],
    [
      0.03167176388134443,
      0.006818427452630154,
      -0.08766775441958705,
      -0.04851111608172425,
      0.02047624011218498,
      -0.11659939398282905
    ],
    [
      0.03792656200785344,
      0.0063868752671871806,
      -0.09537117385057658,
      -0.052264345640014774,
      0.027150434326317294,
      -0.12508512904866875
    ],
    [
      0.03792656200785344,
      0.0063868752671871806,
      -0.09537117385057658,
      -0.052264345640014774,
      0.027150434326317294,
      -0.12508512904866875
    ],
    [
      0.04167893120816671,
      0.007586682374525155,
      -0.09926477878696499,
      -0.05257308681037629,
      0.03050869185126023,
      -0.12953111818747304
    ],
    [
      0.04167893120816671,
      0.007586682374525155,
      -0.09926477878696499,
      -0.05257308681037629,
      0.03050869185126023,
      -0.12953111818747304
    ],
    [
      0.04581440197613116,
      0.009341303096816068,
      -0.1034813160966997,
      -0.05420754865729427,
      0.03131161622286199,
      -0.13415984265879727
    ],
    [
      0.04581440197613116,
      0.009341303096816068,
      -0.1034813160966997,
      -0.05420754865729427,
      0.03131161622286199,
      -0.13415984265879727
    ],
    [
      0.046993726335239606,
      0.01051335061584288,
      -0.10508637864845453,
      -0.0553923743076362,
      0.03152048228271929,
      -0.13635044260767173
    ],
    [
      0.046993726335239606,
      0.01051335061584288,
      -0.10508637864845453,
      -0.0553923743076362,
      0.03152048228271929,
      -0.13635044260767173
    ],
    [
      0.04828145464877163,
      0.011720409735522002,
      -0.10692495034296497,
      -0.05520585760243947,
      0.032084119229521715,
      -0.13845738316909767
    ],
    [
      0.04828145464877163,
      0.011720409735522002,
      -0.10692495034296497,
      -0.05520585760243947,
      0.032084119229521715,
      -0.13845738316909767
    ],
    [
      0.04840059939186602,
      0.012029701245376362,
      -0.10829687837819787,
      -0.054853687276981415,
      0.032767760654933434,
      -0.13989507190787162
    ],
    [
      0.04840059939186602,
      0.012029701245376362,
      -0.10829687837819787,
      -0.054853687276981415,
      0.032767760654933434,
      -0.13989507190787162
    ]
  ],
  "loss_history": [
    0.500817768282161,
    -0.33200021584870276,
    1.246757852395742,
    -0.5948562087997044,
    2.5738748261509667,
    -1.032140911469071,
    -0.5796783465921426,
    0.8569806631125902,
    2.441829753786332,
    -1.1626587176393153,
    0.7098808448996065,
    -1.329164530560395,
    -1.5144517572344904,
    1.9444429789606328,
    0.8556883562325744,
    -0.8778999530457275,
    0.7972907356028949,
    -2.47405871720362,
    -1.524875544163918,
    0.8259418789831406
  ],
  "grad_norm_history": [
    0.08762862065576271,
    0.08762862065576271,
    0.12029091902977894,
    0.12029091902977894,
    0.2752660910531733,
    0.2752660910531733,
    0.23334696043870123,
    0.23334696043870123,
    0.08902684891033015,
    0.08902684891033015,
    0.3379370508630032,
    0.3379370508630032,
    0.35996055438782343,
    0.35996055438782343,
    0.24191948135986072,
    0.24191948135986072,
    0.2378401796111716,
    0.2378401796111716,
    0.4691633231311173,
    0.4691633231311173
  ],
  "applied_grad_norm_history": [
    0.08762862065576271,
    0.08762862065576271,
    0.12029091902977894,
    0.12029091902977894,
    0.2752660910531733,
    0.2752660910531733,
    0.23334696043870123,
    0.23334696043870123,
    0.08902684891033015,
    0.08902684891033015,
    0.3379370508630032,
    0.3379370508630032,
    0.35996055438782343,
    0.35996055438782343,
    0.24191948135986072,
    0.24191948135986072,
    0.2378401796111716,
    0.2378401796111716,
    0.4691633231311173,
    0.4691633231311173
  ],
  "update_norm_history": [
    0.0489897694888641,
    0.0489897694888641,
    0.03315293888207747,
    0.03315293888207747,
    0.03192661640618321,
    0.03192661640618321,
    0.016117887633365045,
    0.016117887633365045,
    0.015142348165152355,
    0.015142348165152355,
    0.007862569888237832,
    0.007862569888237832,
    0.00791841161743593,
    0.00791841161743593,
    0.0034039524254264376,
    0.0034039524254264376,
    0.0033596510863819723,
    0.0033596510863819723,
    0.002156474365255168,
    0.002156474365255168
  ],
  "learning_rate_history": [
    0.02,
    0.02,
    0.02,
    0.02,
    0.01,
    0.01,
    0.01,
    0.01,
    0.005,
    0.005,
    0.005,
    0.005,
    0.0025,
    0.0025,
    0.0025,
    0.0025,
    0.002,
    0.002,
    0.002,
    0.002
  ],
  "validation_reward_history": [
    1.25,
    1.25,
    0.02999999999999997,
    0.02999999999999997,
    0.7,
    0.7,
    0.765,
    0.765,
    0.7,
    0.7,
    -0.02000000000000003,
    -0.02000000000000003,
    0.75,
    0.75,
    0.615,
    0.615,
    0.6799999999999999,
    0.6799999999999999,
    0.5149999999999999,
    0.5149999999999999
  ],
  "validation_success_history": [
    1.0,
    1.0,
    0.0,
    0.0,
    0.5,
    0.5,
    0.5,
    0.5,
    0.5,
    0.5,
    0.0,
    0.0,
    0.5,
    0.5,
    0.5,
    0.5,
    0.5,
    0.5,
    0.5,
    0.5
  ],