{
  "seed": 7,
  "algorithm": "quantum_reinforce",
  "mode": "ideal",
  "episode_rewards": [
    0.09,
    1.03,
    1.3,
    -0.31000000000000005,
    0.08999999999999997,
    1.19,
    1.23,
    1.19,
    1.27,
    0.19,
    1.3,
    1.27,
    1.27,
    0.99,
    -0.31000000000000005,
    1.27,
    1.26,
    1.19,
    1.23,
    1.19,
    1.3,
    1.03,
    1.27,
    1.26,
    1.3,
    1.27,
    1.03,
    0.08999999999999997,
    0.99,
    0.08999999999999997,
    1.19,
    0.99,
    1.27,
    1.3,
    1.23,
    1.23,
    1.27,
    1.03,
    -0.11000000000000004,
    1.3
  ],
  "episode_success": [
    false,
    true,
    true,
    false,
    false,
    true,
    true,
    true,
    true,
    false,
    true,
    true,
    true,
    true,
    false,
    true,
    true,
    true,
    true,
    true,
    true,
    true,
    true,
    true,
    true,
    true,
    true,
    false,
    true,
    false,
    true,
    true,
    true,
    true,
    true,
    true,
    true,
    true,
    false,
    true
  ],
  "episode_lengths": [
    8,
    6,
    5,
    8,
    8,
    8,
    6,
    8,
    4,
    8,
    5,
    4,
    4,
    8,
    8,
    4,
    7,
    8,
    6,
    8,
    5,
    6,
    4,
    7,
    5,
    4,
    6,
    8,
    8,
    8,
    8,
    8,
    4,
    5,
    6,
    6,
    4,
    6,
    8,
    5
  ],
  "episode_runtime_sec": [
    1.354081800000131,
    0.12216820000139705,
    0.09886879999976372,
    0.22783009999875503,
    0.1443304000003991,
    0.14908569999897736,
    0.1143659999997908,
    0.2646138999989489,
    0.0772333000004437,
    0.14528819999941334,
    0.09745169999951031,
    0.1798549000013736,
    0.07424670000000333,
    0.15105570000014268,
    0.160625100001198,
    0.18140399999902002,
    0.13553089999913936,
    0.23676370000066527,
    0.11945410000043921,
    0.26339849999931175,
    0.09680329999901005,
    0.11488869999993767,
    0.0782705999990867,
    0.25675480000063544,
    0.09632760000022245,
    0.08012030000099912,
    0.1165034999994532,
    0.23689550000017334,
    0.16427909999947587,
    0.16026140000030864,
    0.15363310000066122,
    0.22832170000037877,
    0.08098339999924065,
    0.10285010000006878,
    0.11188359999869135,
    0.21682890000010957,
    0.07914160000109405,
    0.11114760000054957,
    0.14854279999963182,
    0.21376449999843317
  ],
  "parameter_history": [
    [
      0.020123012504425258,
      0.04987451268364565,
      -0.047413762304190754,
      -0.1090591779232196,
      -0.06546699321292314,
      -0.11916460816591026
    ],
    [
      0.020123012504425258,
      0.04987451268364565,
      -0.047413762304190754,
      -0.1090591779232196,
      -0.06546699321292314,
      -0.11916460816591026
    ],
    [
      0.020123012504425258,
      0.04987451268364565,
      -0.047413762304190754,
      -0.1090591779232196,
      -0.06546699321292314,
      -0.11916460816591026
    ],
    [
      0.020123012504425258,
      0.04987451268364565,
      -0.047413762304190754,
      -0.1090591779232196,
      -0.06546699321292314,
      -0.11916460816591026
    ],
    [
      0.011422685743754641,
      0.035843845677730295,
      -0.03350466245767063,
      -0.12455653770815349,
      -0.0657613578563406,
      -0.10520027306026408
    ],
    [
      0.011422685743754641,
      0.035843845677730295,
      -0.03350466245767063,
      -0.12455653770815349,
      -0.0657613578563406,
      -0.10520027306026408
    ],
    [
      0.011422685743754641,
      0.035843845677730295,
      -0.03350466245767063,
      -0.12455653770815349,
      -0.0657613578563406,
      -0.10520027306026408
    ],
    [
      0.011422685743754641,
      0.035843845677730295,
      -0.03350466245767063,
      -0.12455653770815349,
      -0.0657613578563406,
      -0.10520027306026408
    ],
    [
      0.01499533950487865,
      0.020488978353224517,
      -0.021274914251776494,
      -0.1377244487321103,
      -0.07841112600363175,
      -0.0954150273628898
    ],
    [
      0.01499533950487865,
      0.020488978353224517,
      -0.021274914251776494,
      -0.1377244487321103,
      -0.07841112600363175,
      -0.0954150273628898
    ],
    [
      0.01499533950487865,
      0.020488978353224517,
      -0.021274914251776494,
      -0.1377244487321103,
      -0.07841112600363175,
      -0.0954150273628898
    ],
    [
      0.01499533950487865,
      0.020488978353224517,
      -0.021274914251776494,
      -0.1377244487321103,
      -0.07841112600363175,
      -0.0954150273628898
    ],
    [
      0.012509115058382276,
      0.00884899474496692,
      -0.007506288526767713,
      -0.14746733335430393,
      -0.09398180878132167,
      -0.08908761200600111
    ],
    [
      0.012509115058382276,
      0.00884899474496692,
      -0.007506288526767713,
      -0.14746733335430393,
      -0.09398180878132167,
      -0.08908761200600111
    ],
    [
      0.012509115058382276,
      0.00884899474496692,
      -0.007506288526767713,
      -0.14746733335430393,
      -0.09398180878132167,
      -0.08908761200600111
    ],
    [
      0.012509115058382276,
      0.00884899474496692,
      -0.007506288526767713,
      -0.14746733335430393,
      -0.09398180878132167,
      -0.08908761200600111
    ],
    [
      0.008333632350119923,
      0.0037907176618932987,
      -0.002405243227187161,
      -0.14892850531890311,
      -0.10227254732035099,
      -0.08324680149948815
    ],
    [
      0.008333632350119923,
      0.0037907176618932987,
      -0.002405243227187161,
      -0.14892850531890311,
      -0.10227254732035099,
      -0.08324680149948815
    ],
    [
      0.008333632350119923,
      0.0037907176618932987,
      -0.002405243227187161,
      -0.14892850531890311,
      -0.10227254732035099,
      -0.08324680149948815
    ],
    [
      0.008333632350119923,
      0.0037907176618932987,
      -0.002405243227187161,
      -0.14892850531890311,
      -0.10227254732035099,
      -0.08324680149948815
    ],
    [
      0.004709514343292488,
      -0.0009226709101050334,
      0.0019498077169468903,
      -0.1499413914925882,
      -0.10935565236034898,
      -0.07864297721938647
    ],
    [
      0.004709514343292488,
      -0.0009226709101050334,
      0.0019498077169468903,
      -0.1499413914925882,
      -0.10935565236034898,
      -0.07864297721938647
    ],
    [
      0.004709514343292488,
      -0.0009226709101050334,
      0.0019498077169468903,
      -0.1499413914925882,
      -0.10935565236034898,
      -0.07864297721938647
    ],
    [
      0.004709514343292488,
      -0.0009226709101050334,
      0.0019498077169468903,
      -0.1499413914925882,
      -0.10935565236034898,
      -0.07864297721938647
    ],
    [
      -0.00017579316168887457,
      -0.005047192260560827,
      0.004534125720041908,
      -0.15120663964531286,
      -0.11591371901697667,
      -0.07389164292777102
    ],
    [
      -0.00017579316168887457,
      -0.005047192260560827,
      0.004534125720041908,
      -0.15120663964531286,
      -0.11591371901697667,
      -0.07389164292777102
    ],
    [
      -0.00017579316168887457,
      -0.005047192260560827,
      0.004534125720041908,
      -0.15120663964531286,
      -0.11591371901697667,
      -0.07389164292777102
    ],
    [
      -0.00017579316168887457,
      -0.005047192260560827,
      0.004534125720041908,
      -0.15120663964531286,
      -0.11591371901697667,
      -0.07389164292777102
    ],
    [
      0.00020906584673489306,
      -0.007890658599182317,
      0.005800855427113893,
      -0.15184815779431057,
      -0.11972163445250578,
      -0.07279263219402156
    ],
    [
      0.00020906584673489306,
      -0.007890658599182317,
      0.005800855427113893,
      -0.15184815779431057,
      -0.11972163445250578,
      -0.07279263219402156
    ],
    [
      0.00020906584673489306,
      -0.007890658599182317,
      0.005800855427113893,
      -0.15184815779431057,
      -0.11972163445250578,
      -0.07279263219402156
    ],
    [
