{
  "seed": 7,
  "algorithm": "quantum_reinforce",
  "mode": "mitigated",
  "episode_rewards": [
    1.3,
    1.3,
    1.27,
    1.27,
    0.08999999999999997,
    0.08999999999999997,
    1.19,
    1.27,
    1.3,
    1.27,
    1.27,
    0.19,
    1.27,
    1.26,
    1.26,
    1.26,
    1.27,
    1.26,
    1.26,
    -0.21000000000000005,
    1.23,
    1.27,
    1.3,
    0.19,
    1.27,
    0.99,
    1.27,
    1.3,
    1.27,
    0.09,
    0.08999999999999997,
    -0.010000000000000037,
    1.23,
    1.3,
    1.27,
    1.27,
    1.23,
    0.18999999999999997,
    1.3,
    1.27
  ],
  "episode_success": [
    true,
    true,
    true,
    true,
    false,
    false,
    true,
    true,
    true,
    true,
    true,
    false,
    true,
    true,
    true,
    true,
    true,
    true,
    true,
    false,
    true,
    true,
    true,
    false,
    true,
    true,
    true,
    true,
    true,
    false,
    false,
    false,
    true,
    true,
    true,
    true,
    true,
    false,
    true,
    true
  ],
  "episode_lengths": [
    5,
    5,
    4,
    4,
    8,
    8,
    8,
    4,
    5,
    4,
    4,
    8,
    4,
    7,
    7,
    7,
    4,
    7,
    7,
    8,
    6,
    4,
    5,
    8,
    4,
    8,
    4,
    5,
    4,
    8,
    8,
    8,
    6,
    5,
    4,
    4,
    6,
    8,
    5,
    4
  ],
  "episode_runtime_sec": [
    17.70586270000058,
    17.756260400001338,
    14.944651500001783,
    77.71359580000353,
    25.41848889999892,
    24.997811199998978,
    25.095385700002225,
    77.90592359999937,
    17.55096609999964,
    14.976775399998587,
    14.99906220000048,
    87.06116409999959,
    15.218832099999418,
    22.72473969999919,
    22.82987570000114,
    81.85595439999815,
    14.997572800002672,
    22.79912489999697,
    22.783863600001496,
    109.73183559999961,
    20.422945099999197,
    15.095744299997023,
    17.698703199999727,
    83.72221589999754,
    15.020749700001033,
    25.306244800001878,
    15.129999300002964,
    69.43031600000177,
    15.171435300002486,
    25.367717399996764,
    26.657894200001465,
    69.96894149999935,
    20.290136300001905,
    17.807463000001007,
    15.209670600001118,
    81.8070491000035,
    20.36684249999962,
    25.620610099998885,
    17.697654100000364,
    76.32595169999695
  ],
  "parameter_history": [
    [
      0.020123015034401174,
      0.00987467817552392,
      -0.0074139694683312204,
      -0.10905918230559203,
      -0.025467108570179642,
      -0.11916465356117771
    ],
    [
      0.020123015034401174,
      0.00987467817552392,
      -0.0074139694683312204,
      -0.10905918230559203,
      -0.025467108570179642,
      -0.11916465356117771
    ],
    [
      0.020123015034401174,
      0.00987467817552392,
      -0.0074139694683312204,
      -0.10905918230559203,
      -0.025467108570179642,
      -0.11916465356117771
    ],
    [
      0.020123015034401174,
      0.00987467817552392,
      -0.0074139694683312204,
      -0.10905918230559203,
      -0.025467108570179642,
      -0.11916465356117771
    ],
    [
      0.028355094381200572,
      0.023910859206299102,
      0.007753273327034432,
      -0.10922912734490725,
      -0.03789242248215974,
      -0.12875545849254352
    ],
    [
      0.028355094381200572,
      0.023910859206299102,
      0.007753273327034432,
      -0.10922912734490725,
      -0.03789242248215974,
      -0.12875545849254352
    ],
    [
      0.028355094381200572,
      0.023910859206299102,
      0.007753273327034432,
      -0.10922912734490725,
      -0.03789242248215974,
      -0.12875545849254352
    ],
    [
      0.028355094381200572,
      0.023910859206299102,
      0.007753273327034432,
      -0.10922912734490725,
      -0.03789242248215974,
      -0.12875545849254352
    ],
    [
      0.03729078405914057,
      0.03921143797461758,
      0.011744896780042133,
      -0.11265075432753063,
      -0.04809071960214393,
      -0.13983446966192073
    ],
    [
      0.03729078405914057,
      0.03921143797461758,
      0.011744896780042133,
      -0.11265075432753063,
      -0.04809071960214393,
      -0.13983446966192073
    ],
    [
      0.03729078405914057,
      0.03921143797461758,
      0.011744896780042133,
      -0.11265075432753063,
      -0.04809071960214393,
      -0.13983446966192073
    ],
    [
      0.03729078405914057,
      0.03921143797461758,
      0.011744896780042133,
      -0.11265075432753063,
      -0.04809071960214393,
      -0.13983446966192073
    ],
    [
      0.03949567897602162,
      0.05507006688583038,
      0.0029644972405712816,
      -0.12379626150076764,
      -0.05051575193069193,
      -0.14917635606397942
    ],
    [
      0.03949567897602162,
      0.05507006688583038,
      0.0029644972405712816,
      -0.12379626150076764,
      -0.05051575193069193,
      -0.14917635606397942
    ],
    [
      0.03949567897602162,
      0.05507006688583038,
      0.0029644972405712816,
      -0.12379626150076764,
      -0.05051575193069193,
      -0.14917635606397942
    ],
    [
      0.03949567897602162,
      0.05507006688583038,
      0.0029644972405712816,
      -0.12379626150076764,
      -0.05051575193069193,
      -0.14917635606397942
    ],
    [
      0.0393029432745282,
      0.07139607576425094,
      -0.009580044445553104,
      -0.11749446987901649,
      -0.05492728182540616,
      -0.16189348648438912
    ],
    [
      0.0393029432745282,
      0.07139607576425094,
      -0.009580044445553104,
      -0.11749446987901649,
      -0.05492728182540616,
      -0.16189348648438912
    ],
    [
      0.0393029432745282,
      0.07139607576425094,
      -0.009580044445553104,
      -0.11749446987901649,
      -0.05492728182540616,
      -0.16189348648438912
    ],
    [
      0.0393029432745282,
      0.07139607576425094,
      -0.009580044445553104,
      -0.11749446987901649,
      -0.05492728182540616,
      -0.16189348648438912
    ],
    [
      0.03302121002764977,
      0.08725256489298469,
      -0.015614445913609772,
      -0.11831503648907618,
      -0.050412626736407756,
      -0.17253993005395987
    ],
    [
      0.03302121002764977,
      0.08725256489298469,
      -0.015614445913609772,
      -0.11831503648907618,
      -0.050412626736407756,
      -0.17253993005395987
    ],
    [
      0.03302121002764977,
      0.08725256489298469,
      -0.015614445913609772,
      -0.11831503648907618,
      -0.050412626736407756,
      -0.17253993005395987
    ],
    [
      0.03302121002764977,
      0.08725256489298469,
      -0.015614445913609772,
      -0.11831503648907618,
      -0.050412626736407756,
      -0.17253993005395987
    ],
    [
      0.026503726483464163,
      0.10210126956865773,
      -0.019812744968035055,
      -0.11854819987529999,
      -0.04566961253638267,
      -0.1833925101752633
    ],
    [
      0.026503726483464163,
      0.10210126956865773,
      -0.019812744968035055,
      -0.11854819987529999,
      -0.04566961253638267,
      -0.1833925101752633
    ],
    [
      0.026503726483464163,
      0.10210126956865773,
      -0.019812744968035055,
      -0.11854819987529999,
      -0.04566961253638267,
      -0.1833925101752633
    ],
    [
      0.026503726483464163,
      0.10210126956865773,
      -0.019812744968035055,
      -0.11854819987529999,
      -0.04566961253638267,
      -0.1833925101752633
    ],
    [
      0.027518246381693142,
      0.10744891697781729,
      -0.016296396351060227,
      -0.11626300037936137,
      -0.03565932287633215,
      -0.19285162523748287
    ],
    [
      0.027518246381693142,
      0.10744891697781729,
      -0.016296396351060227,
      -0.11626300037936137,
      -0.03565932287633215,
      -0.19285162523748287
    ],
    [
      0.027518246381693142,
      0.10744891697781729,
      -0.016296396351060227,
      -0.11626300037936137,
      -0.03565932287633215,
      -0.19285162523748287
    ],
    [
      0.027518246381693142,
      0.10744891697781729,
      -0.016296396351060227,
