{
  "seed": 7,
  "algorithm": "quantum_reinforce",
  "mode": "noisy",
  "episode_rewards": [
    0.08999999999999997,
    1.26,
    1.26,
    1.03,
    0.08999999999999997,
    1.16,
    1.23,
    1.23,
    1.27,
    0.19,
    1.27,
    1.26,
    1.27,
    0.99,
    -0.31000000000000005,
    1.27,
    1.26,
    1.19,
    1.23,
    1.19,
    1.3,
    1.03,
    1.27,
    1.26,
    1.3,
    1.2,
    1.27,
    0.09,
    0.08999999999999997,
    1.09,
    0.08999999999999997,
    0.19,
    -0.11000000000000004,
    1.3,
    0.99,
    1.27,
    1.16,
    0.08999999999999997,
    1.3,
    1.26
  ],
  "episode_success": [
    false,
    true,
    true,
    true,
    false,
    true,
    true,
    true,
    true,
    false,
    true,
    true,
    true,
    true,
    false,
    true,
    true,
    true,
    true,
    true,
    true,
    true,
    true,
    true,
    true,
    true,
    true,
    false,
    false,
    true,
    false,
    false,
    false,
    true,
    true,
    true,
    true,
    false,
    true,
    true
  ],
  "episode_lengths": [
    8,
    7,
    7,
    6,
    8,
    7,
    6,
    6,
    4,
    8,
    4,
    7,
    4,
    8,
    8,
    4,
    7,
    8,
    6,
    8,
    5,
    6,
    4,
    7,
    5,
    5,
    4,
    8,
    8,
    8,
    8,
    8,
    8,
    5,
    8,
    4,
    7,
    8,
    5,
    7
  ],
  "episode_runtime_sec": [
    8.606292499998744,
    7.380210799999986,
    7.560141100000692,
    28.214907600000515,
    8.082026699999915,
    7.361755800000537,
    6.316748899998856,
    28.57991419999962,
    4.956648699999278,
    8.16395079999893,
    4.7866461999983585,
    27.379558800001178,
    4.809571600000709,
    7.972629099998812,
    8.59328110000024,
    24.90433689999918,
    7.375075599999036,
    8.667777999999089,
    6.418019400000048,
    30.391363799999453,
    5.709153499999957,
    6.668702499999199,
    4.887342500001978,
    27.13570130000153,
    5.715562099998351,
    5.5532047000015154,
    4.746683900000789,
    24.800516999999672,
    8.096945199999027,
    8.103997599999275,
    8.114984400002868,
    22.42649739999979,
    8.218678099998215,
    5.653656900001806,
    8.045848599998862,
    26.607404399997904,
    7.283462999999756,
    8.133933900000557,
    5.696696800001519,
    27.568059000001085
  ],
  "parameter_history": [
    [
      -0.019876982458937445,
      0.00987455563044319,
      -0.04741376903516425,
      -0.06905918427345688,
      -0.06546707052141015,
      -0.0791646607440392
    ],
    [
      -0.019876982458937445,
      0.00987455563044319,
      -0.04741376903516425,
      -0.06905918427345688,
      -0.06546707052141015,
      -0.0791646607440392
    ],
    [
      -0.019876982458937445,
      0.00987455563044319,
      -0.04741376903516425,
      -0.06905918427345688,
      -0.06546707052141015,
      -0.0791646607440392
    ],
    [
      -0.019876982458937445,
      0.00987455563044319,
      -0.04741376903516425,
      -0.06905918427345688,
      -0.06546707052141015,
      -0.0791646607440392
    ],
    [
      -0.03738583532841162,
      -0.004497069889470679,
      -0.06436076960879035,
      -0.06103431479374823,
      -0.06720533358251496,
      -0.06108507530325322
    ],
    [
      -0.03738583532841162,
      -0.004497069889470679,
      -0.06436076960879035,
      -0.06103431479374823,
      -0.06720533358251496,
      -0.06108507530325322
    ],
    [
      -0.03738583532841162,
      -0.004497069889470679,
      -0.06436076960879035,
      -0.06103431479374823,
      -0.06720533358251496,
      -0.06108507530325322
    ],
    [
      -0.03738583532841162,
      -0.004497069889470679,
      -0.06436076960879035,
      -0.06103431479374823,
      -0.06720533358251496,
      -0.06108507530325322
    ],
    [
      -0.033273760782541816,
      -0.015790454833248146,
      -0.08240464461746223,
      -0.0600102385197034,
      -0.0626756064007,
      -0.04714935824687665
    ],
    [
      -0.033273760782541816,
      -0.015790454833248146,
      -0.08240464461746223,
      -0.0600102385197034,
      -0.0626756064007,
      -0.04714935824687665
    ],
    [
      -0.033273760782541816,
      -0.015790454833248146,
      -0.08240464461746223,
      -0.0600102385197034,
      -0.0626756064007,
      -0.04714935824687665
    ],
    [
      -0.033273760782541816,
      -0.015790454833248146,
      -0.08240464461746223,
      -0.0600102385197034,
      -0.0626756064007,
      -0.04714935824687665
    ],
    [
      -0.039744881649850246,
      -0.021333897568507038,
      -0.10101483780096507,
      -0.05736460344337971,
      -0.056837666202766125,
      -0.03826985855049494
    ],
    [
      -0.039744881649850246,
      -0.021333897568507038,
      -0.10101483780096507,
      -0.05736460344337971,
      -0.056837666202766125,
      -0.03826985855049494
    ],
    [
      -0.039744881649850246,
      -0.021333897568507038,
      -0.10101483780096507,
      -0.05736460344337971,
      -0.056837666202766125,
      -0.03826985855049494
    ],
    [
      -0.039744881649850246,
      -0.021333897568507038,
      -0.10101483780096507,
      -0.05736460344337971,
      -0.056837666202766125,
      -0.03826985855049494
    ],
    [
      -0.046788675928269664,
      -0.021960185391528643,
      -0.11092410959539094,
      -0.05385150899070868,
      -0.058396710009796904,
      -0.032806217563079235
    ],
    [
      -0.046788675928269664,
      -0.021960185391528643,
      -0.11092410959539094,
      -0.05385150899070868,
      -0.058396710009796904,
      -0.032806217563079235
    ],
    [
      -0.046788675928269664,
      -0.021960185391528643,
      -0.11092410959539094,
      -0.05385150899070868,
      -0.058396710009796904,
      -0.032806217563079235
    ],
    [
      -0.046788675928269664,
      -0.021960185391528643,
      -0.11092410959539094,
      -0.05385150899070868,
      -0.058396710009796904,
      -0.032806217563079235
    ],
    [
      -0.05235849094178654,
      -0.021717891962993147,
      -0.11989131649875732,
      -0.05133799510892968,
      -0.05730353425977461,
      -0.030176873436926824
    ],
    [
      -0.05235849094178654,
      -0.021717891962993147,
      -0.11989131649875732,
      -0.05133799510892968,
      -0.05730353425977461,
      -0.030176873436926824
    ],
    [
      -0.05235849094178654,
      -0.021717891962993147,
      -0.11989131649875732,
      -0.05133799510892968,
      -0.05730353425977461,
      -0.030176873436926824
    ],
    [
      -0.05235849094178654,
      -0.021717891962993147,
      -0.11989131649875732,
      -0.05133799510892968,
      -0.05730353425977461,
      -0.030176873436926824
    ],
    [
      -0.05755045052645623,
      -0.023790420848493872,
      -0.1287442663106084,
      -0.049510934730113504,
      -0.055624071294340216,
      -0.02579347955594352
    ],
    [
      -0.05755045052645623,
      -0.023790420848493872,
      -0.1287442663106084,
      -0.049510934730113504,
      -0.055624071294340216,
      -0.02579347955594352
    ],
    [
      -0.05755045052645623,
      -0.023790420848493872,
      -0.1287442663106084,
      -0.049510934730113504,
      -0.055624071294340216,
      -0.02579347955594352
    ],
    [
      -0.05755045052645623,
      -0.023790420848493872,
      -0.1287442663106084,
      -0.049510934730113504,
      -0.055624071294340216,
      -0.02579347955594352
    ],
    [
      -0.05089613943343351,
      -0.02655426271598624,
      -0.13760432829010505,
      -0.047700910018503656,
      -0.06341993764007461,
      -0.021511605179525786
    ],
    [
      -0.05089613943343351,
      -0.02655426271598624,
      -0.13760432829010505,
      -0.047700910018503656,
      -0.06341993764007461,
      -0.021511605179525786
    ],
    [
      -0.05089613943343351,
      -0.02655426271598624,
      -0.13760432829010505,
      -0.047700910018503656,
      -0.06341993764007461,
      -0.021511605179525786
    ],
    [
      -0.05089613943343351,
