{
  "seed": 7,
  "algorithm": "quantum_actor_critic",
  "mode": "noisy",
  "episode_rewards": [
    0.08999999999999997,
    1.26,
    1.26,
    1.03,
    0.08999999999999997,
    1.16,
    1.23,
    1.23,
    1.27,
    0.19,
    1.27,
    1.26,
    1.27,
    0.99,
    -0.31000000000000005,
    1.27,
    1.26,
    1.19,
    1.23,
    1.19,
    1.3,
    1.03,
    1.27,
    1.26,
    1.3,
    1.2,
    1.27,
    0.09,
    0.08999999999999997,
    1.09,
    0.08999999999999997,
    0.19,
    -0.11000000000000004,
    1.3,
    0.99,
    1.27,
    1.16,
    0.08999999999999997,
    1.3,
    1.26
  ],
  "episode_success": [
    false,
    true,
    true,
    true,
    false,
    true,
    true,
    true,
    true,
    false,
    true,
    true,
    true,
    true,
    false,
    true,
    true,
    true,
    true,
    true,
    true,
    true,
    true,
    true,
    true,
    true,
    true,
    false,
    false,
    true,
    false,
    false,
    false,
    true,
    true,
    true,
    true,
    false,
    true,
    true
  ],
  "episode_lengths": [
    8,
    7,
    7,
    6,
    8,
    7,
    6,
    6,
    4,
    8,
    4,
    7,
    4,
    8,
    8,
    4,
    7,
    8,
    6,
    8,
    5,
    6,
    4,
    7,
    5,
    5,
    4,
    8,
    8,
    8,
    8,
    8,
    8,
    5,
    8,
    4,
    7,
    8,
    5,
    7
  ],
  "episode_runtime_sec": [
    8.384526999998343,
    7.355866400001105,
    7.316114299999754,
    27.18613329999789,
    8.057017600000108,
    7.324383900002431,
    6.436551499999041,
    28.58226039999863,
    4.881989900000917,
    8.230467000001227,
    4.773737299998174,
    26.90954110000166,
    4.897430100001657,
    8.011634800001048,
    8.141553499997826,
    23.913660100002744,
    7.278317700001935,
    8.175745100001222,
    6.313882999998896,
    30.756900599997607,
    5.6005284999992,
    6.31788460000098,
    4.858221499998763,
    26.602100399999472,
    5.543889099997614,
    5.568223000002035,
    4.852637899999536,
    24.654360600001382,
    8.220017700001335,
    8.130758600000263,
    8.434372200001235,
    22.330234299999574,
    8.041799200000241,
    5.6527606999989075,
    8.160324100001162,
    26.410429600000498,
    7.269487100002152,
    8.152259100002993,
    5.630552200000238,
    27.12550740000006
  ],
  "parameter_history": [
    [
      -0.019876983638790584,
      0.009874557694164891,
      -0.04741375291556485,
      -0.06905918451731538,
      -0.02546752887471617,
      -0.07916467758956956
    ],
    [
      -0.019876983638790584,
      0.009874557694164891,
      -0.04741375291556485,
      -0.06905918451731538,
      -0.02546752887471617,
      -0.07916467758956956
    ],
    [
      -0.019876983638790584,
      0.009874557694164891,
      -0.04741375291556485,
      -0.06905918451731538,
      -0.02546752887471617,
      -0.07916467758956956
    ],
    [
      -0.019876983638790584,
      0.009874557694164891,
      -0.04741375291556485,
      -0.06905918451731538,
      -0.02546752887471617,
      -0.07916467758956956
    ],
    [
      -0.035888408402477756,
      -0.006894581563956805,
      -0.06361105496423167,
      -0.061631904400482995,
      -0.008463191498534806,
      -0.06311936787109561
    ],
    [
      -0.035888408402477756,
      -0.006894581563956805,
      -0.06361105496423167,
      -0.061631904400482995,
      -0.008463191498534806,
      -0.06311936787109561
    ],
    [
      -0.035888408402477756,
      -0.006894581563956805,
      -0.06361105496423167,
      -0.061631904400482995,
      -0.008463191498534806,
      -0.06311936787109561
    ],
    [
      -0.035888408402477756,
      -0.006894581563956805,
      -0.06361105496423167,
      -0.061631904400482995,
      -0.008463191498534806,
      -0.06311936787109561
    ],
    [
      -0.04043369534361225,
      -0.020607965832325333,
      -0.08121416369591006,
      -0.06352751569922738,
      0.005728423936700472,
      -0.05137564215434632
    ],
    [
      -0.04043369534361225,
      -0.020607965832325333,
      -0.08121416369591006,
      -0.06352751569922738,
      0.005728423936700472,
      -0.05137564215434632
    ],
    [
      -0.04043369534361225,
      -0.020607965832325333,
      -0.08121416369591006,
      -0.06352751569922738,
      0.005728423936700472,
      -0.05137564215434632
    ],
    [
      -0.04043369534361225,
      -0.020607965832325333,
      -0.08121416369591006,
      -0.06352751569922738,
      0.005728423936700472,
      -0.05137564215434632
    ],
    [
      -0.04293220031123342,
      -0.02483701905434379,
      -0.09903340854609925,
      -0.06492033032211117,
      0.01904571394949689,
      -0.046453500457013686
    ],
    [
      -0.04293220031123342,
      -0.02483701905434379,
      -0.09903340854609925,
      -0.06492033032211117,
      0.01904571394949689,
      -0.046453500457013686
    ],
    [
      -0.04293220031123342,
      -0.02483701905434379,
      -0.09903340854609925,
      -0.06492033032211117,
      0.01904571394949689,
      -0.046453500457013686
    ],
    [
      -0.04293220031123342,
      -0.02483701905434379,
      -0.09903340854609925,
      -0.06492033032211117,
      0.01904571394949689,
      -0.046453500457013686
    ],
    [
      -0.05059572567966378,
      -0.021964811192661086,
      -0.1085985737601409,
      -0.06249182792693697,
      0.020086846419531627,
      -0.043527577925348324
    ],
    [
      -0.05059572567966378,
      -0.021964811192661086,
      -0.1085985737601409,
      -0.06249182792693697,
      0.020086846419531627,
      -0.043527577925348324
    ],
    [
      -0.05059572567966378,
      -0.021964811192661086,
      -0.1085985737601409,
      -0.06249182792693697,
      0.020086846419531627,
      -0.043527577925348324
    ],
    [
      -0.05059572567966378,
      -0.021964811192661086,
      -0.1085985737601409,
      -0.06249182792693697,
      0.020086846419531627,
      -0.043527577925348324
    ],
    [
      -0.05510894304408843,
      -0.019277202737579643,
      -0.11707460974485642,
      -0.06048002471794671,
      0.024133691661419966,
      -0.04406142142052061
    ],
    [
      -0.05510894304408843,
      -0.019277202737579643,
      -0.11707460974485642,
      -0.06048002471794671,
      0.024133691661419966,
      -0.04406142142052061
    ],
    [
      -0.05510894304408843,
      -0.019277202737579643,
      -0.11707460974485642,
      -0.06048002471794671,
      0.024133691661419966,
      -0.04406142142052061
    ],
    [
      -0.05510894304408843,
      -0.019277202737579643,
      -0.11707460974485642,
      -0.06048002471794671,
      0.024133691661419966,
      -0.04406142142052061
    ],
    [
      -0.062325802863718235,
      -0.01975890238979033,
      -0.12554320657122403,
      -0.058693877397960566,
      0.029586370750198494,
      -0.04279910602402384
    ],
    [
      -0.062325802863718235,
      -0.01975890238979033,
      -0.12554320657122403,
      -0.058693877397960566,
      0.029586370750198494,
      -0.04279910602402384
    ],
    [
      -0.062325802863718235,
      -0.01975890238979033,
      -0.12554320657122403,
      -0.058693877397960566,
      0.029586370750198494,
      -0.04279910602402384
    ],
    [
      -0.062325802863718235,
      -0.01975890238979033,
      -0.12554320657122403,
      -0.058693877397960566,
      0.029586370750198494,
      -0.04279910602402384
    ],
    [
      -0.055475431978699995,
      -0.017865649176540634,
      -0.12897852148336228,
      -0.05542038725222204,
      0.02334081240462166,
      -0.0481591381239525
    ],
    [
      -0.055475431978699995,
      -0.017865649176540634,
      -0.12897852148336228,
      -0.05542038725222204,
      0.02334081240462166,
      -0.0481591381239525
    ],
    [
      -0.055475431978699995,
      -0.017865649176540634,
      -0.12897852148336228,
      -0.05542038725222204,
      0.02334081240462166,
      -0.0481591381239525
    ],
    [
      -0.055475431978699995,
