{
  "seed": 7,
  "algorithm": "quantum_actor_critic",
  "mode": "ideal",
  "episode_rewards": [
    0.09,
    1.03,
    1.3,
    -0.31000000000000005,
    0.08999999999999997,
    1.19,
    1.23,
    0.08999999999999997,
    1.27,
    0.19,
    1.3,
    1.27,
    1.27,
    0.99,
    -0.31000000000000005,
    1.27,
    1.26,
    1.19,
    1.23,
    1.19,
    1.3,
    1.03,
    1.27,
    1.26,
    1.3,
    1.27,
    1.03,
    0.08999999999999997,
    0.99,
    0.08999999999999997,
    1.27,
    1.3,
    1.27,
    0.09,
    1.27,
    1.23,
    1.23,
    1.27,
    1.23,
    1.27
  ],
  "episode_success": [
    false,
    true,
    true,
    false,
    false,
    true,
    true,
    false,
    true,
    false,
    true,
    true,
    true,
    true,
    false,
    true,
    true,
    true,
    true,
    true,
    true,
    true,
    true,
    true,
    true,
    true,
    true,
    false,
    true,
    false,
    true,
    true,
    true,
    false,
    true,
    true,
    true,
    true,
    true,
    true
  ],
  "episode_lengths": [
    8,
    6,
    5,
    8,
    8,
    8,
    6,
    8,
    4,
    8,
    5,
    4,
    4,
    8,
    8,
    4,
    7,
    8,
    6,
    8,
    5,
    6,
    4,
    7,
    5,
    4,
    6,
    8,
    8,
    8,
    4,
    5,
    4,
    8,
    4,
    6,
    6,
    4,
    6,
    4
  ],
  "episode_runtime_sec": [
    0.16110640000079002,
    0.11793330000000424,
    0.09767039999860572,
    0.21945700000105717,
    0.15592649999962305,
    0.15096290000110457,
    0.11273890000120446,
    0.3612446999995882,
    0.09160960000008345,
    0.17170139999871026,
    0.14016160000028322,
    0.2193031000006158,
    0.08724419999998645,
    0.17068279999875813,
    0.16246680000040215,
    0.19802069999968808,
    0.14227500000015425,
    0.15737090000038734,
    0.1206344000001991,
    0.33417720000034024,
    0.09936349999952654,
    0.11307940000006056,
    0.08021680000092601,
    0.23941280000144616,
    0.10046209999927669,
    0.07836250000036671,
    0.11577149999902758,
    0.2537037000001874,
    0.15818460000082268,
    0.15546499999982188,
    0.0804617000012513,
    0.1810289000004559,
    0.07701269999961369,
    0.15315629999895464,
    0.0782379000011133,
    0.21925799999917217,
    0.11467280000033497,
    0.07963010000094073,
    0.1143833000005543,
    0.18374480000056792
  ],
  "parameter_history": [
    [
      0.020123011900404757,
      0.009874559353406243,
      -0.007413846559502255,
      -0.06905918666919893,
      -0.025467109494719167,
      -0.07916466737096774
    ],
    [
      0.020123011900404757,
      0.009874559353406243,
      -0.007413846559502255,
      -0.06905918666919893,
      -0.025467109494719167,
      -0.07916466737096774
    ],
    [
      0.020123011900404757,
      0.009874559353406243,
      -0.007413846559502255,
      -0.06905918666919893,
      -0.025467109494719167,
      -0.07916466737096774
    ],
    [
      0.020123011900404757,
      0.009874559353406243,
      -0.007413846559502255,
      -0.06905918666919893,
      -0.025467109494719167,
      -0.07916466737096774
    ],
    [
      0.037150995796913416,
      0.013040256181379398,
      0.007997880242510271,
      -0.08183336351424628,
      -0.007040976129603891,
      -0.07021927213996511
    ],
    [
      0.037150995796913416,
      0.013040256181379398,
      0.007997880242510271,
      -0.08183336351424628,
      -0.007040976129603891,
      -0.07021927213996511
    ],
    [
      0.037150995796913416,
      0.013040256181379398,
      0.007997880242510271,
      -0.08183336351424628,
      -0.007040976129603891,
      -0.07021927213996511
    ],
    [
      0.037150995796913416,
      0.013040256181379398,
      0.007997880242510271,
      -0.08183336351424628,
      -0.007040976129603891,
      -0.07021927213996511
    ],
    [
      0.054204362194662264,
      0.007109272836342077,
      0.019951876809021746,
      -0.09370095136545167,
      -0.009158341495914966,
      -0.06902305070520758
    ],
    [
      0.054204362194662264,
      0.007109272836342077,
      0.019951876809021746,
      -0.09370095136545167,
      -0.009158341495914966,
      -0.06902305070520758
    ],
    [
      0.054204362194662264,
      0.007109272836342077,
      0.019951876809021746,
      -0.09370095136545167,
      -0.009158341495914966,
      -0.06902305070520758
    ],
    [
      0.054204362194662264,
      0.007109272836342077,
      0.019951876809021746,
      -0.09370095136545167,
      -0.009158341495914966,
      -0.06902305070520758
    ],
    [
      0.06725577434128488,
      -0.002325485188585004,
      0.03351927290075675,
      -0.10373649593719055,
      -0.017251146430462917,
      -0.07089632794797723
    ],
    [
      0.06725577434128488,
      -0.002325485188585004,
      0.03351927290075675,
      -0.10373649593719055,
      -0.017251146430462917,
      -0.07089632794797723
    ],
    [
      0.06725577434128488,
      -0.002325485188585004,
      0.03351927290075675,
      -0.10373649593719055,
      -0.017251146430462917,
      -0.07089632794797723
    ],
    [
      0.06725577434128488,
      -0.002325485188585004,
      0.03351927290075675,
      -0.10373649593719055,
      -0.017251146430462917,
      -0.07089632794797723
    ],
    [
      0.06784982828813303,
      -0.005737882206483608,
      0.0359250099939701,
      -0.10525070800596066,
      -0.020732841432176557,
      -0.0661387368014276
    ],
    [
      0.06784982828813303,
      -0.005737882206483608,
      0.0359250099939701,
      -0.10525070800596066,
      -0.020732841432176557,
      -0.0661387368014276
    ],
    [
      0.06784982828813303,
      -0.005737882206483608,
      0.0359250099939701,
      -0.10525070800596066,
      -0.020732841432176557,
      -0.0661387368014276
    ],
    [
      0.06784982828813303,
      -0.005737882206483608,
      0.0359250099939701,
      -0.10525070800596066,
      -0.020732841432176557,
      -0.0661387368014276
    ],
    [
      0.06743567644039668,
      -0.008890184072018185,
      0.03803622319110411,
      -0.10633917889602418,
      -0.02433123323320104,
      -0.06257779958779183
    ],
    [
      0.06743567644039668,
      -0.008890184072018185,
      0.03803622319110411,
      -0.10633917889602418,
      -0.02433123323320104,
      -0.06257779958779183
    ],
    [
      0.06743567644039668,
      -0.008890184072018185,
      0.03803622319110411,
      -0.10633917889602418,
      -0.02433123323320104,
      -0.06257779958779183
    ],
    [
      0.06743567644039668,
      -0.008890184072018185,
      0.03803622319110411,
      -0.10633917889602418,
      -0.02433123323320104,
      -0.06257779958779183
    ],
    [
      0.06577975968241745,
      -0.011224762942755716,
      0.03898799135299268,
      -0.10768375280869094,
      -0.028824240522183013,
      -0.05761161447680932
    ],
    [
      0.06577975968241745,
      -0.011224762942755716,
      0.03898799135299268,
      -0.10768375280869094,
      -0.028824240522183013,
      -0.05761161447680932
    ],
    [
      0.06577975968241745,
      -0.011224762942755716,
      0.03898799135299268,
      -0.10768375280869094,
      -0.028824240522183013,
      -0.05761161447680932
    ],
    [
      0.06577975968241745,
      -0.011224762942755716,
      0.03898799135299268,
      -0.10768375280869094,
      -0.028824240522183013,
      -0.05761161447680932
    ],
    [
      0.06706443726380405,
      -0.013132633522379207,
      0.039060896364227965,
      -0.1085946481076013,
      -0.030401864464338065,
      -0.058041702802854984
    ],
    [
      0.06706443726380405,
      -0.013132633522379207,
      0.039060896364227965,
      -0.1085946481076013,
      -0.030401864464338065,
      -0.058041702802854984
    ],
    [
      0.06706443726380405,
      -0.013132633522379207,
      0.039060896364227965,
      -0.1085946481076013,
      -0.030401864464338065,
      -0.058041702802854984
    ],
    [
      0.06706443726380405,
