{
  "model": "Classical RBF SVM",
  "train_n": 20,
  "best_params": null,
  "best_cv_score": null,
  "train_time": 0.0018084049224853516,
  "metrics": {
    "accuracy": 0.7263493905977946,
    "precision": 0.701976685250887,
    "recall": 0.7959770114942529,
    "f1_score": 0.7460274710476703
  },
  "kta": 0.19216884060392167,
  "confusion_matrix": [
    [
      1118,
      588
    ],
    [
      355,
      1385
    ]
  ],
  "classification_report": "              precision    recall  f1-score   support\n\n           4       0.76      0.66      0.70      1706\n           9       0.70      0.80      0.75      1740\n\n    accuracy                           0.73      3446\n   macro avg       0.73      0.73      0.72      3446\nweighted avg       0.73      0.73      0.72      3446\n"
}