{
  "seed": 21,
  "name": "tabular_reinforce",
  "episode_rewards": [
    0.029999999999999975,
    1.23,
    0.22999999999999998,
    0.12999999999999998,
    1.3,
    -0.12000000000000002,
    0.12999999999999998,
    0.029999999999999975,
    -0.17000000000000004,
    -0.07000000000000003,
    -0.37000000000000005,
    -0.62,
    -0.07000000000000003,
    -0.9200000000000002,
    -0.6200000000000001,
    1.03,
    0.23,
    1.2,
    1.3,
    1.27
  ],
  "episode_success": [
    false,
    true,
    false,
    false,
    true,
    false,
    false,
    false,
    false,
    false,
    false,
    false,
    false,
    false,
    false,
    true,
    false,
    true,
    true,
    true
  ],
  "episode_lengths": [
    6,
    6,
    6,
    6,
    5,
    6,
    6,
    6,
    6,
    6,
    6,
    6,
    6,
    6,
    6,
    6,
    6,
    5,
    5,
    4
  ],
  "episode_runtime_sec": [
    0.0019438000163063407,
    0.001451499992981553,
    0.0013129999861121178,
    0.0013789000222459435,
    0.0013833999983035028,
    0.0014655999839305878,
    0.0014171999646350741,
    0.0014159000129438937,
    0.0013821000466123223,
    0.0014918999513611197,
    0.0017638999852351844,
    0.00153489998774603,
    0.0014462000108323991,
    0.0016208000015467405,
    0.0014957999810576439,
    0.0013642000267282128,
    0.0012812000350095332,
    0.0012066999915987253,
    0.0012939000152982771,
    0.0010599000379443169
  ],
  "loss_history": [
    -0.25975161291066423,
    4.432902919657058,
    -0.10659467926892785,
    -0.21576739446020674,
    3.010856844568368,
    -1.1585153485418542,
    -0.39085969314935415,
    -0.8545586065677679,
    -0.7588698873570452,
    -0.31933555229212296,
    -0.5485162144563966,
    -2.671669892592847,
    -0.1368406856546748,
    -3.003773010903659,
    -1.2279984356975897,
    2.6850231770798043,
    -0.21121253473652785,
    2.400908429656757,
    1.629636222261349,
    1.0754284233198865
  ],
  "grad_norm_history": [
    0.13122088322775544,
    1.5586964108175074,
    0.1275575409975677,
    0.18820260498485955,
    1.4569915759192265,
    0.8118758721791538,
    0.21458407976128616,
    0.38366737428679737,
    0.2743007437500249,
    0.18349886952245734,
    0.7425226725630072,
    1.3081588910773156,
    0.14146438646068432,
    1.8174390814698358,
    0.715403874244368,
    1.5335380903662283,
    0.23301702313704942,
    0.8314744240229892,
    0.885586358741326,
    0.6574913768365607
  ],
  "total_runtime_sec": 0.03054030000930652,
  "final_parameters": [
    [
      0.01793867040019571,
      0.07553386540717287
    ],
    [
      0.579503321619039,
      -0.5844892080513104
    ],
    [
      0.4796074243373984,
      -0.521972214163963
    ],
    [
      -0.0401478359195181,
      -0.054140825829129546
    ],
    [
      -0.36912948781593535,
      0.3996414288731708
    ],
    [
      -0.48414187062553904,
      0.5452593584204967
    ],
    [
      -0.5855160465312896,
      0.42222752105826866
    ],
    [
      0.07769015871448261,
      0.048444268272833005
    ]
  ],
  "evaluation": {
    "avg_reward": 0.5137499999999999,
    "std_reward": 0.6638982885201618,
    "success_rate": 0.4375,
    "avg_length": 5.5625
  },
  "summary_metrics": {
    "convergence_episode": null,
    "convergence_runtime_sec": 0.02871080004842952,
    "final_avg_reward": 1.0,
    "final_success_rate": 0.75,
    "reward_auc": 0.23684210526315788,
    "success_auc": 0.2894736842105263,
    "grad_norm_final": 0.6518922956844813,
    "total_runtime_sec": 0.03054030000930652
  }
}