{
  "seed": 7,
  "name": "mlp_reinforce",
  "episode_rewards": [
    -0.4100000000000001,
    -0.010000000000000037,
    -0.8600000000000001,
    -0.4100000000000001,
    -1.1600000000000001,
    0.19,
    1.3,
    -0.010000000000000037,
    -0.11000000000000004,
    -0.21000000000000005,
    -0.11000000000000004,
    1.03,
    0.69,
    0.08999999999999997,
    0.08999999999999997,
    -0.4100000000000001,
    -0.11000000000000004,
    1.3,
    1.03,
    -0.4100000000000001
  ],
  "episode_success": [
    false,
    false,
    false,
    false,
    false,
    false,
    true,
    false,
    false,
    false,
    false,
    true,
    true,
    false,
    false,
    false,
    false,
    true,
    true,
    false
  ],
  "episode_lengths": [
    8,
    8,
    8,
    8,
    8,
    8,
    5,
    8,
    8,
    8,
    8,
    6,
    8,
    8,
    8,
    8,
    8,
    5,
    6,
    8
  ],
  "episode_runtime_sec": [
    0.0035460999934002757,
    0.003386500000488013,
    0.004362800042144954,
    0.0033644000068306923,
    0.003096700005698949,
    0.002667299995664507,
    0.001968399970792234,
    0.002389599976595491,
    0.0016963999951258302,
    0.0015940999728627503,
    0.0026578999822959304,
    0.0013292999938130379,
    0.001547299965750426,
    0.0015730999875813723,
    0.0018710000440478325,
    0.0017930999747477472,
    0.001631900027859956,
    0.0010886999662034214,
    0.0015248000272549689,
    0.0022421000176109374
  ],
  "loss_history": [
    0.03811787651917826,
    -0.5027426673807394,
    -3.5582286021124485,
    -0.7510162931322593,
    -4.484445081970027,
    0.5165662805895515,
    6.890510312844798,
    -0.47963740051947457,
    -0.37200424722697223,
    -0.5256879699936319,
    -0.36447122906089546,
    3.9590112317331534,
    5.263305690928675,
    -0.7902038191904506,
    -0.7311494408605334,
    -2.218762576781527,
    -0.7510498505702032,
    1.2852978920742224,
    1.328967241573151,
    -1.6221168262565426
  ],
  "grad_norm_history": [
    1.0614740985637676,
    0.2716209447417484,
    1.4919132313600156,
    0.798594075029652,
    2.857954609186407,
    0.2752931655908042,
    7.207431954993572,
    0.22302372461006265,
    0.10020512771197095,
    1.1536142662400277,
    0.4071664044735048,
    3.5109834328939975,
    3.673442156310023,
    0.46308307847080116,
    0.5021913613033102,
    2.4702601135957365,
    0.5558248744417398,
    1.4974815656038503,
    1.8928941733512636,
    2.4309094395280155
  ],
  "total_runtime_sec": 0.04704680002760142,
  "final_parameters": [
    0.00012301533574825743,
    0.02987455375084699,
    -0.027413785536221758,
    -0.08905918387572742,
    -0.04546707851717226,
    -0.09916465549964625,
    0.006014360259743849,
    0.13402152455545335,
    -0.04922065185513297,
    -0.062047489981994046,
    0.04898420501851983,
    0.03568870081600608,
    0.010541424899789856,
    -0.09304680447082048,
    -0.0029251822463273493,
    0.06953031944582878,
    -0.3785424526303257,
    0.3327567160631449,
    -0.35220927214139663,
    -0.46710291463072384,
    -0.5268314104541013,
    -0.34372387010654376,
    -0.3761128239673607,
    0.34392412190772703,
    -0.3564540115598035,
    0.3091753346226079,
    -0.5102885201457583,
    -0.37104661142115986,
    0.21990927028224003,
    -0.31058374510076975,
    -0.1193410237500195,
    -0.2964556911033972,
    -0.004258339395676922,
    0.08795236123418891,
    0.20666265517609508,
    -0.1822209136044115,
    -0.1311880614875557,
    0.010140894993135866,
    -0.22122000053402752,
    0.13233096012111212,
    -0.15780198966944636,
    0.1724545398567179,
    -0.06270522640838225,
    -0.1381446548674557,
    0.0960252322485226,
    -0.2872865972123132,
    -0.07086203793756723,
    0.04417499099080116,
    -0.06414703941072214,
    0.20004165463424228,
    0.07622597120847119,
    -0.11992889021052233,
    0.007451622877146343,
    0.05766895836701853,
    -0.018878212535074934,
    0.0682910267195206,
    -0.006651732014941557,
    0.0667247560834328,
    0.1438522591656152,
    -0.06756622510056529,
    0.020313861038960906,
    -0.046330757653841516,
    0.012726841122583083,
    -0.118719452785014,
    0.13350620607428781,
    -0.31204063774479,
    0.2308677394343493,
    0.4095374248858636,
    0.16232322978301894,
    0.215908483276337,
    0.23026296746913819,
    -0.4993955074352834,
    0.24693330377620648,
    -0.3088932243142151,
    0.4192797887387742,
    0.36919434324459743,
    -0.33042695280856876,
    0.26239471636815265,
    0.08608323610480627,
    0.4447344253587075,
    0.29558400504955284,
    -0.46545332805864514,
    0.3154343872030706,
    0.43317447977426987,
    0.42126051257656894,
    0.32698788940843965,
    0.32151702837753127,
    -0.4880393880314689,
    0.5563517350398712,
    -0.37128421667891226,
    0.4356576797932967,
    0.510537986395117,
    -0.4805645523463119,
    0.5487094110544352,
    0.22204856294628056,
    0.5021981795308321,
    0.050153023229153194,
    -0.145766339184057,
    0.01295109916828949,
    -0.022012851738794918,
    0.15027963091070307,
    0.08648335413144517,
    0.19676246501752712,
    0.0434245192001365,
    0.09854670877620993,
    -0.24337287939959376,
    0.2012280232725464,
    0.23004252353825863,
    -0.20011123471525,
    0.1598963150375334,
    0.2495339283141811,
    0.23297753513345118,
    -0.10336758320736888,
    -0.007918131861584184,
    0.0035286848661474136,
    -0.10544846220491105,
    0.025983910067436333,
    -0.0857956477176544,
    0.09720667079170428,
    0.01927459126050724,
    0.008930648576905028,
    -0.0591028352856274,
    -0.011860982387769404,
    -0.1997746292907055,
    -0.11314074705230587,
    0.036283979918875435,
    -0.21285670418221447,
    0.08466085214811635,
    0.04406338718454716,
    0.05160664708290382,
    0.1838269789096341,
    0.09425444325389884,
    0.044419977908858765,
    -0.08589345282505077,
    0.19697135446901076,
    0.16854509939382292,
    0.000553465048449223,
    0.010823414684968674,
    0.14779096869657435,
    -0.12073246087643374,
    -0.0042200141539209,
    -0.06559245422929375,
    0.20527532339275462,
    0.053840820731684995,
    -0.24136731180170853,
    0.050987486664571716,
    0.2675300106171671,
    -0.1572318365663291,
    -0.1726122962811462,
    0.270536917845353,
    -0.49585521885678163,
    0.393746340086267,
    -0.3170651602835893,
    0.26183796515179064,
    -0.14184892118035675,
    0.07433006561848138,
    -0.47758360006054745,
    0.25904153888484405,
    0.42071338736998837,
    -0.32243095411511713,
    -0.33459931736323517,
    0.26292257185838896,
    0.29838898180698986,
    -0.30306419209945756,
    -0.5122830159838957,
    0.42822557576527776,
    -0.47852477193871384,
    0.3759154954318127,
    0.24175271215771893,
    -0.23695291958394288,
    -0.34388068858506204,
    0.31412795764019474,
    -0.21082850705495806,
    0.14260845125654983,
    -0.6142959330830651,
    0.38185957784409424,
    0.23373335195732695,
    -0.15089063688117227
  ],
  "evaluation": {
    "avg_reward": 1.01125,
    "std_reward": 0.5091398997328731,
    "success_rate": 0.875,
    "avg_length": 6.0
  },
  "summary_metrics": {
    "convergence_episode": null,
    "convergence_runtime_sec": 0.04533149994676933,
    "final_avg_reward": 0.4524999999999999,
    "final_success_rate": 0.5,
    "reward_auc": 0.10052631578947364,
    "success_auc": 0.2631578947368421,
    "grad_norm_final": 1.5942775132312175,
    "total_runtime_sec": 0.04704680002760142
  }
}