{
  "seed": 7,
  "name": "tabular_reinforce",
  "episode_rewards": [
    -1.36,
    -0.36000000000000004,
    -0.010000000000000037,
    -0.8600000000000001,
    -0.5100000000000001,
    -0.8600000000000001,
    -0.21000000000000005,
    -1.1600000000000001,
    1.23,
    1.19,
    -0.11000000000000004,
    1.19,
    -0.66,
    0.08999999999999997,
    0.08999999999999997,
    1.19,
    1.27,
    1.26,
    -0.010000000000000037,
    -0.21000000000000005
  ],
  "episode_success": [
    false,
    false,
    false,
    false,
    false,
    false,
    false,
    false,
    true,
    true,
    false,
    true,
    false,
    false,
    false,
    true,
    true,
    true,
    false,
    false
  ],
  "episode_lengths": [
    8,
    8,
    8,
    8,
    8,
    8,
    8,
    8,
    6,
    8,
    8,
    8,
    8,
    8,
    8,
    8,
    4,
    7,
    8,
    8
  ],
  "episode_runtime_sec": [
    0.0021215000306256115,
    0.0018139000167138875,
    0.002058900019619614,
    0.002159499970730394,
    0.0017593000084161758,
    0.002063299994915724,
    0.0018890000064857304,
    0.0016974000027403235,
    0.0013254000223241746,
    0.0024150999961420894,
    0.0021222999785095453,
    0.0018153000273741782,
    0.002260299981571734,
    0.001954600040335208,
    0.0018254999886266887,
    0.001990900025703013,
    0.0010649999603629112,
    0.0017609000205993652,
    0.0016267999890260398,
    0.0016166999703273177
  ],
  "loss_history": [
    -3.246983182914563,
    -0.8826785707322717,
    -0.34885812760649715,
    -2.967392691571087,
    -0.5703945787416109,
    -2.2383406498604765,
    0.40564885208002455,
    -2.568839034265103,
    4.462665475822103,
    5.471439122642493,
    -1.1198361779201207,
    4.603635414690916,
    -3.241083522049797,
    -0.2755179408474849,
    -0.8373089333508537,
    5.459148826676397,
    1.5465450116782464,
    2.631869281718004,
    -2.3742847911957043,
    -1.8269653304715603
  ],
  "grad_norm_history": [
    2.693103379785909,
    0.405752003528739,
    0.17457156300960786,
    1.0644418895220216,
    0.4083150685654309,
    1.273270618618785,
    0.30107018143059106,
    1.61167110569112,
    1.8873999101563803,
    1.274295459851854,
    0.4204190193219669,
    1.1973924911060536,
    1.5577892203496952,
    0.19708491117176644,
    0.29732239207747513,
    2.3095443603736907,
    0.9106981957362109,
    0.967504492998515,
    0.8657797801372314,
    0.6744624905564964
  ],
  "total_runtime_sec": 0.039116800006013364,
  "final_parameters": [
    [
      6.150766787412872e-05,
      0.014937276875423495
    ],
    [
      0.5609459989186407,
      -0.6191824836246155
    ],
    [
      0.5259291942808453,
      -0.5982450612892546
    ],
    [
      0.0030071801298719243,
      0.06701076227772668
    ],
    [
      -0.6078480655528746,
      0.5522139946343112
    ],
    [
      -0.45795705342467163,
      0.5002935063419347
    ],
    [
      -0.2840199365684659,
      0.24276724678295064
    ],
    [
      -0.0014625911231636746,
      0.03476515972291439
    ]
  ],
  "evaluation": {
    "avg_reward": 0.5306249999999999,
    "std_reward": 0.7809486918965932,
    "success_rate": 0.5625,
    "avg_length": 7.0625
  },
  "summary_metrics": {
    "convergence_episode": null,
    "convergence_runtime_sec": 0.037341600051149726,
    "final_avg_reward": 0.5775,
    "final_success_rate": 0.5,
    "reward_auc": 0.10394736842105258,
    "success_auc": 0.3157894736842105,
    "grad_norm_final": 0.8546112398571135,
    "total_runtime_sec": 0.039116800006013364
  }
}