{
  "seed": 7,
  "mode": "ideal",
  "episode_rewards": [
    0.09,
    1.03,
    1.3,
    -0.31000000000000005,
    0.08999999999999997,
    1.19,
    1.23,
    1.19,
    1.27,
    0.19,
    1.3,
    1.27,
    1.27,
    0.99,
    -0.31000000000000005,
    1.27,
    1.26,
    1.19,
    1.23,
    1.19,
    1.3,
    1.03,
    1.27,
    1.26,
    1.3,
    1.27,
    1.03,
    0.08999999999999997,
    0.99,
    0.08999999999999997,
    1.19,
    0.99,
    1.27,
    1.3,
    1.23,
    1.23,
    1.27,
    1.03,
    -0.11000000000000004,
    1.3
  ],
  "episode_success": [
    false,
    true,
    true,
    false,
    false,
    true,
    true,
    true,
    true,
    false,
    true,
    true,
    true,
    true,
    false,
    true,
    true,
    true,
    true,
    true,
    true,
    true,
    true,
    true,
    true,
    true,
    true,
    false,
    true,
    false,
    true,
    true,
    true,
    true,
    true,
    true,
    true,
    true,
    false,
    true
  ],
  "episode_lengths": [
    8,
    6,
    5,
    8,
    8,
    8,
    6,
    8,
    4,
    8,
    5,
    4,
    4,
    8,
    8,
    4,
    7,
    8,
    6,
    8,
    5,
    6,
    4,
    7,
    5,
    4,
    6,
    8,
    8,
    8,
    8,
    8,
    4,
    5,
    6,
    6,
    4,
    6,
    8,
    5
  ],
  "episode_runtime_sec": [
    1.9675152999698184,
    0.17195640003774315,
    0.14478610001970083,
    0.2929560999618843,
    0.1766916000051424,
    0.1908013999927789,
    0.14894189999904484,
    0.4191249999566935,
    0.09964700002456084,
    0.17022110003745183,
    0.10827849997440353,
    0.2549546000082046,
    0.10883199999807402,
    0.20567739999387413,
    0.18497859995113686,
    0.24626129999523982,
    0.1637971000163816,
    0.1839888999820687,
    0.22093769995262846,
    0.3143712999881245,
    0.10950820002472028,
    0.1286042999709025,
    0.09513889998197556,
    0.306671800033655,
    0.10714590002316982,
    0.09057800000300631,
    0.1443995000445284,
    0.36651480000000447,
    0.16994160000467673,
    0.16523949999827892,
    0.17093159997602925,
    0.2744587999768555,
    0.08925339998677373,
    0.10568350000539795,
    0.13154829997802153,
    0.2693895999691449,
    0.09094359999289736,
    0.20707990002119914,
    0.1967144000227563,
    0.25084499997319654
  ],
  "parameter_history": [
    [
      0.020123012504425258,
      0.04987451268364565,
      -0.047413762304190754,
      -0.1090591779232196,
      -0.06546699321292314,
      -0.11916460816591026
    ],
    [
      0.020123012504425258,
      0.04987451268364565,
      -0.047413762304190754,
      -0.1090591779232196,
      -0.06546699321292314,
      -0.11916460816591026
    ],
    [
      0.020123012504425258,
      0.04987451268364565,
      -0.047413762304190754,
      -0.1090591779232196,
      -0.06546699321292314,
      -0.11916460816591026
    ],
    [
      0.020123012504425258,
      0.04987451268364565,
      -0.047413762304190754,
      -0.1090591779232196,
      -0.06546699321292314,
      -0.11916460816591026
    ],
    [
      0.011422685743754641,
      0.035843845677730295,
      -0.03350466245767063,
      -0.12455653770815349,
      -0.0657613578563406,
      -0.10520027306026408
    ],
    [
      0.011422685743754641,
      0.035843845677730295,
      -0.03350466245767063,
      -0.12455653770815349,
      -0.0657613578563406,
      -0.10520027306026408
    ],
    [
      0.011422685743754641,
      0.035843845677730295,
      -0.03350466245767063,
      -0.12455653770815349,
      -0.0657613578563406,
      -0.10520027306026408
    ],
    [
      0.011422685743754641,
      0.035843845677730295,
      -0.03350466245767063,
      -0.12455653770815349,
      -0.0657613578563406,
      -0.10520027306026408
    ],
    [
      0.01499533950487865,
      0.020488978353224517,
      -0.021274914251776494,
      -0.1377244487321103,
      -0.07841112600363175,
      -0.0954150273628898
    ],
    [
      0.01499533950487865,
      0.020488978353224517,
      -0.021274914251776494,
      -0.1377244487321103,
      -0.07841112600363175,
      -0.0954150273628898
    ],
    [
      0.01499533950487865,
      0.020488978353224517,
      -0.021274914251776494,
      -0.1377244487321103,
      -0.07841112600363175,
      -0.0954150273628898
    ],
    [
      0.01499533950487865,
      0.020488978353224517,
      -0.021274914251776494,
      -0.1377244487321103,
      -0.07841112600363175,
      -0.0954150273628898
    ],
    [
      0.012509115058382276,
      0.00884899474496692,
      -0.007506288526767713,
      -0.14746733335430393,
      -0.09398180878132167,
      -0.08908761200600111
    ],
    [
      0.012509115058382276,
      0.00884899474496692,
      -0.007506288526767713,
      -0.14746733335430393,
      -0.09398180878132167,
      -0.08908761200600111
    ],
    [
      0.012509115058382276,
      0.00884899474496692,
      -0.007506288526767713,
      -0.14746733335430393,
      -0.09398180878132167,
      -0.08908761200600111
    ],
    [
      0.012509115058382276,
      0.00884899474496692,
      -0.007506288526767713,
      -0.14746733335430393,
      -0.09398180878132167,
      -0.08908761200600111
    ],
    [
      0.008333632350119923,
      0.0037907176618932987,
      -0.002405243227187161,
      -0.14892850531890311,
      -0.10227254732035099,
      -0.08324680149948815
    ],
    [
      0.008333632350119923,
      0.0037907176618932987,
      -0.002405243227187161,
      -0.14892850531890311,
      -0.10227254732035099,
      -0.08324680149948815
    ],
    [
      0.008333632350119923,
      0.0037907176618932987,
      -0.002405243227187161,
      -0.14892850531890311,
      -0.10227254732035099,
      -0.08324680149948815
    ],
    [
      0.008333632350119923,
      0.0037907176618932987,
      -0.002405243227187161,
      -0.14892850531890311,
      -0.10227254732035099,
      -0.08324680149948815
    ],
    [
      0.004709514343292488,
      -0.0009226709101050334,
      0.0019498077169468903,
      -0.1499413914925882,
      -0.10935565236034898,
      -0.07864297721938647
    ],
    [
      0.004709514343292488,
      -0.0009226709101050334,
      0.0019498077169468903,
      -0.1499413914925882,
      -0.10935565236034898,
      -0.07864297721938647
    ],
    [
      0.004709514343292488,
      -0.0009226709101050334,
      0.0019498077169468903,
      -0.1499413914925882,
      -0.10935565236034898,
      -0.07864297721938647
    ],
    [
      0.004709514343292488,
      -0.0009226709101050334,
      0.0019498077169468903,
      -0.1499413914925882,
      -0.10935565236034898,
      -0.07864297721938647
    ],
    [
      -0.00017579316168887457,
      -0.005047192260560827,
      0.004534125720041908,
      -0.15120663964531286,
      -0.11591371901697667,
      -0.07389164292777102
    ],
    [
      -0.00017579316168887457,
      -0.005047192260560827,
      0.004534125720041908,
      -0.15120663964531286,
      -0.11591371901697667,
      -0.07389164292777102
    ],
    [
      -0.00017579316168887457,
      -0.005047192260560827,
      0.004534125720041908,
      -0.15120663964531286,
      -0.11591371901697667,
      -0.07389164292777102
    ],
    [
      -0.00017579316168887457,
      -0.005047192260560827,
      0.004534125720041908,
      -0.15120663964531286,
      -0.11591371901697667,
      -0.07389164292777102
    ],
    [
      0.00020906584673489306,
      -0.007890658599182317,
      0.005800855427113893,
      -0.15184815779431057,
      -0.11972163445250578,
      -0.07279263219402156
    ],
    [
      0.00020906584673489306,
      -0.007890658599182317,
      0.005800855427113893,
      -0.15184815779431057,
      -0.11972163445250578,
      -0.07279263219402156
    ],
    [
      0.00020906584673489306,
      -0.007890658599182317,
      0.005800855427113893,
      -0.15184815779431057,
      -0.11972163445250578,
      -0.07279263219402156
    ],
    [
      0.00020906584673489306,
      -0.007890658599182317,
