{
  "seed": 7,
  "mode": "noisy",
  "episode_rewards": [
    0.08999999999999997,
    1.26,
    -0.010000000000000037,
    1.3,
    -0.010000000000000037,
    1.16,
    1.23,
    0.08999999999999997,
    1.27,
    0.19,
    1.3,
    1.27,
    1.23,
    1.03,
    -0.31000000000000005,
    1.2,
    1.23,
    1.19,
    1.23,
    1.19,
    1.3,
    1.03,
    1.27,
    1.26,
    1.3,
    1.2,
    1.27,
    -0.010000000000000009,
    0.08999999999999997,
    -0.11000000000000004,
    0.08999999999999997,
    0.19,
    -0.11000000000000004,
    1.3,
    0.99,
    1.27,
    0.08999999999999997,
    1.27,
    1.3,
    0.08999999999999997
  ],
  "episode_success": [
    false,
    true,
    false,
    true,
    false,
    true,
    true,
    false,
    true,
    false,
    true,
    true,
    true,
    true,
    false,
    true,
    true,
    true,
    true,
    true,
    true,
    true,
    true,
    true,
    true,
    true,
    true,
    false,
    false,
    false,
    false,
    false,
    false,
    true,
    true,
    true,
    false,
    true,
    true,
    false
  ],
  "episode_lengths": [
    8,
    7,
    8,
    5,
    8,
    7,
    6,
    8,
    4,
    8,
    5,
    4,
    6,
    6,
    8,
    5,
    6,
    8,
    6,
    8,
    5,
    6,
    4,
    7,
    5,
    5,
    4,
    8,
    8,
    8,
    8,
    8,
    8,
    5,
    8,
    4,
    8,
    4,
    5,
    8
  ],
  "episode_runtime_sec": [
    0.3946820999844931,
    0.2381613000179641,
    0.278013099974487,
    0.7733593999873847,
    0.33303739997791126,
    0.2724999000201933,
    0.2402142999926582,
    0.6907803999492899,
    0.14495799998985603,
    0.3479972999775782,
    0.17527479998534545,
    0.4174652000074275,
    0.21523370000068098,
    0.21892390004359186,
    0.275526000012178,
    0.5399692999781109,
    0.20974820002447814,
    0.2660337000270374,
    0.2161793999839574,
    0.5677313999622129,
    0.1762983999797143,
    0.300687899987679,
    0.16543019999517128,
    0.6123309999820776,
    0.19329359999392182,
    0.18712459999369457,
    0.1492621999932453,
    0.5914939000504091,
    0.27730140002677217,
    0.2791262000100687,
    0.2904881999711506,
    0.548179599980358,
    0.3546840000199154,
    0.17659119999734685,
    0.27321449998999014,
    0.4262149999849498,
    0.30311340000480413,
    0.14882160001434386,
    0.17736979998880997,
    0.6253895999980159
  ],
  "parameter_history": [
    [
      -0.019876983180970115,
      0.04987455054878222,
      -0.007413791810709235,
      -0.06905918598118015,
      -0.02546708786034434,
      -0.11916465264182916
    ],
    [
      -0.019876983180970115,
      0.04987455054878222,
      -0.007413791810709235,
      -0.06905918598118015,
      -0.02546708786034434,
      -0.11916465264182916
    ],
    [
      -0.019876983180970115,
      0.04987455054878222,
      -0.007413791810709235,
      -0.06905918598118015,
      -0.02546708786034434,
      -0.11916465264182916
    ],
    [
      -0.019876983180970115,
      0.04987455054878222,
      -0.007413791810709235,
      -0.06905918598118015,
      -0.02546708786034434,
      -0.11916465264182916
    ],
    [
      -0.014515790072249235,
      0.06964040091803078,
      -0.01366241017643748,
      -0.06380785412740833,
      -0.006301391956721948,
      -0.13283074997421623
    ],
    [
      -0.014515790072249235,
      0.06964040091803078,
      -0.01366241017643748,
      -0.06380785412740833,
      -0.006301391956721948,
      -0.13283074997421623
    ],
    [
      -0.014515790072249235,
      0.06964040091803078,
      -0.01366241017643748,
      -0.06380785412740833,
      -0.006301391956721948,
      -0.13283074997421623
    ],
    [
      -0.014515790072249235,
      0.06964040091803078,
      -0.01366241017643748,
      -0.06380785412740833,
      -0.006301391956721948,
      -0.13283074997421623
    ],
    [
      -0.005866336830669431,
      0.08791055212743892,
      -0.02112863431417033,
      -0.06349350371067328,
      0.012572287278935584,
      -0.14940866961346008
    ],
    [
      -0.005866336830669431,
      0.08791055212743892,
      -0.02112863431417033,
      -0.06349350371067328,
      0.012572287278935584,
      -0.14940866961346008
    ],
    [
      -0.005866336830669431,
      0.08791055212743892,
      -0.02112863431417033,
      -0.06349350371067328,
      0.012572287278935584,
      -0.14940866961346008
    ],
    [
      -0.005866336830669431,
      0.08791055212743892,
      -0.02112863431417033,
      -0.06349350371067328,
      0.012572287278935584,
      -0.14940866961346008
    ],
    [
      -0.008065043943178987,
      0.10684420011840949,
      -0.01877141244400229,
      -0.05988394978107899,
      0.031882767317436805,
      -0.16719475224126082
    ],
    [
      -0.008065043943178987,
      0.10684420011840949,
      -0.01877141244400229,
      -0.05988394978107899,
      0.031882767317436805,
      -0.16719475224126082
    ],
    [
      -0.008065043943178987,
      0.10684420011840949,
      -0.01877141244400229,
      -0.05988394978107899,
      0.031882767317436805,
      -0.16719475224126082
    ],
    [
      -0.008065043943178987,
      0.10684420011840949,
      -0.01877141244400229,
      -0.05988394978107899,
      0.031882767317436805,
      -0.16719475224126082
    ],
    [
      -0.010844109604034946,
      0.1260202742461121,
      -0.013738800972359156,
      -0.0525977396609042,
      0.04757793987057046,
      -0.18501924228207361
    ],
    [
      -0.010844109604034946,
      0.1260202742461121,
      -0.013738800972359156,
      -0.0525977396609042,
      0.04757793987057046,
      -0.18501924228207361
    ],
    [
      -0.010844109604034946,
      0.1260202742461121,
      -0.013738800972359156,
      -0.0525977396609042,
      0.04757793987057046,
      -0.18501924228207361
    ],
    [
      -0.010844109604034946,
      0.1260202742461121,
      -0.013738800972359156,
      -0.0525977396609042,
      0.04757793987057046,
      -0.18501924228207361
    ],
    [
      -0.012217898116118222,
      0.14461014418729282,
      -0.010531730111204004,
      -0.048062946544725774,
      0.062025516708044515,
      -0.20299537291058734
    ],
    [
      -0.012217898116118222,
      0.14461014418729282,
      -0.010531730111204004,
      -0.048062946544725774,
      0.062025516708044515,
      -0.20299537291058734
    ],
    [
      -0.012217898116118222,
      0.14461014418729282,
      -0.010531730111204004,
      -0.048062946544725774,
      0.062025516708044515,
      -0.20299537291058734
    ],
    [
      -0.012217898116118222,
      0.14461014418729282,
      -0.010531730111204004,
      -0.048062946544725774,
      0.062025516708044515,
      -0.20299537291058734
    ],
    [
      -0.012931044136250586,
      0.15733108183530514,
      -0.008885209928664246,
      -0.04621168337783725,
      0.07103020133439601,
      -0.2141085607691966
    ],
    [
      -0.012931044136250586,
      0.15733108183530514,
      -0.008885209928664246,
      -0.04621168337783725,
      0.07103020133439601,
      -0.2141085607691966
    ],
    [
      -0.012931044136250586,
      0.15733108183530514,
      -0.008885209928664246,
      -0.04621168337783725,
      0.07103020133439601,
      -0.2141085607691966
    ],
    [
      -0.012931044136250586,
      0.15733108183530514,
      -0.008885209928664246,
      -0.04621168337783725,
      0.07103020133439601,
      -0.2141085607691966
    ],
    [
      -0.004784745157090537,
      0.17200430141554807,
      -0.006902725011322615,
      -0.036876847065827154,
      0.06963980278276317,
      -0.22797400853426686
    ],
    [
      -0.004784745157090537,
      0.17200430141554807,
      -0.006902725011322615,
      -0.036876847065827154,
      0.06963980278276317,
      -0.22797400853426686
    ],
    [
      -0.004784745157090537,
      0.17200430141554807,
      -0.006902725011322615,
      -0.036876847065827154,
      0.06963980278276317,
      -0.22797400853426686
