{
  "seed": 21,
  "name": "tabular_reinforce",
  "episode_rewards": [
    -0.11000000000000004,
    -0.4100000000000001,
    0.08999999999999997,
    1.2,
    1.19,
    -0.31000000000000005,
    -0.11000000000000004,
    -0.4100000000000001,
    0.18999999999999997,
    -0.21000000000000002,
    -0.7100000000000002,
    0.08999999999999997,
    -0.16000000000000003,
    1.3,
    1.2,
    1.27,
    -0.11000000000000004,
    1.2,
    1.27,
    1.27,
    1.03,
    -0.11000000000000004,
    -0.21000000000000005,
    1.3,
    0.08999999999999997,
    1.27,
    1.27,
    1.3,
    1.19,
    1.3,
    1.26,
    1.27,
    0.08999999999999997,
    1.27,
    1.06,
    1.27,
    1.27,
    1.3,
    1.27,
    1.23
  ],
  "episode_success": [
    false,
    false,
    false,
    true,
    true,
    false,
    false,
    false,
    false,
    false,
    false,
    false,
    false,
    true,
    true,
    true,
    false,
    true,
    true,
    true,
    true,
    false,
    false,
    true,
    false,
    true,
    true,
    true,
    true,
    true,
    true,
    true,
    false,
    true,
    true,
    true,
    true,
    true,
    true,
    true
  ],
  "episode_lengths": [
    8,
    8,
    8,
    5,
    8,
    8,
    8,
    8,
    8,
    8,
    8,
    8,
    8,
    5,
    5,
    4,
    8,
    5,
    4,
    4,
    6,
    8,
    8,
    5,
    8,
    4,
    4,
    5,
    8,
    5,
    7,
    4,
    8,
    4,
    7,
    4,
    4,
    5,
    4,
    6
  ],
  "episode_runtime_sec": [
    0.0024417000240646303,
    0.0019174999906681478,
    0.0021088000503368676,
    0.001368400000501424,
    0.0018259999924339354,
    0.0022401000023819506,
    0.0019922999781556427,
    0.0021305999835021794,
    0.0023689999943599105,
    0.0018564999918453395,
    0.0021047000191174448,
    0.0026777000166475773,
    0.0023087000008672476,
    0.0015376000083051622,
    0.0014889999874867499,
    0.00117200001841411,
    0.001977299980353564,
    0.0018316000350750983,
    0.0016132000018842518,
    0.0026753999991342425,
    0.0021115000126883388,
    0.002064200001768768,
    0.0024488000199198723,
    0.0013094000169076025,
    0.002978699980303645,
    0.0013780000153928995,
    0.001281099976040423,
    0.0014252999681048095,
    0.0022191000171005726,
    0.0014783000224269927,
    0.001895099994726479,
    0.001056100009009242,
    0.003959299996495247,
    0.0013429000391624868,
    0.0018262999947182834,
    0.0027342000394128263,
    0.0028100000345148146,
    0.0017446999554522336,
    0.0020807000109925866,
    0.0019327000482007861
  ],
  "loss_history": [
    -0.9923221389146412,
    -0.6649902018163,
    0.49761969182868065,
    3.6803432369813214,
    5.095562917765576,
    -1.3897962747358747,
    -0.7834023944715685,
    -0.8903470938942117,
    -0.016026518144669228,
    -0.9514673543411408,
    -2.051844416926902,
    -0.5442076499339752,
    -0.8742358273621095,
    2.5033662708854454,
    2.021380889553431,
    1.503472834047733,
    -1.438278258950867,
    1.4770610286431758,
    1.8060706089193799,
    1.4574410958323076,
    2.3728305779113774,
    -1.5006399167289106,
    -3.9067054790820923,
    1.0153275367245147,
    -1.9830587493844494,
    0.6524201826314933,
    0.5575745669698187,
    0.6989598970274816,
    2.2627315475530443,
    0.5277386978511402,
    1.6093169838959733,
    0.243239498466778,
    -2.449553761115697,
    0.2507693635584018,
    1.2609380367077578,
    0.1965176292828089,
    0.169035282558595,
    0.2546255522365064,
    0.12116286394860587,
    0.21119591165397855
  ],
  "grad_norm_history": [
    0.3249047994446323,
    0.41149680217796064,
    0.3142257250842598,
    1.3340530946505145,
    2.1876130295241287,
    0.4444753104736243,
    0.44897251925769566,
    0.45611484375523453,
    0.16112624848874021,
    0.42448956039812946,
    1.407296053258907,
    0.35547623609712714,
    0.623344960566945,
    1.297887090667958,
    1.2140018882246777,
    0.8833864961670773,
    0.8545886284396846,
    0.9128755691366417,
    0.976763179744864,
    0.801030049317496,
    0.8320529725284014,
    0.6265815426473657,
    2.264306232508108,
    0.5719314887965018,
    0.6140651494665176,
    0.4164859127331898,
    0.35894655218583144,
    0.40305493083855465,
    0.8843626644353071,
    0.30900324791137235,
    0.6226316393947079,
    0.16460653998366206,
    0.8183937931727473,
    0.17038162860807965,
    0.5305230715057393,
    0.13589923402241116,
    0.11794088335013345,
    0.15632429468815012,
    0.08630032426317254,
    0.17029162550820576
  ],
  "total_runtime_sec": 0.08249559998512268,
  "final_parameters": [
    [
      0.01793867040019571,
      0.07553386540717287
    ],
    [
      0.9726417361363181,
      -0.9776276225685896
    ],
    [
      0.7134278716064681,
      -0.7557926614330326
    ],
    [
      -0.0401478359195181,
      -0.054140825829129546
    ],
    [
      -0.8417563963472917,
      0.8722683374045268
    ],
    [
      -0.7709846876167594,
      0.8321021754117172
    ],
    [
      -1.2465502425684338,
      1.0832617170954129
    ],
    [
      0.07769015871448261,
      0.048444268272833005
    ]
  ],
  "evaluation": {
    "avg_reward": 1.006875,
    "std_reward": 0.533979385721022,
    "success_rate": 0.8125,
    "avg_length": 5.4375
  },
  "summary_metrics": {
    "convergence_episode": 29,
    "convergence_runtime_sec": 0.05685420008376241,
    "final_avg_reward": 1.2333333333333334,
    "final_success_rate": 1.0,
    "reward_auc": 0.6894871794871794,
    "success_auc": 0.6025641025641025,
    "grad_norm_final": 0.1995465722229687,
    "total_runtime_sec": 0.08249559998512268
  }
}