{
  "seed": 21,
  "name": "mlp_reinforce",
  "episode_rewards": [
    -0.11000000000000004,
    -0.6100000000000001,
    -0.51,
    -0.11000000000000004,
    0.18999999999999997,
    0.69,
    1.26,
    -0.4100000000000001,
    -0.010000000000000037,
    -0.21000000000000005,
    -0.010000000000000037,
    -0.11000000000000004,
    1.23,
    0.08999999999999997,
    1.26,
    1.3,
    -0.21000000000000002,
    -0.010000000000000037,
    0.08999999999999997,
    1.23,
    1.27,
    0.99,
    1.3,
    0.99,
    1.27,
    1.3,
    1.27,
    1.3,
    1.3,
    1.27,
    1.27,
    1.26,
    1.3,
    1.2,
    1.27,
    1.27,
    1.3,
    1.27,
    1.3,
    1.26
  ],
  "episode_success": [
    false,
    false,
    false,
    false,
    false,
    true,
    true,
    false,
    false,
    false,
    false,
    false,
    true,
    false,
    true,
    true,
    false,
    false,
    false,
    true,
    true,
    true,
    true,
    true,
    true,
    true,
    true,
    true,
    true,
    true,
    true,
    true,
    true,
    true,
    true,
    true,
    true,
    true,
    true,
    true
  ],
  "episode_lengths": [
    8,
    8,
    8,
    8,
    8,
    8,
    7,
    8,
    8,
    8,
    8,
    8,
    6,
    8,
    7,
    5,
    8,
    8,
    8,
    6,
    4,
    8,
    5,
    8,
    4,
    5,
    4,
    5,
    5,
    4,
    4,
    7,
    5,
    5,
    4,
    4,
    5,
    4,
    5,
    7
  ],
  "episode_runtime_sec": [
    0.001762299973051995,
    0.00155999994603917,
    0.0016041999915614724,
    0.001503499981481582,
    0.0014861999661661685,
    0.0014894000487402081,
    0.0013466000091284513,
    0.001721500011626631,
    0.0014938999665901065,
    0.0014784999657422304,
    0.0015355999930761755,
    0.0021797000081278384,
    0.0021852999925613403,
    0.0026169000193476677,
    0.0018464000313542783,
    0.001042200019583106,
    0.001754000026267022,
    0.0015010999632067978,
    0.0015433000517077744,
    0.0011629000073298812,
    0.0008623999892733991,
    0.0014801999786868691,
    0.0009906000341288745,
    0.0014882999821566045,
    0.0008823999669402838,
    0.0009895000257529318,
    0.0008073999779298902,
    0.0009949000086635351,
    0.0009858999983407557,
    0.0008098999969661236,
    0.0008608999778516591,
    0.001407100004144013,
    0.0009809999610297382,
    0.000983899983111769,
    0.0008091999916359782,
    0.0008043000125326216,
    0.0009994999854825437,
    0.0008099999977275729,
    0.001000499993097037,
    0.00161500001559034
  ],
  "loss_history": [
    -0.5504991453791831,
    -0.7517069047354848,
    -0.8186515057919522,
    -0.9020208725318042,
    0.7175393434324067,
    5.521318476400649,
    4.438652336389129,
    -1.3641893757831116,
    -1.187605515835105,
    -1.1667854337295462,
    -0.8971640285416828,
    -1.1351764861899198,
    3.4703387695630328,
    -0.6866651119258675,
    3.081024623272988,
    1.7902773166155523,
    -2.5943551095597392,
    -1.525190287806941,
    -1.066323955281918,
    3.0732282697929647,
    0.430457501601156,
    2.0984376251456154,
    0.4023730244248421,
    1.1332900268703907,
    0.08813887366078947,
    0.2432084494498044,
    0.0405857570819445,
    0.14484308844962018,
    0.10217440869266016,
    0.010892617895697197,
    0.006877468678484187,
    0.0645964537461618,
    0.019001822743822137,
    0.0011948230363729336,
    0.0010678075024336683,
    0.0006722959030914267,
    0.0032832542104634294,
    0.00025286726263129805,
    0.0014270120114417619,
    0.0029074547857982995
  ],
  "grad_norm_history": [
    0.48228238141447266,
    1.0686994631125324,
    0.6957827253435613,
    0.4622298181827858,
    0.3375435826545407,
    0.7644249065484313,
    2.529506728406052,
    0.5713718932541637,
    0.8770289237642179,
    0.5938193435460457,
    0.36903822977196526,
    1.144949857906776,
    3.1699931617341854,
    0.4124374750582841,
    2.470937347705073,
    2.0171852317662204,
    2.0255167052415706,
    1.347370327444511,
    0.5467052431337984,
    2.964981388161239,
    0.9001940154588208,
    2.130139522166037,
    0.7727861299391999,
    0.7013912291269102,
    0.20901842005017476,
    0.7791610936114827,
    0.12700316660544164,
    0.5533298405897511,
    0.42003983756058955,
    0.04199965229801905,
    0.027441191633511518,
    0.3044004958217932,
    0.0948640729589014,
    0.004425778345211976,
    0.004867541482015806,
    0.0031420863134380313,
    0.01772251111632785,
    0.001319010425137225,
    0.00794836364698139,
    0.013148574887438935
  ],
  "total_runtime_sec": 0.05476199998520315,