{
  "seed": 21,
  "name": "tabular_reinforce",
  "episode_rewards": [
    -0.11000000000000004,
    -0.4100000000000001,
    0.08999999999999997,
    1.2,
    1.19,
    -0.31000000000000005,
    -0.11000000000000004,
    -0.4100000000000001,
    0.18999999999999997,
    -0.21000000000000002,
    -0.7100000000000002,
    0.08999999999999997,
    -0.16000000000000003,
    1.3,
    1.2,
    1.27,
    -0.11000000000000004,
    1.2,
    1.27,
    1.27,
    1.03,
    -0.11000000000000004,
    -0.21000000000000005,
    1.3,
    0.08999999999999997,
    1.27,
    1.27,
    1.3,
    1.19,
    1.3,
    1.26,
    1.27,
    0.08999999999999997,
    1.27,
    1.06,
    1.27,
    1.27,
    1.3,
    1.27,
    1.23
  ],
  "episode_success": [
    false,
    false,
    false,
    true,
    true,
    false,
    false,
    false,
    false,
    false,
    false,
    false,
    false,
    true,
    true,
    true,
    false,
    true,
    true,
    true,
    true,
    false,
    false,
    true,
    false,
    true,
    true,
    true,
    true,
    true,
    true,
    true,
    false,
    true,
    true,
    true,
    true,
    true,
    true,
    true
  ],
  "episode_lengths": [
    8,
    8,
    8,
    5,
    8,
    8,
    8,
    8,
    8,
    8,
    8,
    8,
    8,
    5,
    5,
    4,
    8,
    5,
    4,
    4,
    6,
    8,
    8,
    5,
    8,
    4,
    4,
    5,
    8,
    5,
    7,
    4,
    8,
    4,
    7,
    4,
    4,
    5,
    4,
    6
  ],
  "episode_runtime_sec": [
    0.0018054000101983547,
    0.0015822999994270504,
    0.0016100999782793224,
    0.0009802000131458044,
    0.0014802999794483185,
    0.0014714999706484377,
    0.0014619000139646232,
    0.001553200010675937,
    0.0014685000060126185,
    0.0014749999972991645,
    0.001678900036495179,
    0.0019319999846629798,
    0.0017313000280410051,
    0.0011063999845646322,
    0.001090999983716756,
    0.0009073999826796353,
    0.0017963999998755753,
    0.001049600017722696,
    0.000908799993339926,
    0.000875400030054152,
    0.0013123999815434217,
    0.0015938000287860632,
    0.0016276999958790839,
    0.001052799983881414,
    0.0017452999600209296,
    0.0009512000251561403,
    0.0008917999803088605,
    0.0010534999892115593,
    0.0015557999722659588,
    0.00101940002059564,
    0.001456499972846359,
    0.0008665000204928219,
    0.0016601000097580254,
    0.0009494999540038407,
    0.0015451000072062016,
    0.0009883000166155398,
    0.0009510999661870301,
    0.0011327999527566135,
    0.0009339000098407269,
    0.0013150000013411045
  ],
  "loss_history": [
    -0.9923221389146412,
    -0.6649902018163,
    0.49761969182868065,
    3.6803432369813214,
    5.095562917765576,
    -1.3897962747358747,
    -0.7834023944715685,
    -0.8903470938942117,
    -0.016026518144669228,
    -0.9514673543411408,
    -2.051844416926902,
    -0.5442076499339752,
    -0.8742358273621095,
    2.5033662708854454,
    2.021380889553431,
    1.503472834047733,
    -1.438278258950867,
    1.4770610286431758,
    1.8060706089193799,
    1.4574410958323076,
    2.3728305779113774,
    -1.5006399167289106,
    -3.9067054790820923,
    1.0153275367245147,
    -1.9830587493844494,
    0.6524201826314933,
    0.5575745669698187,
    0.6989598970274816,
    2.2627315475530443,
    0.5277386978511402,
    1.6093169838959733,
    0.243239498466778,
    -2.449553761115697,
    0.2507693635584018,
    1.2609380367077578,
    0.1965176292828089,
    0.169035282558595,
    0.2546255522365064,
    0.12116286394860587,
    0.21119591165397855
  ],
  "grad_norm_history": [
    0.3249047994446323,
    0.41149680217796064,
    0.3142257250842598,
    1.3340530946505145,
    2.1876130295241287,
    0.4444753104736243,
    0.44897251925769566,
    0.45611484375523453,
    0.16112624848874021,
    0.42448956039812946,
    1.407296053258907,
    0.35547623609712714,
    0.623344960566945,
    1.297887090667958,
    1.2140018882246777,
    0.8833864961670773,
    0.8545886284396846,
    0.9128755691366417,
    0.976763179744864,
    0.801030049317496,
    0.8320529725284014,
    0.6265815426473657,
    2.264306232508108,
    0.5719314887965018,
    0.6140651494665176,
    0.4164859127331898,
    0.35894655218583144,
    0.40305493083855465,
    0.8843626644353071,
    0.30900324791137235,
    0.6226316393947079,
    0.16460653998366206,
    0.8183937931727473,
    0.17038162860807965,
    0.5305230715057393,
    0.13589923402241116,
    0.11794088335013345,
    0.15632429468815012,
    0.08630032426317254,
    0.17029162550820576
  ],
  "total_runtime_sec": 0.05431680002948269,
  "final_parameters": [
    [
      0.01793867040019571,
      0.07553386540717287
    ],
    [
      0.9726417361363181,
      -0.9776276225685896
    ],
    [
      0.7134278716064681,
      -0.7557926614330326
    ],
    [
      -0.0401478359195181,
      -0.054140825829129546
    ],
    [
      -0.8417563963472917,
      0.8722683374045268
    ],
    [
      -0.7709846876167594,
      0.8321021754117172
    ],
    [
      -1.2465502425684338,
      1.0832617170954129
    ],
    [
      0.07769015871448261,
      0.048444268272833005
    ]
  ],
  "evaluation": {
    "avg_reward": 0.994375,
    "std_reward": 0.5450569780995378,
    "success_rate": 0.8125,
    "avg_length": 5.75
  },
  "summary_metrics": {
    "convergence_episode": 29,
    "convergence_runtime_sec": 0.0397498999373056,
    "final_avg_reward": 1.2333333333333334,
    "final_success_rate": 1.0,
    "reward_auc": 0.6894871794871794,
    "success_auc": 0.6025641025641025,
    "grad_norm_final": 0.1995465722229687,
    "total_runtime_sec": 0.05431680002948269
  }
}