molecule,bond_length,method,energy_hartree,delta_hartree,chemical_accuracy
H2,0.6,Exact,-1.0068357436586024,0.0,True
H2,0.6,EfficientSU2,-0.7231998850653969,0.2836358585932055,False
H2,0.8,Exact,-0.7741471707043226,0.0,True
H2,0.8,EfficientSU2,-0.7279208044740024,0.04622636623032017,False
