{
  "seed": 47,
  "mode": "ideal",
  "episode_rewards": [
    1.19,
    1.3,
    1.23,
    1.26,
    0.99,
    -0.31000000000000005,
    1.26,
    1.27,
    1.19,
    1.27,
    1.23,
    -0.4100000000000001,
    1.27,
    1.27,
    1.27,
    1.23,
    1.23,
    1.3,
    1.27,
    1.27,
    1.27,
    1.03,
    0.19,
    1.3,
    1.27,
    1.26,
    -0.9100000000000001,
    1.27,
    1.27,
    0.08999999999999997,
    0.08999999999999997,
    1.27,
    0.18999999999999997,
    1.3,
    1.27,
    1.03,
    1.23,
    0.18999999999999997,
    0.08999999999999997,
    -0.11000000000000004
  ],
  "episode_success": [
    true,
    true,
    true,
    true,
    true,
    false,
    true,
    true,
    true,
    true,
    true,
    false,
    true,
    true,
    true,
    true,
    true,
    true,
    true,
    true,
    true,
    true,
    false,
    true,
    true,
    true,
    false,
    true,
    true,
    false,
    false,
    true,
    false,
    true,
    true,
    true,
    true,
    false,
    false,
    false
  ],
  "episode_lengths": [
    8,
    5,
    6,
    7,
    8,
    8,
    7,
    4,
    8,
    4,
    6,
    8,
    4,
    4,
    4,
    6,
    6,
    5,
    4,
    4,
    4,
    6,
    8,
    5,
    4,
    7,
    8,
    4,
    4,
    8,
    8,
    4,
    8,
    5,
    4,
    6,
    6,
    8,
    8,
    8
  ],
  "episode_runtime_sec": [
    0.15583090001018718,
    0.0998313000309281,
    0.12245740002254024,
    0.23537810001289472,
    0.16250320000108331,
    0.15354410000145435,
    0.13478369999211282,
    0.24001439998392016,
    0.1717509999871254,
    0.08099620003486052,
    0.12429900001734495,
    0.278939799987711,
    0.08330910000950098,
    0.09016360004898161,
    0.08757350000087172,
    0.2111311000189744,
    0.12100429995916784,
    0.10415999998804182,
    0.08892090001609176,
    0.21411169995553792,
    0.08078720001503825,
    0.11782300000777468,
    0.16330789995845407,
    0.2061272999853827,
    0.15544729999965057,
    0.14256900001782924,
    0.15686019998975098,
    0.21041639999020845,
    0.08653699996648356,
    0.16532339999685064,
    0.16613029997097328,
    0.22467799996957183,
    0.17310890002408996,
    0.10628279997035861,
    0.09120209998218343,
    0.24112939997576177,
    0.12326239998219535,
    0.22093160002259538,
    0.17293469997821376,
    0.27713860000949353
  ],
  "parameter_history": [
    [
      -0.08664369322336783,
      0.029745092278636732,
      -0.20996465653033786,
      -0.17400697618255231,
      -0.1210519213434812,
      -0.10005886897747251
    ],
    [
      -0.08664369322336783,
      0.029745092278636732,
      -0.20996465653033786,
      -0.17400697618255231,
      -0.1210519213434812,
      -0.10005886897747251
    ],
    [
      -0.08664369322336783,
      0.029745092278636732,
      -0.20996465653033786,
      -0.17400697618255231,
      -0.1210519213434812,
      -0.10005886897747251
    ],
    [
      -0.08664369322336783,
      0.029745092278636732,
      -0.20996465653033786,
      -0.17400697618255231,
      -0.1210519213434812,
      -0.10005886897747251
    ],
    [
      -0.10521451949861245,
      0.022746726271727167,
      -0.22661618218667107,
      -0.1596237598246856,
      -0.1015385252556294,
      -0.11557194899070997
    ],
    [
      -0.10521451949861245,
      0.022746726271727167,
      -0.22661618218667107,
      -0.1596237598246856,
      -0.1015385252556294,
      -0.11557194899070997
    ],
    [
      -0.10521451949861245,
      0.022746726271727167,
      -0.22661618218667107,
      -0.1596237598246856,
      -0.1015385252556294,
      -0.11557194899070997
    ],
    [
      -0.10521451949861245,
      0.022746726271727167,
      -0.22661618218667107,
      -0.1596237598246856,
      -0.1015385252556294,
      -0.11557194899070997
    ],
    [
      -0.10985453489878542,
      0.02499652495452493,
      -0.24445506697191227,
      -0.142924617304995,
      -0.0926007797869019,
      -0.13308726708040014
    ],
    [
      -0.10985453489878542,
      0.02499652495452493,
      -0.24445506697191227,
      -0.142924617304995,
      -0.0926007797869019,
      -0.13308726708040014
    ],
    [
      -0.10985453489878542,
      0.02499652495452493,
      -0.24445506697191227,
      -0.142924617304995,
      -0.0926007797869019,
      -0.13308726708040014
    ],
    [
      -0.10985453489878542,
      0.02499652495452493,
      -0.24445506697191227,
      -0.142924617304995,
      -0.0926007797869019,
      -0.13308726708040014
    ],
    [
      -0.11080674280878554,
      0.027239654790556192,
      -0.25773075923466876,
      -0.1288435081013284,
      -0.08931933192130723,
      -0.14660873111160977
    ],
    [
      -0.11080674280878554,
      0.027239654790556192,
      -0.25773075923466876,
      -0.1288435081013284,
      -0.08931933192130723,
      -0.14660873111160977
    ],
    [
      -0.11080674280878554,
      0.027239654790556192,
      -0.25773075923466876,
      -0.1288435081013284,
      -0.08931933192130723,
      -0.14660873111160977
    ],
    [
      -0.11080674280878554,
      0.027239654790556192,
      -0.25773075923466876,
      -0.1288435081013284,
      -0.08931933192130723,
      -0.14660873111160977
    ],
    [
      -0.11051107989232423,
      0.02876687241631946,
      -0.2691134747939248,
      -0.11700319440399749,
      -0.0867318287617344,
      -0.15771844333181229
    ],
    [
      -0.11051107989232423,
      0.02876687241631946,
      -0.2691134747939248,
      -0.11700319440399749,
      -0.0867318287617344,
      -0.15771844333181229
    ],
    [
      -0.11051107989232423,
      0.02876687241631946,
      -0.2691134747939248,
      -0.11700319440399749,
      -0.0867318287617344,
      -0.15771844333181229
    ],
    [
      -0.11051107989232423,
      0.02876687241631946,
      -0.2691134747939248,
      -0.11700319440399749,
      -0.0867318287617344,
      -0.15771844333181229
    ],
    [
      -0.10843267227284703,
      0.028549784891400868,
      -0.27223334909099195,
      -0.11209344447850061,
      -0.08476065951879873,
      -0.16004607073248167
    ],
    [
      -0.10843267227284703,
      0.028549784891400868,
      -0.27223334909099195,
      -0.11209344447850061,
      -0.08476065951879873,
      -0.16004607073248167
    ],
    [
      -0.10843267227284703,
      0.028549784891400868,
      -0.27223334909099195,
      -0.11209344447850061,
      -0.08476065951879873,
      -0.16004607073248167
    ],
    [
      -0.10843267227284703,
      0.028549784891400868,
      -0.27223334909099195,
      -0.11209344447850061,
      -0.08476065951879873,
      -0.16004607073248167
    ],
    [
      -0.10997731415919093,
      0.025660256951277043,
      -0.2775903837647692,
      -0.10732708964567837,
      -0.08086602124909832,
      -0.16374995012162247
    ],
    [
      -0.10997731415919093,
      0.025660256951277043,
      -0.2775903837647692,
      -0.10732708964567837,
      -0.08086602124909832,
      -0.16374995012162247
    ],
    [
      -0.10997731415919093,
      0.025660256951277043,
      -0.2775903837647692,
      -0.10732708964567837,
      -0.08086602124909832,
      -0.16374995012162247
    ],
    [
      -0.10997731415919093,
      0.025660256951277043,
      -0.2775903837647692,
      -0.10732708964567837,
      -0.08086602124909832,
      -0.16374995012162247
    ],
    [
      -0.10866355605478807,
      0.02213461880563391,
      -0.2807933087312102,
      -0.1043476198944835,
      -0.0795595205774872,
      -0.16741823812335024
    ],
    [
      -0.10866355605478807,
      0.02213461880563391,
      -0.2807933087312102,
      -0.1043476198944835,
      -0.0795595205774872,
      -0.16741823812335024
    ],
    [
      -0.10866355605478807,
      0.02213461880563391,
      -0.2807933087312102,
      -0.1043476198944835,
      -0.0795595205774872,
      -0.16741823812335024
    ],
    [
      -0.10866355605478807,
      0.02213461880563391,
      -0.2807933087312102,
