{
  "seed": 47,
  "mode": "mitigated",
  "episode_rewards": [
    0.08999999999999997,
    1.3,
    1.23,
    1.19,
    1.26,
    0.99,
    0.08999999999999997,
    1.27,
    1.19,
    1.27,
    1.3,
    -0.31000000000000005,
    1.27,
    1.27,
    1.27,
    1.16,
    1.26,
    0.18999999999999997,
    1.19,
    1.3,
    1.27,
    1.3,
    1.27,
    1.3,
    1.26,
    1.23,
    -0.11000000000000004,
    0.18999999999999997,
    1.27,
    -0.11000000000000004,
    0.96,
    1.26,
    1.23,
    1.3,
    1.27,
    1.26,
    1.27,
    0.19,
    1.19,
    1.23
  ],
  "episode_success": [
    false,
    true,
    true,
    true,
    true,
    true,
    false,
    true,
    true,
    true,
    true,
    false,
    true,
    true,
    true,
    true,
    true,
    false,
    true,
    true,
    true,
    true,
    true,
    true,
    true,
    true,
    false,
    false,
    true,
    false,
    true,
    true,
    true,
    true,
    true,
    true,
    true,
    false,
    true,
    true
  ],
  "episode_lengths": [
    8,
    5,
    6,
    8,
    7,
    8,
    8,
    4,
    8,
    4,
    5,
    8,
    4,
    4,
    4,
    7,
    7,
    8,
    8,
    5,
    4,
    5,
    4,
    5,
    7,
    6,
    8,
    8,
    4,
    8,
    7,
    7,
    6,
    5,
    4,
    7,
    4,
    8,
    8,
    6
  ],
  "episode_runtime_sec": [
    1.461623499984853,
    0.910655300016515,
    1.071773600007873,
    2.421317200001795,
    1.2276335000060499,
    1.3144996999762952,
    1.3440998999867588,
    2.0316552000003867,
    1.3952418999979272,
    0.7494234999758191,
    0.9728829000378028,
    2.633571700018365,
    0.6943261999986134,
    0.6951894999947399,
    0.7003258999902755,
    2.219148799951654,
    1.141577500035055,
    1.327908999985084,
    1.3620776999741793,
    2.0408929999684915,
    0.7043306999839842,
    0.8445549000171013,
    0.6888423999771476,
    1.9577882000012323,
    1.1551865999936126,
    1.0054086000309326,
    1.4230257999734022,
    2.5604226000141352,
    0.7353082000045106,
    1.3334251000196673,
    1.2237177999923006,
    2.7397840000339784,
    1.149304700025823,
    0.9192397999577224,
    0.7340762999956496,
    2.368150800000876,
    0.7266683999914676,
    1.2955912000034004,
    1.296581500035245,
    2.30627329996787
  ],
  "parameter_history": [
    [
      -0.08664369286418278,
      -0.010254902524177425,
      -0.1699647012271802,
      -0.2140069730103008,
      -0.12105191553286114,
      -0.10005886069221688
    ],
    [
      -0.08664369286418278,
      -0.010254902524177425,
      -0.1699647012271802,
      -0.2140069730103008,
      -0.12105191553286114,
      -0.10005886069221688
    ],
    [
      -0.08664369286418278,
      -0.010254902524177425,
      -0.1699647012271802,
      -0.2140069730103008,
      -0.12105191553286114,
      -0.10005886069221688
    ],
    [
      -0.08664369286418278,
      -0.010254902524177425,
      -0.1699647012271802,
      -0.2140069730103008,
      -0.12105191553286114,
      -0.10005886069221688
    ],
    [
      -0.07523831868340171,
      -0.018703129008833756,
      -0.15066677427582637,
      -0.2135569496033479,
      -0.1019296976869642,
      -0.08959127965285589
    ],
    [
      -0.07523831868340171,
      -0.018703129008833756,
      -0.15066677427582637,
      -0.2135569496033479,
      -0.1019296976869642,
      -0.08959127965285589
    ],
    [
      -0.07523831868340171,
      -0.018703129008833756,
      -0.15066677427582637,
      -0.2135569496033479,
      -0.1019296976869642,
      -0.08959127965285589
    ],
    [
      -0.07523831868340171,
      -0.018703129008833756,
      -0.15066677427582637,
      -0.2135569496033479,
      -0.1019296976869642,
      -0.08959127965285589
    ],
    [
      -0.06087336335339981,
      -0.028123487216204796,
      -0.1363627821837544,
      -0.20095386202118898,
      -0.08263817249200123,
      -0.09140455588655517
    ],
    [
      -0.06087336335339981,
      -0.028123487216204796,
      -0.1363627821837544,
      -0.20095386202118898,
      -0.08263817249200123,
      -0.09140455588655517
    ],
    [
      -0.06087336335339981,
      -0.028123487216204796,
      -0.1363627821837544,
      -0.20095386202118898,
      -0.08263817249200123,
      -0.09140455588655517
    ],
    [
      -0.06087336335339981,
      -0.028123487216204796,
      -0.1363627821837544,
      -0.20095386202118898,
      -0.08263817249200123,
      -0.09140455588655517
    ],
    [
      -0.047589633571322176,
      -0.03455121093008334,
      -0.1223933765259478,
      -0.18921345693297423,
      -0.06595796257311287,
      -0.09785514038717429
    ],
    [
      -0.047589633571322176,
      -0.03455121093008334,
      -0.1223933765259478,
      -0.18921345693297423,
      -0.06595796257311287,
      -0.09785514038717429
    ],
    [
      -0.047589633571322176,
      -0.03455121093008334,
      -0.1223933765259478,
      -0.18921345693297423,
      -0.06595796257311287,
      -0.09785514038717429
    ],
    [
      -0.047589633571322176,
      -0.03455121093008334,
      -0.1223933765259478,
      -0.18921345693297423,
      -0.06595796257311287,
      -0.09785514038717429
    ],
    [
      -0.04053698135347209,
      -0.03828522333816707,
      -0.11435919664894684,
      -0.182544437286225,
      -0.057550739823078276,
      -0.09751253559555756
    ],
    [
      -0.04053698135347209,
      -0.03828522333816707,
      -0.11435919664894684,
      -0.182544437286225,
      -0.057550739823078276,
      -0.09751253559555756
    ],
    [
      -0.04053698135347209,
      -0.03828522333816707,
      -0.11435919664894684,
      -0.182544437286225,
      -0.057550739823078276,
      -0.09751253559555756
    ],
    [
      -0.04053698135347209,
      -0.03828522333816707,
      -0.11435919664894684,
      -0.182544437286225,
      -0.057550739823078276,
      -0.09751253559555756
    ],
    [
      -0.034036775171550904,
      -0.041703263248407396,
      -0.10671947156357141,
      -0.17648218140426364,
      -0.04936932094765122,
      -0.09854746471443594
    ],
    [
      -0.034036775171550904,
      -0.041703263248407396,
      -0.10671947156357141,
      -0.17648218140426364,
      -0.04936932094765122,
      -0.09854746471443594
    ],
    [
      -0.034036775171550904,
      -0.041703263248407396,
      -0.10671947156357141,
      -0.17648218140426364,
      -0.04936932094765122,
      -0.09854746471443594
    ],
    [
      -0.034036775171550904,
      -0.041703263248407396,
      -0.10671947156357141,
      -0.17648218140426364,
      -0.04936932094765122,
      -0.09854746471443594
    ],
    [
      -0.026499338182693528,
      -0.046778494777510886,
      -0.10007763676094308,
      -0.17352657538634716,
      -0.041185861843174756,
      -0.10013161613677014
    ],
    [
      -0.026499338182693528,
      -0.046778494777510886,
      -0.10007763676094308,
      -0.17352657538634716,
      -0.041185861843174756,
      -0.10013161613677014
    ],
    [
      -0.026499338182693528,
      -0.046778494777510886,
      -0.10007763676094308,
      -0.17352657538634716,
      -0.041185861843174756,
      -0.10013161613677014
    ],
    [
      -0.026499338182693528,
      -0.046778494777510886,
      -0.10007763676094308,
      -0.17352657538634716,
      -0.041185861843174756,
      -0.10013161613677014
    ],
    [
      -0.018666201261227533,
      -0.050189405328606045,
      -0.09261020704683695,
      -0.16815827038412856,
      -0.03243563213787603,
      -0.10436217687208524
    ],
    [
      -0.018666201261227533,
      -0.050189405328606045,
      -0.09261020704683695,
      -0.16815827038412856,
      -0.03243563213787603,
      -0.10436217687208524
    ],
    [
      -0.018666201261227533,
      -0.050189405328606045,
      -0.09261020704683695,
      -0.16815827038412856,
      -0.03243563213787603,
      -0.10436217687208524
    ],
    [
      -0.018666201261227533,
      -0.050189405328606045,
      -0.09261020704683695,
