{
  "seed": 47,
  "mode": "noisy",
  "episode_rewards": [
    0.08999999999999997,
    1.3,
    1.23,
    1.19,
    1.26,
    -0.31000000000000005,
    0.08999999999999997,
    1.23,
    1.23,
    1.27,
    1.26,
    -0.010000000000000037,
    1.23,
    0.09,
    1.3,
    -0.66,
    1.2,
    1.19,
    0.99,
    1.16,
    1.27,
    1.3,
    0.76,
    -0.11000000000000004,
    1.23,
    -0.010000000000000037,
    -0.010000000000000037,
    0.08999999999999997,
    0.08999999999999997,
    0.08999999999999997,
    1.3,
    1.27,
    0.08999999999999997,
    0.18999999999999997,
    0.08999999999999997,
    1.23,
    0.08999999999999997,
    -0.010000000000000037,
    1.19,
    0.08999999999999997
  ],
  "episode_success": [
    false,
    true,
    true,
    true,
    true,
    false,
    false,
    true,
    true,
    true,
    true,
    false,
    true,
    false,
    true,
    false,
    true,
    true,
    true,
    true,
    true,
    true,
    true,
    false,
    true,
    false,
    false,
    false,
    false,
    false,
    true,
    true,
    false,
    false,
    false,
    true,
    false,
    false,
    true,
    false
  ],
  "episode_lengths": [
    8,
    5,
    6,
    8,
    7,
    8,
    8,
    6,
    6,
    4,
    7,
    8,
    6,
    8,
    5,
    8,
    5,
    8,
    8,
    7,
    4,
    5,
    7,
    8,
    6,
    8,
    8,
    8,
    8,
    8,
    5,
    4,
    8,
    8,
    8,
    6,
    8,
    8,
    8,
    8
  ],
  "episode_runtime_sec": [
    0.4055946000153199,
    0.17717140004970133,
    0.19614800001727417,
    0.5325131000136025,
    0.24535199999809265,
    0.2641841000295244,
    0.2738157999701798,
    0.46923380001680925,
    0.20074110000859946,
    0.13333819998661056,
    0.21107899997150525,
    0.5327686999808066,
    0.1916831000125967,
    0.24139399995328858,
    0.1574984000180848,
    0.5187624999671243,
    0.16348059999290854,
    0.24202489998424426,
    0.2514870000304654,
    0.44556000002194196,
    0.1373786000185646,
    0.1662417000043206,
    0.2119237000006251,
    0.47250829997938126,
    0.19488180003827438,
    0.2444785000407137,
    0.2438205000362359,
    0.4467185999965295,
    0.25112789997365326,
    0.24511449999408796,
    0.1564617999829352,
    0.3859493999625556,
    0.24718569999095052,
    0.2554261999903247,
    0.2570697999908589,
    0.4729399000061676,
    0.24952949996804819,
    0.24120930000208318,
    0.24548179999692366,
    0.47039149998454377
  ],
  "parameter_history": [
    [
      -0.08664369113996268,
      -0.010254901343841489,
      -0.1699646861903579,
      -0.21400656740008453,
      -0.12105196356317449,
      -0.06005887881970151
    ],
    [
      -0.08664369113996268,
      -0.010254901343841489,
      -0.1699646861903579,
      -0.21400656740008453,
      -0.12105196356317449,
      -0.06005887881970151
    ],
    [
      -0.08664369113996268,
      -0.010254901343841489,
      -0.1699646861903579,
      -0.21400656740008453,
      -0.12105196356317449,
      -0.06005887881970151
    ],
    [
      -0.08664369113996268,
      -0.010254901343841489,
      -0.1699646861903579,
      -0.21400656740008453,
      -0.12105196356317449,
      -0.06005887881970151
    ],
    [
      -0.10641844489225008,
      -0.030272152211592046,
      -0.14994899399902084,
      -0.19916065105068223,
      -0.10576341085250722,
      -0.0581073253002553
    ],
    [
      -0.10641844489225008,
      -0.030272152211592046,
      -0.14994899399902084,
      -0.19916065105068223,
      -0.10576341085250722,
      -0.0581073253002553
    ],
    [
      -0.10641844489225008,
      -0.030272152211592046,
      -0.14994899399902084,
      -0.19916065105068223,
      -0.10576341085250722,
      -0.0581073253002553
    ],
    [
      -0.10641844489225008,
      -0.030272152211592046,
      -0.14994899399902084,
      -0.19916065105068223,
      -0.10576341085250722,
      -0.0581073253002553
    ],
    [
      -0.10777449999081049,
      -0.04380098284011266,
      -0.13006626347666855,
      -0.18208405018379872,
      -0.08849434826500122,
      -0.05291298398780935
    ],
    [
      -0.10777449999081049,
      -0.04380098284011266,
      -0.13006626347666855,
      -0.18208405018379872,
      -0.08849434826500122,
      -0.05291298398780935
    ],
    [
      -0.10777449999081049,
      -0.04380098284011266,
      -0.13006626347666855,
      -0.18208405018379872,
      -0.08849434826500122,
      -0.05291298398780935
    ],
    [
      -0.10777449999081049,
      -0.04380098284011266,
      -0.13006626347666855,
      -0.18208405018379872,
      -0.08849434826500122,
      -0.05291298398780935
    ],
    [
      -0.11876986933228735,
      -0.049139296360328134,
      -0.11665493514928464,
      -0.17707740698930757,
      -0.0778595837662992,
      -0.06039792663166364
    ],
    [
      -0.11876986933228735,
      -0.049139296360328134,
      -0.11665493514928464,
      -0.17707740698930757,
      -0.0778595837662992,
      -0.06039792663166364
    ],
    [
      -0.11876986933228735,
      -0.049139296360328134,
      -0.11665493514928464,
      -0.17707740698930757,
      -0.0778595837662992,
      -0.06039792663166364
    ],
    [
      -0.11876986933228735,
      -0.049139296360328134,
      -0.11665493514928464,
      -0.17707740698930757,
      -0.0778595837662992,
      -0.06039792663166364
    ],
    [
      -0.11947240917457451,
      -0.05000562485170766,
      -0.11053609969719896,
      -0.17400084637575203,
      -0.07346849523356827,
      -0.05911407923181292
    ],
    [
      -0.11947240917457451,
      -0.05000562485170766,
      -0.11053609969719896,
      -0.17400084637575203,
      -0.07346849523356827,
      -0.05911407923181292
    ],
    [
      -0.11947240917457451,
      -0.05000562485170766,
      -0.11053609969719896,
      -0.17400084637575203,
      -0.07346849523356827,
      -0.05911407923181292
    ],
    [
      -0.11947240917457451,
      -0.05000562485170766,
      -0.11053609969719896,
      -0.17400084637575203,
      -0.07346849523356827,
      -0.05911407923181292
    ],
    [
      -0.11868514434682004,
      -0.049913703824360174,
      -0.10492476520537325,
      -0.17159369869069088,
      -0.06984032823681847,
      -0.056929831162802015
    ],
    [
      -0.11868514434682004,
      -0.049913703824360174,
      -0.10492476520537325,
      -0.17159369869069088,
      -0.06984032823681847,
      -0.056929831162802015
    ],
    [
      -0.11868514434682004,
      -0.049913703824360174,
      -0.10492476520537325,
      -0.17159369869069088,
      -0.06984032823681847,
      -0.056929831162802015
    ],
    [
      -0.11868514434682004,
      -0.049913703824360174,
      -0.10492476520537325,
      -0.17159369869069088,
      -0.06984032823681847,
      -0.056929831162802015
    ],
    [
      -0.11427936733377742,
      -0.048256506290796246,
      -0.09806892973712156,
      -0.16750822349525607,
      -0.06482141797169551,
      -0.05585347473228389
    ],
    [
      -0.11427936733377742,
      -0.048256506290796246,
      -0.09806892973712156,
      -0.16750822349525607,
      -0.06482141797169551,
      -0.05585347473228389
    ],
    [
      -0.11427936733377742,
      -0.048256506290796246,
      -0.09806892973712156,
      -0.16750822349525607,
      -0.06482141797169551,
      -0.05585347473228389
    ],
    [
      -0.11427936733377742,
      -0.048256506290796246,
      -0.09806892973712156,
      -0.16750822349525607,
      -0.06482141797169551,
      -0.05585347473228389
    ],
    [
      -0.11154140439419453,
      -0.04781596944443083,
      -0.094356873758995,
      -0.16593122082640785,
      -0.061734820604764803,
      -0.05545824751804837
    ],
    [
      -0.11154140439419453,
      -0.04781596944443083,
      -0.094356873758995,
      -0.16593122082640785,
      -0.061734820604764803,
      -0.05545824751804837
    ],
    [
      -0.11154140439419453,
      -0.04781596944443083,
      -0.094356873758995,
