{
  "config_path": "config\\experiment_config.yaml",
  "dataset": {
    "source": "openml_mnist_784",
    "digits": [
      4,
      9
    ],
    "train_samples_total": 10336,
    "test_samples_total": 3446,
    "train_samples_used_per_model": 20,
    "pca_components": 8,
    "reps": 3
  },
  "classical": {
    "train_info": {
      "params": {
        "C": 1.0,
        "gamma": "scale",
        "kernel": "rbf"
      },
      "train_time": 0.002978801727294922
    },
    "metrics": {
      "accuracy": 0.7867092280905398,
      "precision": 0.7360263034288398,
      "recall": 0.9005747126436782,
      "f1_score": 0.8100284311191522
    },
    "kta": 0.2206030466674486
  },
  "quantum_exact": {
    "train_info": {
      "train_time": 10.617504119873047,
      "params": {
        "C": 1.0
      }
    },
    "metrics": {
      "accuracy": 0.5780615206035984,
      "precision": 0.6027298850574713,
      "recall": 0.482183908045977,
      "f1_score": 0.5357598978288634
    },
    "kta": 0.22650781202946083,
    "kernel_properties": {
      "shape": [
        20,
        20
      ],
      "is_symmetric": true,
      "is_positive_semidefinite": true,
      "min_eigenvalue": 0.8697960252470309,
      "max_eigenvalue": 1.1539652535944156,
      "condition_number": 1.3267078948385373,
      "diagonal_mean": 1.0000000000000004,
      "off_diagonal_mean": 0.006455592105263162,
      "off_diagonal_std": 0.011510707049407964
    }
  },
  "pegasos": {
    "train_info": {
      "train_time": 0.30237722396850586,
      "n_support_vectors": null,
      "params": {
        "lambda_param": 0.001,
        "max_iter": 1500,
        "batch_size": 32
      }
    },
    "metrics": {
      "accuracy": 0.65,
      "precision": 0.6666666666666666,
      "recall": 0.6,
      "f1_score": 0.631578947368421
    },
    "kta": 0.22650781202946083,
    "prediction_distribution": {
      "4": 11,
      "9": 9
    }
  },
  "noise": null
}