{
  "model": "Classical RBF SVM",
  "best_params": null,
  "best_cv_score": null,
  "train_time": 2.14077091217041,
  "metrics": {
    "accuracy": 0.8467788740568776,
    "precision": 0.8230277185501066,
    "recall": 0.8873563218390804,
    "f1_score": 0.8539823008849557
  },
  "confusion_matrix": [
    [
      1374,
      332
    ],
    [
      196,
      1544
    ]
  ],
  "classification_report": "              precision    recall  f1-score   support\n\n           4       0.88      0.81      0.84      1706\n           9       0.82      0.89      0.85      1740\n\n    accuracy                           0.85      3446\n   macro avg       0.85      0.85      0.85      3446\nweighted avg       0.85      0.85      0.85      3446\n"
}