{
  "config_path": "config\\experiment_config.yaml",
  "dataset": {
    "source": "openml_mnist_784",
    "digits": [
      4,
      9
    ],
    "train_samples": 10336,
    "test_samples": 3446,
    "pca_components": 6
  },
  "classical": {
    "train_info": {
      "params": {
        "C": 1.0,
        "gamma": "scale",
        "kernel": "rbf"
      },
      "train_time": 2.14077091217041
    },
    "metrics": {
      "accuracy": 0.8467788740568776,
      "precision": 0.8230277185501066,
      "recall": 0.8873563218390804,
      "f1_score": 0.8539823008849557
    }
  },
  "quantum": {
    "train_subset_size": 30,
    "train_info": {
      "train_time": 6.128251314163208,
      "params": {
        "C": 1.0
      }
    },
    "metrics": {
      "accuracy": 0.6848520023215322,
      "precision": 0.6773318872017353,
      "recall": 0.717816091954023,
      "f1_score": 0.6969866071428571
    },
    "kernel_properties": {
      "shape": [
        30,
        30
      ],
      "is_symmetric": true,
      "is_positive_semidefinite": true,
      "min_eigenvalue": 0.15050662619616856,
      "max_eigenvalue": 4.542374203011108,
      "condition_number": 30.180559605997885,
      "diagonal_mean": 0.9999999999999997,
      "off_diagonal_mean": 0.11082749640804596,
      "off_diagonal_std": 0.10419298577495206,
      "kta": 0.15351211587603658
    }
  },
  "noise": null
}