Model,accuracy,precision,recall,f1_score,train_time
Classical RBF SVM,0.8467788740568776,0.8230277185501066,0.8873563218390804,0.8539823008849557,2.14077091217041
Exact QSVC,0.6848520023215322,0.6773318872017353,0.717816091954023,0.6969866071428571,6.128251314163208
Pegasos QSVC,0.7333333333333333,0.7058823529411765,0.8,0.75,0.15668916702270508
