{
  "seed": 63,
  "mode": "ideal",
  "episode_rewards": [
    1.27,
    1.3,
    1.03,
    1.23,
    1.16,
    1.3,
    1.3,
    1.27,
    -0.11000000000000004,
    0.08999999999999997,
    1.26,
    1.26,
    1.19,
    1.26,
    1.3,
    1.3,
    -0.6100000000000001,
    -0.31000000000000005,
    1.19,
    0.19,
    1.23,
    1.16,
    0.99,
    0.99,
    1.19,
    1.23,
    1.16,
    1.26,
    1.3,
    1.27,
    1.3,
    1.3,
    1.27,
    1.3,
    1.03,
    1.03,
    1.27,
    1.03,
    1.23,
    0.18999999999999997
  ],
  "episode_success": [
    true,
    true,
    true,
    true,
    true,
    true,
    true,
    true,
    false,
    false,
    true,
    true,
    true,
    true,
    true,
    true,
    false,
    false,
    true,
    false,
    true,
    true,
    true,
    true,
    true,
    true,
    true,
    true,
    true,
    true,
    true,
    true,
    true,
    true,
    true,
    true,
    true,
    true,
    true,
    false
  ],
  "episode_lengths": [
    4,
    5,
    6,
    6,
    7,
    5,
    5,
    4,
    8,
    8,
    7,
    7,
    8,
    7,
    5,
    5,
    8,
    8,
    8,
    8,
    6,
    7,
    8,
    8,
    8,
    6,
    7,
    7,
    5,
    4,
    5,
    5,
    4,
    5,
    6,
    6,
    4,
    6,
    6,
    8
  ],
  "episode_runtime_sec": [
    0.0814931999775581,
    0.10902329999953508,
    0.12435589998494834,
    0.21699649997754022,
    0.14422990003367886,
    0.10062120005022734,
    0.1099159000441432,
    0.1973116000299342,
    0.21831099997507408,
    0.17576929996721447,
    0.13836340000852942,
    0.24615259998245165,
    0.1731224000104703,
    0.14694369997596368,
    0.1118321999674663,
    0.17312649998348206,
    0.1739355000318028,
    0.16673270001774654,
    0.15425540000433102,
    0.28365140000823885,
    0.11629180004820228,
    0.13841360004153103,
    0.15484339999966323,
    0.28283100004773587,
    0.15182530001038685,
    0.11574500001734123,
    0.13580740004545078,
    0.24914829997578636,
    0.1008492999826558,
    0.08196789998328313,
    0.09774379996815696,
    0.20858350000344217,
    0.136728800018318,
    0.1077604999882169,
    0.11989699996775016,
    0.21985150000546128,
    0.08143979997839779,
    0.11655839998275042,
    0.12290519999805838,
    0.28245030000107363
  ],
  "parameter_history": [
    [
      0.09120097677640943,
      0.212280437650358,
      -0.18597755185834328,
      -0.02872992154842395,
      0.10329297283372343,
      0.08688115667789913
    ],
    [
      0.09120097677640943,
      0.212280437650358,
      -0.18597755185834328,
      -0.02872992154842395,
      0.10329297283372343,
      0.08688115667789913
    ],
    [
      0.09120097677640943,
      0.212280437650358,
      -0.18597755185834328,
      -0.02872992154842395,
      0.10329297283372343,
      0.08688115667789913
    ],
    [
      0.09120097677640943,
      0.212280437650358,
      -0.18597755185834328,
      -0.02872992154842395,
      0.10329297283372343,
      0.08688115667789913
    ],
    [
      0.0810725853567041,
      0.20788217973762516,
      -0.19942942787447554,
      -0.043066823527955135,
      0.095421414157422,
      0.08458642431438358
    ],
    [
      0.0810725853567041,
      0.20788217973762516,
      -0.19942942787447554,
      -0.043066823527955135,
      0.095421414157422,
      0.08458642431438358
    ],
    [
      0.0810725853567041,
      0.20788217973762516,
      -0.19942942787447554,
      -0.043066823527955135,
      0.095421414157422,
      0.08458642431438358
    ],
    [
      0.0810725853567041,
      0.20788217973762516,
      -0.19942942787447554,
      -0.043066823527955135,
      0.095421414157422,
      0.08458642431438358
    ],
    [
      0.06609179094966407,
      0.21113068250078598,
      -0.21505071550267751,
      -0.0599670954392358,
      0.08179574058422714,
      0.0894933767745746
    ],
    [
      0.06609179094966407,
      0.21113068250078598,
      -0.21505071550267751,
      -0.0599670954392358,
      0.08179574058422714,
      0.0894933767745746
    ],
    [
      0.06609179094966407,
      0.21113068250078598,
      -0.21505071550267751,
      -0.0599670954392358,
      0.08179574058422714,
      0.0894933767745746
    ],
    [
      0.06609179094966407,
      0.21113068250078598,
      -0.21505071550267751,
      -0.0599670954392358,
      0.08179574058422714,
      0.0894933767745746
    ],
    [
      0.05154373118477064,
      0.20824062300131302,
      -0.2217020459992417,
      -0.07628209619856954,
      0.06761557236506317,
      0.09639947648005762
    ],
    [
      0.05154373118477064,
      0.20824062300131302,
      -0.2217020459992417,
      -0.07628209619856954,
      0.06761557236506317,
      0.09639947648005762
    ],
    [
      0.05154373118477064,
      0.20824062300131302,
      -0.2217020459992417,
      -0.07628209619856954,
      0.06761557236506317,
      0.09639947648005762
    ],
    [
      0.05154373118477064,
      0.20824062300131302,
      -0.2217020459992417,
      -0.07628209619856954,
      0.06761557236506317,
      0.09639947648005762
    ],
    [
      0.035175315614230346,
      0.19720608562925254,
      -0.2159346288861065,
      -0.08033337423571182,
      0.05979761470403734,
      0.10871695562868054
    ],
    [
      0.035175315614230346,
      0.19720608562925254,
      -0.2159346288861065,
      -0.08033337423571182,
      0.05979761470403734,
      0.10871695562868054
    ],
    [
      0.035175315614230346,
      0.19720608562925254,
      -0.2159346288861065,
      -0.08033337423571182,
      0.05979761470403734,
      0.10871695562868054
    ],
    [
      0.035175315614230346,
      0.19720608562925254,
      -0.2159346288861065,
      -0.08033337423571182,
      0.05979761470403734,
      0.10871695562868054
    ],
    [
      0.022729999922137915,
      0.1846924092222455,
      -0.21033464889901202,
      -0.08774865560228909,
      0.05039307276628557,
      0.12308471040328568
    ],
    [
      0.022729999922137915,
      0.1846924092222455,
      -0.21033464889901202,
      -0.08774865560228909,
      0.05039307276628557,
      0.12308471040328568
    ],
    [
      0.022729999922137915,
      0.1846924092222455,
      -0.21033464889901202,
      -0.08774865560228909,
      0.05039307276628557,
      0.12308471040328568
    ],
    [
      0.022729999922137915,
      0.1846924092222455,
      -0.21033464889901202,
      -0.08774865560228909,
      0.05039307276628557,
      0.12308471040328568
    ],
    [
      0.017003265446774152,
      0.17849118489724533,
      -0.20707749006187684,
      -0.09193013656350695,
      0.044995500921562064,
      0.12847941870793994
    ],
    [
      0.017003265446774152,
      0.17849118489724533,
      -0.20707749006187684,
      -0.09193013656350695,
      0.044995500921562064,
      0.12847941870793994
    ],
    [
      0.017003265446774152,
      0.17849118489724533,
      -0.20707749006187684,
      -0.09193013656350695,
      0.044995500921562064,
      0.12847941870793994
    ],
    [
      0.017003265446774152,
      0.17849118489724533,
      -0.20707749006187684,
      -0.09193013656350695,
      0.044995500921562064,
      0.12847941870793994
    ],
    [
      0.011558824036345861,
      0.17310267804965926,
      -0.2036305081819213,
      -0.09570260685027343,
      0.04082344328830469,
      0.13353637759133719
    ],
    [
      0.011558824036345861,
      0.17310267804965926,
      -0.2036305081819213,
      -0.09570260685027343,
      0.04082344328830469,
      0.13353637759133719
    ],
    [
      0.011558824036345861,
      0.17310267804965926,
      -0.2036305081819213,
      -0.09570260685027343,
      0.04082344328830469,
      0.13353637759133719
    ],
    [
      0.011558824036345861,
      0.17310267804965926,
      -0.2036305081819213,
      -0.09570260685027343,
      0.04082344328830469,
      0.13353637759133719
    ],
    [
      0.006523220591323615,
      0.1680008823265107,
