{
  "seed": 63,
  "mode": "mitigated",
  "episode_rewards": [
    1.27,
    1.3,
    0.99,
    1.27,
    1.16,
    1.3,
    1.3,
    1.27,
    -0.21000000000000005,
    -0.010000000000000037,
    1.26,
    0.19,
    1.16,
    1.16,
    1.3,
    1.3,
    -0.6100000000000001,
    -0.4100000000000001,
    1.19,
    0.19,
    -0.010000000000000037,
    -0.010000000000000037,
    0.18999999999999997,
    -0.11000000000000004,
    1.2,
    1.23,
    0.08999999999999997,
    1.23,
    1.3,
    1.27,
    1.3,
    1.26,
    1.3,
    1.19,
    1.19,
    1.26,
    1.26,
    1.23,
    0.08999999999999997,
    1.3
  ],
  "episode_success": [
    true,
    true,
    true,
    true,
    true,
    true,
    true,
    true,
    false,
    false,
    true,
    false,
    true,
    true,
    true,
    true,
    false,
    false,
    true,
    false,
    false,
    false,
    false,
    false,
    true,
    true,
    false,
    true,
    true,
    true,
    true,
    true,
    true,
    true,
    true,
    true,
    true,
    true,
    false,
    true
  ],
  "episode_lengths": [
    4,
    5,
    8,
    4,
    7,
    5,
    5,
    4,
    8,
    8,
    7,
    8,
    7,
    7,
    5,
    5,
    8,
    8,
    8,
    8,
    8,
    8,
    8,
    8,
    5,
    6,
    8,
    6,
    5,
    4,
    5,
    7,
    5,
    8,
    8,
    7,
    7,
    6,
    8,
    5
  ],
  "episode_runtime_sec": [
    0.8907323000021279,
    1.0034880000166595,
    1.383383899985347,
    2.2098527000052854,
    1.2861323000397533,
    0.9154354000347666,
    0.9087147999671288,
    2.0779633999918588,
    1.3064537000027485,
    1.3380745999747887,
    1.1650253999978304,
    2.394285899994429,
    1.1513924999744631,
    1.2313729000161402,
    0.8570954000460915,
    1.8854223999660462,
    1.2927642000140622,
    1.307407200045418,
    1.2918436000472866,
    2.8171140999766067,
    1.323378600005526,
    1.3108754999702796,
    1.3643333000363782,
    2.926290900039021,
    0.9069429999799468,
    1.1361974999890663,
    1.4010178999742493,
    2.3634518000180833,
    0.9062854000367224,
    0.7055320999934338,
    0.8415030000032857,
    2.392229499993846,
    0.8709739000187255,
    1.293101800023578,
    1.3264223000151105,
    2.2444461000268348,
    1.1549448000150733,
    1.0064097000285983,
    1.365124800009653,
    2.5092702000401914
  ],
  "parameter_history": [
    [
      0.0512009870285286,
      0.21228044541662155,
      -0.1859775471398732,
      -0.02872991979440561,
      0.10329296410745706,
      0.1268811508874803
    ],
    [
      0.0512009870285286,
      0.21228044541662155,
      -0.1859775471398732,
      -0.02872991979440561,
      0.10329296410745706,
      0.1268811508874803
    ],
    [
      0.0512009870285286,
      0.21228044541662155,
      -0.1859775471398732,
      -0.02872991979440561,
      0.10329296410745706,
      0.1268811508874803
    ],
    [
      0.0512009870285286,
      0.21228044541662155,
      -0.1859775471398732,
      -0.02872991979440561,
      0.10329296410745706,
      0.1268811508874803
    ],
    [
      0.03465503740233308,
      0.19301176740088138,
      -0.1926655025932739,
      -0.044285291555832114,
      0.09012454310690998,
      0.1339315352909063
    ],
    [
      0.03465503740233308,
      0.19301176740088138,
      -0.1926655025932739,
      -0.044285291555832114,
      0.09012454310690998,
      0.1339315352909063
    ],
    [
      0.03465503740233308,
      0.19301176740088138,
      -0.1926655025932739,
      -0.044285291555832114,
      0.09012454310690998,
      0.1339315352909063
    ],
    [
      0.03465503740233308,
      0.19301176740088138,
      -0.1926655025932739,
      -0.044285291555832114,
      0.09012454310690998,
      0.1339315352909063
    ],
    [
      0.019036474523250108,
      0.17516508714382095,
      -0.1996797675891123,
      -0.05998660574525888,
      0.08056960304345379,
      0.14146562569171564
    ],
    [
      0.019036474523250108,
      0.17516508714382095,
      -0.1996797675891123,
      -0.05998660574525888,
      0.08056960304345379,
      0.14146562569171564
    ],
    [
      0.019036474523250108,
      0.17516508714382095,
      -0.1996797675891123,
      -0.05998660574525888,
      0.08056960304345379,
      0.14146562569171564
    ],
    [
      0.019036474523250108,
      0.17516508714382095,
      -0.1996797675891123,
      -0.05998660574525888,
      0.08056960304345379,
      0.14146562569171564
    ],
    [
      0.008501102615862207,
      0.1723555773836894,
      -0.21098370613862813,
      -0.07543296132302321,
      0.07409868978495354,
      0.14294683610091463
    ],
    [
      0.008501102615862207,
      0.1723555773836894,
      -0.21098370613862813,
      -0.07543296132302321,
      0.07409868978495354,
      0.14294683610091463
    ],
    [
      0.008501102615862207,
      0.1723555773836894,
      -0.21098370613862813,
      -0.07543296132302321,
      0.07409868978495354,
      0.14294683610091463
    ],
    [
      0.008501102615862207,
      0.1723555773836894,
      -0.21098370613862813,
      -0.07543296132302321,
      0.07409868978495354,
      0.14294683610091463
    ],
    [
      -0.005496049064809407,
      0.17033598951176251,
      -0.22401557211487108,
      -0.08007063537497552,
      0.06648328871848093,
      0.13945273589692136
    ],
    [
      -0.005496049064809407,
      0.17033598951176251,
      -0.22401557211487108,
      -0.08007063537497552,
      0.06648328871848093,
      0.13945273589692136
    ],
    [
      -0.005496049064809407,
      0.17033598951176251,
      -0.22401557211487108,
      -0.08007063537497552,
      0.06648328871848093,
      0.13945273589692136
    ],
    [
      -0.005496049064809407,
      0.17033598951176251,
      -0.22401557211487108,
      -0.08007063537497552,
      0.06648328871848093,
      0.13945273589692136
    ],
    [
      -0.012824574227334705,
      0.1622512654196879,
      -0.22895432090598697,
      -0.07805032112503422,
      0.07365791251563497,
      0.13025268302851511
    ],
    [
      -0.012824574227334705,
      0.1622512654196879,
      -0.22895432090598697,
      -0.07805032112503422,
      0.07365791251563497,
      0.13025268302851511
    ],
    [
      -0.012824574227334705,
      0.1622512654196879,
      -0.22895432090598697,
      -0.07805032112503422,
      0.07365791251563497,
      0.13025268302851511
    ],
    [
      -0.012824574227334705,
      0.1622512654196879,
      -0.22895432090598697,
      -0.07805032112503422,
      0.07365791251563497,
      0.13025268302851511
    ],
    [
      -0.01893934670323411,
      0.16303852663010646,
      -0.23875986706519423,
      -0.07969774461317981,
      0.07389827118816159,
      0.12384669383255363
    ],
    [
      -0.01893934670323411,
      0.16303852663010646,
      -0.23875986706519423,
      -0.07969774461317981,
      0.07389827118816159,
      0.12384669383255363
    ],
    [
      -0.01893934670323411,
      0.16303852663010646,
      -0.23875986706519423,
      -0.07969774461317981,
      0.07389827118816159,
      0.12384669383255363
    ],
    [
      -0.01893934670323411,
      0.16303852663010646,
      -0.23875986706519423,
      -0.07969774461317981,
      0.07389827118816159,
      0.12384669383255363
    ],
    [
      -0.021667240971979477,
      0.16227067420108643,
      -0.24308762628104308,
      -0.08109741727787892,
      0.07408380618597761,
      0.11987990792361783
    ],
    [
      -0.021667240971979477,
      0.16227067420108643,
      -0.24308762628104308,
      -0.08109741727787892,
      0.07408380618597761,
      0.11987990792361783
    ],
    [
      -0.021667240971979477,
      0.16227067420108643,
      -0.24308762628104308,
      -0.08109741727787892,
      0.07408380618597761,
      0.11987990792361783
    ],
    [
      -0.021667240971979477,
      0.16227067420108643,
      -0.24308762628104308,
      -0.08109741727787892,
      0.07408380618597761,
