{
  "seed": 63,
  "mode": "noisy",
  "episode_rewards": [
    0.08999999999999997,
    1.26,
    1.23,
    0.99,
    1.27,
    1.23,
    1.3,
    1.23,
    -0.010000000000000037,
    1.16,
    1.27,
    0.08999999999999997,
    0.08999999999999997,
    1.27,
    1.03,
    -0.6100000000000001,
    -0.4100000000000001,
    0.08999999999999997,
    -0.21000000000000005,
    1.27,
    -0.010000000000000037,
    0.08999999999999997,
    1.23,
    0.08999999999999997,
    1.2,
    1.23,
    0.08999999999999997,
    1.23,
    1.03,
    1.19,
    1.23,
    1.3,
    1.27,
    1.23,
    1.03,
    1.27,
    1.3,
    1.19,
    1.27,
    0.08999999999999997
  ],
  "episode_success": [
    false,
    true,
    true,
    true,
    true,
    true,
    true,
    true,
    false,
    true,
    true,
    false,
    false,
    true,
    true,
    false,
    false,
    false,
    false,
    true,
    false,
    false,
    true,
    false,
    true,
    true,
    false,
    true,
    true,
    true,
    true,
    true,
    true,
    true,
    true,
    true,
    true,
    true,
    true,
    false
  ],
  "episode_lengths": [
    8,
    7,
    6,
    8,
    4,
    6,
    5,
    6,
    8,
    7,
    4,
    8,
    8,
    4,
    6,
    8,
    8,
    8,
    8,
    4,
    8,
    8,
    6,
    8,
    5,
    6,
    8,
    6,
    6,
    8,
    6,
    5,
    4,
    6,
    6,
    4,
    5,
    8,
    4,
    8
  ],
  "episode_runtime_sec": [
    0.37868199998047203,
    0.22015440004179254,
    0.18766710005002096,
    0.5413286000257358,
    0.13098879996687174,
    0.20034219999797642,
    0.17821390001336113,
    0.454402300005313,
    0.27148210001178086,
    0.2195168999605812,
    0.13047660002484918,
    0.4441272999974899,
    0.24728290003258735,
    0.1272302000434138,
    0.18865939998067915,
    0.43808180000633,
    0.24191380001138896,
    0.25361750001320615,
    0.24096259998623282,
    0.4070351999835111,
    0.25413930002832785,
    0.2574431999819353,
    0.2496827999711968,
    0.5069177999976091,
    0.15859950002050027,
    0.18535400001564994,
    0.24768239998957142,
    0.44060769997304305,
    0.19746960001066327,
    0.2461582999676466,
    0.1994820999680087,
    0.3791003000224009,
    0.13500819995533675,
    0.18822469998849556,
    0.1845519000198692,
    0.32252709998283535,
    0.15874129999428988,
    0.24466019996907562,
    0.13194769999245182,
    0.60583289997885
  ],
  "parameter_history": [
    [
      0.051201010982462394,
      0.2522804308403329,
      -0.18597755409913913,
      0.011270076396511446,
      0.10329296642912103,
      0.0868811571406579
    ],
    [
      0.051201010982462394,
      0.2522804308403329,
      -0.18597755409913913,
      0.011270076396511446,
      0.10329296642912103,
      0.0868811571406579
    ],
    [
      0.051201010982462394,
      0.2522804308403329,
      -0.18597755409913913,
      0.011270076396511446,
      0.10329296642912103,
      0.0868811571406579
    ],
    [
      0.051201010982462394,
      0.2522804308403329,
      -0.18597755409913913,
      0.011270076396511446,
      0.10329296642912103,
      0.0868811571406579
    ],
    [
      0.033374461738241795,
      0.26633745721067603,
      -0.19755226120964053,
      0.031053495234027593,
      0.08365915985671324,
      0.06854191061854722
    ],
    [
      0.033374461738241795,
      0.26633745721067603,
      -0.19755226120964053,
      0.031053495234027593,
      0.08365915985671324,
      0.06854191061854722
    ],
    [
      0.033374461738241795,
      0.26633745721067603,
      -0.19755226120964053,
      0.031053495234027593,
      0.08365915985671324,
      0.06854191061854722
    ],
    [
      0.033374461738241795,
      0.26633745721067603,
      -0.19755226120964053,
      0.031053495234027593,
      0.08365915985671324,
      0.06854191061854722
    ],
    [
      0.04278988838266094,
      0.2811622237282491,
      -0.211387120901249,
      0.02915631959657282,
      0.06438829601726685,
      0.05024321764119133
    ],
    [
      0.04278988838266094,
      0.2811622237282491,
      -0.211387120901249,
      0.02915631959657282,
      0.06438829601726685,
      0.05024321764119133
    ],
    [
      0.04278988838266094,
      0.2811622237282491,
      -0.211387120901249,
      0.02915631959657282,
      0.06438829601726685,
      0.05024321764119133
    ],
    [
      0.04278988838266094,
      0.2811622237282491,
      -0.211387120901249,
      0.02915631959657282,
      0.06438829601726685,
      0.05024321764119133
    ],
    [
      0.03252190560138872,
      0.2979684247853153,
      -0.2265481691642128,
      0.019991823112588174,
      0.045468132542524284,
      0.031697031952448926
    ],
    [
      0.03252190560138872,
      0.2979684247853153,
      -0.2265481691642128,
      0.019991823112588174,
      0.045468132542524284,
      0.031697031952448926
    ],
    [
      0.03252190560138872,
      0.2979684247853153,
      -0.2265481691642128,
      0.019991823112588174,
      0.045468132542524284,
      0.031697031952448926
    ],
    [
      0.03252190560138872,
      0.2979684247853153,
      -0.2265481691642128,
      0.019991823112588174,
      0.045468132542524284,
      0.031697031952448926
    ],
    [
      0.018784813100304255,
      0.31033890787127927,
      -0.23999968965546922,
      0.00861251119753964,
      0.026466388268493995,
      0.015897526797027522
    ],
    [
      0.018784813100304255,
      0.31033890787127927,
      -0.23999968965546922,
      0.00861251119753964,
      0.026466388268493995,
      0.015897526797027522
    ],
    [
      0.018784813100304255,
      0.31033890787127927,
      -0.23999968965546922,
      0.00861251119753964,
      0.026466388268493995,
      0.015897526797027522
    ],
    [
      0.018784813100304255,
      0.31033890787127927,
      -0.23999968965546922,
      0.00861251119753964,
      0.026466388268493995,
      0.015897526797027522
    ],
    [
      0.009930462021168283,
      0.3216579772743015,
      -0.2514745161980185,
      -0.005077181352814333,
      0.013371975894075934,
      0.0006467276257688098
    ],
    [
      0.009930462021168283,
      0.3216579772743015,
      -0.2514745161980185,
      -0.005077181352814333,
      0.013371975894075934,
      0.0006467276257688098
    ],
    [
      0.009930462021168283,
      0.3216579772743015,
      -0.2514745161980185,
      -0.005077181352814333,
      0.013371975894075934,
      0.0006467276257688098
    ],
    [
      0.009930462021168283,
      0.3216579772743015,
      -0.2514745161980185,
      -0.005077181352814333,
      0.013371975894075934,
      0.0006467276257688098
    ],
    [
      0.00640848122366226,
      0.3282539653070192,
      -0.2580850373232949,
      -0.011723510275752892,
      0.006544143925487356,
      -0.0075377909549357285
    ],
    [
      0.00640848122366226,
      0.3282539653070192,
      -0.2580850373232949,
      -0.011723510275752892,
      0.006544143925487356,
      -0.0075377909549357285
    ],
    [
      0.00640848122366226,
      0.3282539653070192,
      -0.2580850373232949,
      -0.011723510275752892,
      0.006544143925487356,
      -0.0075377909549357285
    ],
    [
      0.00640848122366226,
      0.3282539653070192,
      -0.2580850373232949,
      -0.011723510275752892,
      0.006544143925487356,
      -0.0075377909549357285
    ],
    [
      0.00410905392858146,
      0.334816162995923,
      -0.26461951271580764,
      -0.0160286744438997,
      -0.0011814938645453655,
      -0.01509648833937122
    ],
    [
      0.00410905392858146,
      0.334816162995923,
      -0.26461951271580764,
      -0.0160286744438997,
      -0.0011814938645453655,
      -0.01509648833937122
    ],
    [
      0.00410905392858146,
      0.334816162995923,
      -0.26461951271580764,
      -0.0160286744438997,
      -0.0011814938645453655,
      -0.01509648833937122
    ],
    [
      0.00410905392858146,
      0.334816162995923,
