{
  "model": "Classical RBF SVM",
  "best_params": null,
  "best_cv_score": null,
  "train_time": 2.9727134704589844,
  "metrics": {
    "accuracy": 0.7785838653511318,
    "precision": 0.8039825762289982,
    "recall": 0.7425287356321839,
    "f1_score": 0.7720346579025994
  },
  "confusion_matrix": [
    [
      1391,
      315
    ],
    [
      448,
      1292
    ]
  ],
  "classification_report": "              precision    recall  f1-score   support\n\n           4       0.76      0.82      0.78      1706\n           9       0.80      0.74      0.77      1740\n\n    accuracy                           0.78      3446\n   macro avg       0.78      0.78      0.78      3446\nweighted avg       0.78      0.78      0.78      3446\n"
}