{
  "config_path": "config\\experiment_config.yaml",
  "dataset": {
    "source": "openml_mnist_784",
    "digits": [
      4,
      9
    ],
    "train_samples_total": 10336,
    "test_samples_total": 3446,
    "train_samples_used_per_model": 20,
    "pca_components": 8,
    "reps": 1
  },
  "classical": {
    "train_info": {
      "params": {
        "C": 1.0,
        "gamma": "scale",
        "kernel": "rbf"
      },
      "train_time": 0.00622868537902832
    },
    "metrics": {
      "accuracy": 0.7867092280905398,
      "precision": 0.7360263034288398,
      "recall": 0.9005747126436782,
      "f1_score": 0.8100284311191522
    },
    "kta": 0.2206030466674486
  },
  "quantum_exact": {
    "train_info": {
      "train_time": 4.650049448013306,
      "params": {
        "C": 1.0
      }
    },
    "metrics": {
      "accuracy": 0.6877539175856066,
      "precision": 0.7085427135678392,
      "recall": 0.6482758620689655,
      "f1_score": 0.6770708283313326
    },
    "kta": 0.21851899337679123,
    "kernel_properties": {
      "shape": [
        20,
        20
      ],
      "is_symmetric": true,
      "is_positive_semidefinite": true,
      "min_eigenvalue": 0.5116287525407234,
      "max_eigenvalue": 2.2562807281011446,
      "condition_number": 4.409995952918136,
      "diagonal_mean": 1.0000000000000007,
      "off_diagonal_mean": 0.062042557565789344,
      "off_diagonal_std": 0.052349450964133154
    }
  },
  "pegasos": {
    "train_info": {
      "train_time": 0.3008749485015869,
      "n_support_vectors": null,
      "params": {
        "lambda_param": 0.001,
        "max_iter": 1500,
        "batch_size": 32
      }
    },
    "metrics": {
      "accuracy": 0.8,
      "precision": 0.8,
      "recall": 0.8,
      "f1_score": 0.8
    },
    "kta": 0.21851899337679123,
    "prediction_distribution": {
      "4": 10,
      "9": 10
    }
  },
  "noise": null
}