{
  "config_path": "config\\experiment_config.yaml",
  "dataset": {
    "source": "openml_mnist_784",
    "digits": [
      4,
      9
    ],
    "train_samples_total": 10336,
    "test_samples_total": 3446,
    "train_samples_used_per_model": 20,
    "pca_components": 8,
    "reps": 2
  },
  "classical": {
    "train_info": {
      "params": {
        "C": 1.0,
        "gamma": "scale",
        "kernel": "rbf"
      },
      "train_time": 0.0015993118286132812
    },
    "metrics": {
      "accuracy": 0.6140452698781196,
      "precision": 0.8144171779141104,
      "recall": 0.30517241379310345,
      "f1_score": 0.4439799331103679
    },
    "kta": 0.1523442410427075
  },
  "quantum_exact": {
    "train_info": {
      "train_time": 7.680213689804077,
      "params": {
        "C": 1.0
      }
    },
    "metrics": {
      "accuracy": 0.5882182240278584,
      "precision": 0.7724957555178268,
      "recall": 0.2614942528735632,
      "f1_score": 0.39072563331902105
    },
    "kta": 0.23185961864373497,
    "kernel_properties": {
      "shape": [
        20,
        20
      ],
      "is_symmetric": true,
      "is_positive_semidefinite": true,
      "min_eigenvalue": 0.7499695503333028,
      "max_eigenvalue": 1.3483940978877873,
      "condition_number": 1.7979317924154807,
      "diagonal_mean": 0.9999999999999998,
      "off_diagonal_mean": 0.013193873355263178,
      "off_diagonal_std": 0.023510785974240625
    }
  },
  "pegasos": {
    "train_info": {
      "train_time": 0.2962026596069336,
      "n_support_vectors": null,
      "params": {
        "lambda_param": 0.001,
        "max_iter": 1500,
        "batch_size": 32
      }
    },
    "metrics": {
      "accuracy": 0.85,
      "precision": 0.8181818181818182,
      "recall": 0.9,
      "f1_score": 0.8571428571428571
    },
    "kta": 0.23185961864373497,
    "prediction_distribution": {
      "4": 9,
      "9": 11
    }
  },
  "noise": null
}