depth,mean_ratio,std_ratio,sem_ratio,ci_lower,ci_upper,mean_expected_cut_value,mean_sampled_cut_value,mean_sample_gap,exact_sample_hit_rate,mean_representative_probability,iteration_budget_hit_rate,plateau_warning_rate,mean_runtime_sec,n_runs
1,0.6912773677545196,0.006957500713876135,0.004016914910043401,0.6817519627176557,0.6981755370692625,3.091683067864114,2.628369947226286,-0.4633131206378282,0.0,0.041666666666666664,1.0,0.3333333333333333,26.293251037597656,3
