depth,optimization_seed,expected_cut_value,sampled_cut_value,best_sampled_cut_value,approximation_ratio,runtime_sec,representative_bitstring,representative_probability,objective_std,objective_stderr,hit_iteration_budget,plateau_warning,diagnostics
1,42,3.044356130177648,2.790142596096705,4.47242049585226,0.6806954160506588,27.719558000564575,100010,0.02734375,0.011620313489128398,0.0082168024676762,1,0,Optimizer hit the iteration budget before declaring convergence.
1,57,3.10735746089998,3.5270027727059334,4.47242049585226,0.6947820456018737,28.32142925262451,000011,0.052734375,0.028252514189359923,0.019977544368865556,1,1,"Optimizer hit the iteration budget before declaring convergence. | Objective improvement stalled over the recent optimization window; this may indicate a plateau, poor initialization, or noisy evaluations."
1,84,3.130244286065438,3.645395043509379,4.47242049585226,0.6998993696966639,28.556797981262207,010011,0.046875,0.026940043489913634,0.019049487437178433,1,0,Optimizer hit the iteration budget before declaring convergence.
