depth,mean_ratio,std_ratio,sem_ratio,ci_lower,ci_upper,mean_expected_cut_value,mean_sampled_cut_value,mean_sample_gap,exact_sample_hit_rate,mean_representative_probability,iteration_budget_hit_rate,plateau_warning_rate,mean_runtime_sec,n_runs
1,0.6917922771163988,0.008120016240009737,0.004688093561993754,0.6806954160506588,0.6998993696966639,3.093985959047689,3.3208468041040056,0.2268608450563172,0.0,0.042317708333333336,1.0,0.3333333333333333,28.199261744817097,3
