depth,optimization_seed,expected_cut_value,sampled_cut_value,best_sampled_cut_value,approximation_ratio,runtime_sec,representative_bitstring,representative_probability,objective_std,objective_stderr,hit_iteration_budget,plateau_warning,diagnostics
1,42,3.0490814511459496,2.790142596096705,4.47242049585226,0.6817519627176558,25.79571270942688,100010,0.02734375,0.012980072854767766,0.009178297535901716,1,0,Optimizer hit the iteration budget before declaring convergence.
1,57,3.1225345816912293,3.5270027727059334,4.47242049585226,0.6981755370692626,26.585609197616577,000011,0.048828125,0.03533417302477937,0.024985033353440274,1,1,"Optimizer hit the iteration budget before declaring convergence. | Objective improvement stalled over the recent optimization window; this may indicate a plateau, poor initialization, or noisy evaluations."
1,84,3.1034331707551632,1.5679644728762194,4.47242049585226,0.6939046034766406,26.49843120574951,110111,0.048828125,0.009488951948489532,0.006709702269130251,1,0,Optimizer hit the iteration budget before declaring convergence.
