{
  "seed": 7,
  "name": "mlp_reinforce",
  "episode_rewards": [
    -0.5100000000000001,
    0.08999999999999997,
    -0.21000000000000005,
    -0.5100000000000001,
    -0.11000000000000004,
    -0.11000000000000004,
    1.3,
    -0.11000000000000004,
    -0.010000000000000037,
    -0.21000000000000005,
    -0.21000000000000005,
    -0.11000000000000004,
    1.23,
    0.08999999999999997,
    1.16,
    -0.11000000000000004,
    1.27,
    1.3,
    1.3,
    1.3
  ],
  "episode_success": [
    false,
    false,
    false,
    false,
    false,
    false,
    true,
    false,
    false,
    false,
    false,
    false,
    true,
    false,
    true,
    false,
    true,
    true,
    true,
    true
  ],
  "episode_lengths": [
    8,
    8,
    8,
    8,
    8,
    8,
    5,
    8,
    8,
    8,
    8,
    8,
    6,
    8,
    7,
    8,
    4,
    5,
    5,
    5
  ],
  "episode_runtime_sec": [
    0.0030820000101812184,
    0.00297960004536435,
    0.0033854999928735197,
    0.0038240000139921904,
    0.0034226999850943685,
    0.002476800000295043,
    0.0011081999982707202,
    0.001567700004670769,
    0.001880900003015995,
    0.0017484999843873084,
    0.0017231000238098204,
    0.001616199966520071,
    0.0014756000018678606,
    0.0016880999901331961,
    0.0014182000304572284,
    0.0016429999959655106,
    0.0010272000217810273,
    0.0018431000062264502,
    0.0017297000158578157,
    0.0010946000111289322
  ],
  "loss_history": [
    -0.7020123864348157,
    -0.30141681549654425,
    -0.6587061718233123,
    -1.5828621389227615,
    -0.07085969020492441,
    -0.2762963502519704,
    4.839805540773018,
    -0.6482045089929491,
    -0.5347852132583482,
    -0.7173576614595234,
    -1.0475029862404184,
    -0.20156106560955517,
    3.4857052244593207,
    -0.4842072227085985,
    4.102401268714075,
    -1.1848203935254935,
    0.8965336848113455,
    0.79582219793434,
    0.5453997072668589,
    0.35098034820078344
  ],
  "grad_norm_history": [
    0.691273252728943,
    0.18382800312594352,
    0.5913598236862854,
    1.211848457571249,
    0.37064967178529695,
    0.6506708427489162,
    4.456855182372417,
    0.700944180923969,
    0.1376876428257078,
    1.4750069914254909,
    1.2291707049436542,
    0.3276137727542917,
    1.8421809938918818,
    0.2503777088653668,
    1.4314839178112442,
    1.2963718451946604,
    1.7442557655515216,
    1.3280787105009924,
    0.9620705297055098,
    0.6466156767016922
  ],
  "total_runtime_sec": 0.0424079000367783,
  "final_parameters": [
    0.00012301533574825743,
    0.02987455375084699,
    -0.027413785536221758,
    -0.08905918387572742,
    -0.04546707851717226,
    -0.09916465549964625,
    0.006014360259743849,
    0.13402152455545335,
    -0.04922065185513297,
    -0.062047489981994046,
    0.04898420501851983,
    0.03568870081600608,
    0.010541424899789856,
    -0.09304680447082048,
    -0.0029251822463273493,
    0.06953031944582878,
    -0.380328041813441,
    0.35017181016748194,
    0.08724877974732598,
    -0.5240290146398064,
    -0.5595572681046829,
    -0.3587068201040723,
    -0.15741825477189664,
    0.39677350362746877,
    -0.3763530051893359,
    0.3759834392449408,
    -0.5531262009806436,
    -0.4249206842522221,
    0.3131459158469826,
    -0.36515600875160237,
    -0.173320969469331,
    -0.3754038604162308,
    -0.1918348645583633,
    0.22500506771066947,
    0.36560566827098157,
    -0.4922878846814416,
    -0.36833070755322606,
    -0.2716297249150178,
    -0.3128020205583475,
    0.3422740879851268,
    -0.33623010188950775,
    0.306006450891302,
    -0.30950328922446335,
    -0.34895520933728974,
    0.39936998022770415,
    -0.5315659556441097,
    -0.16597877636455508,
    -0.2540643758089436,
    -0.06414703941072214,
    0.20004165463424228,
    0.07622597120847119,
    -0.11992889021052233,
    0.007451622877146343,
    0.05766895836701853,
    -0.018878212535074934,
    0.0682910267195206,
    -0.006651732014941557,
    0.0667247560834328,
    0.1438522591656152,
    -0.06756622510056529,
    0.020313861038960906,
    -0.046330757653841516,
    0.012726841122583083,
    -0.118719452785014,
    0.143344356670886,
    -0.31463853569275524,
    -0.15709152653331923,
    0.35274849796300944,
    0.2187721007411264,
    0.18805707549070044,
    0.3018325876273848,
    -0.46318697382404983,
    0.2532546048438103,
    -0.27530923795746526,
    0.2855752128671587,
    0.3350649783974534,
    -0.21952169325921556,
    0.2282984953202034,
    0.24932246787435297,
    0.31975054799055574,
    0.08321977348111465,
    -0.3150804817264051,
    -0.1692978902431989,
    0.26290969160891486,
    0.10189283700664764,
    0.17606431071815093,
    0.10752155475024792,
    -0.32622139794760663,
    0.3952704340174633,
    -0.216730452015285,
    0.26781401935332855,
    0.3506357269296078,
    -0.31338810492917807,
    0.38867175997660436,
    0.09979117884801723,
    0.3308909437196415,
    0.1169084050815764,
    -0.22075346742315705,
    -0.1967429696388062,
    0.054985170437839126,
    0.22958793365805386,
    0.15038445706148484,
    0.2786321938668381,
    -0.031298230060985546,
    0.17440411751635201,
    -0.3221646768256893,
    0.27984676282120385,
    0.3058219204730816,
    -0.27589893523951725,
    0.23634813829376558,
    0.3321427117425706,
    0.3111171522610612,
    -0.10336758320736888,
    -0.007918131861584184,
    0.0035286848661474136,
    -0.10544846220491105,
    0.025983910067436333,
    -0.0857956477176544,
    0.09720667079170428,
    0.01927459126050724,
    0.008930648576905028,
    -0.0591028352856274,
    -0.011860982387769404,
    -0.1997746292907055,
    -0.11314074705230587,
    0.036283979918875435,
    -0.21285670418221447,
    0.08466085214811635,
    0.06834891576208735,
    0.028483403308718746,
    0.09597612520435556,
    0.13860654185095317,
    0.12119914464642076,
    -0.10802498831775842,
    0.3266055121095559,
    0.12729403569637252,
    0.03356296938528599,
    -0.02878235085428784,
    0.20330294514356562,
    -0.07593305984754836,
    -0.046527866189728685,
    -0.01633842563254312,
    0.21757993776174614,
    0.08559354639907012,
    -0.18605007579482488,
    -0.004329749342311971,
    0.22025952258472956,
    -0.10996134853389158,
    0.14324615662532805,
    -0.045321535061121146,
    -0.43636012616968056,
    0.3342512473991659,
    -0.26474472536798116,
    0.20951753023618247,
    -0.10370100910267828,
    0.03618215354080295,
    -0.45310184960460953,
    0.2345597884289061,
    0.36855615043716905,
    -0.27027371718229776,
    -0.2960473452784103,
    0.22437059977356408,
    0.3304942651910645,
    -0.33516947548353204,
    -0.5057759872429071,
    0.4217185470242892,
    -0.47702137419076657,
    0.37441209768386546,
    0.2650618923903029,
    -0.26026209981652676,
    -0.3590374808775688,
    0.3292847499327015,
    -0.3370630545277481,
    0.26884299872934,
    -0.5438681179877632,
    0.3114317627487926,
    0.18743741854514934,
    -0.10459470346899459
  ],
  "evaluation": {
    "avg_reward": 1.25875,
    "std_reward": 0.0656577299333445,
    "success_rate": 1.0,
    "avg_length": 4.875
  },
  "summary_metrics": {
    "convergence_episode": 19,
    "convergence_runtime_sec": 0.03964010009076446,
    "final_avg_reward": 1.2925,
    "final_success_rate": 1.0,
    "reward_auc": 0.3386842105263157,
    "success_auc": 0.34210526315789475,
    "grad_norm_final": 1.170255170614929,
    "total_runtime_sec": 0.0424079000367783
  }
}