{
  "seed": 7,
  "name": "tabular_reinforce",
  "episode_rewards": [
    -0.9100000000000001,
    1.23,
    -0.11000000000000004,
    1.03,
    -0.11000000000000004,
    -0.01000000000000003,
    0.08999999999999997,
    -0.66,
    -0.4100000000000001,
    -0.010000000000000037,
    -0.11000000000000004,
    0.99,
    0.19,
    1.19,
    0.99,
    1.3,
    1.27,
    1.27,
    0.99,
    1.3
  ],
  "episode_success": [
    false,
    true,
    false,
    true,
    false,
    false,
    false,
    false,
    false,
    false,
    false,
    true,
    false,
    true,
    true,
    true,
    true,
    true,
    true,
    true
  ],
  "episode_lengths": [
    8,
    6,
    8,
    6,
    8,
    8,
    8,
    8,
    8,
    8,
    8,
    8,
    8,
    8,
    8,
    5,
    4,
    4,
    8,
    5
  ],
  "episode_runtime_sec": [
    0.0026547000161372125,
    0.0018008999759331346,
    0.0018354000058025122,
    0.001396200037561357,
    0.002430399996228516,
    0.0016835000133141875,
    0.0016319999704137444,
    0.0020888999570161104,
    0.002100100042298436,
    0.0018436000100336969,
    0.0021801000111736357,
    0.0025320000131614506,
    0.0019299000268802047,
    0.0025240000104531646,
    0.00257789995521307,
    0.0015017000259831548,
    0.0012803999707102776,
    0.0012567999656312168,
    0.001968100026715547,
    0.0011525999871082604
  ],
  "loss_history": [
    -1.3413503915740324,
    4.393404223114466,
    -1.324351473687156,
    3.9914203597547657,
    -0.5777455355606103,
    -0.9306673303294976,
    -0.9136434102618153,
    -2.675687608713215,
    -0.8513783130119287,
    -0.4731978092124268,
    -1.3803582084324273,
    4.683306731069536,
    -0.5146594088536692,
    4.586251940113313,
    3.8156652954405303,
    1.5056459518764604,
    0.9839409035844727,
    0.8406587861949405,
    2.6394566676076536,
    0.8804266097180761
  ],
  "grad_norm_history": [
    1.5632378673173073,
    1.5482200386426155,
    0.5083291520485893,
    1.345921796260292,
    0.3322058352351375,
    0.6079261025759338,
    0.5725661898390529,
    1.0676780912952668,
    0.5832931236402035,
    0.22004942283767254,
    0.5998714698413532,
    1.319443738177508,
    0.3392540938328337,
    1.3390593934038406,
    1.09746651072465,
    0.8116190688597182,
    0.5992924018535284,
    0.517255072366683,
    0.7807751664254744,
    0.4942299087961448
  ],
  "total_runtime_sec": 0.040240999951492995,
  "final_parameters": [
    [
      6.150766787412872e-05,
      0.014937276875423495
    ],
    [
      0.5442379518985263,
      -0.6024744366045008
    ],
    [
      0.4622212944152225,
      -0.5345371614236316
    ],
    [
      0.0030071801298719243,
      0.06701076227772668
    ],
    [
      -0.6164709350284567,
      0.5608368641098931
    ],
    [
      -0.4848208224852801,
      0.5271572754025431
    ],
    [
      -0.5376895002244074,
      0.49643681043889204
    ],
    [
      -0.0014625911231636746,
      0.03476515972291439
    ]
  ],
  "evaluation": {
    "avg_reward": 0.9212499999999999,
    "std_reward": 0.5194814120832428,
    "success_rate": 0.75,
    "avg_length": 6.75
  },
  "summary_metrics": {
    "convergence_episode": 16,
    "convergence_runtime_sec": 0.03271130006760359,
    "final_avg_reward": 1.2075,
    "final_success_rate": 1.0,
    "reward_auc": 0.49026315789473673,
    "success_auc": 0.5,
    "grad_norm_final": 0.5978881373604576,
    "total_runtime_sec": 0.040240999951492995
  }
}