{
  "seed": 7,
  "name": "tabular_reinforce",
  "episode_rewards": [
    -1.12,
    -0.07000000000000003,
    -0.27,
    0.02999999999999997,
    -0.32,
    1.27
  ],
  "episode_success": [
    false,
    false,
    false,
    false,
    false,
    true
  ],
  "episode_lengths": [
    6,
    6,
    6,
    6,
    6,
    4
  ],
  "episode_runtime_sec": [
    0.002028999966569245,
    0.00198830000590533,
    0.0017919999663718045,
    0.001347100012935698,
    0.0014967999886721373,
    0.0012968999799340963
  ],
  "loss_history": [
    -2.113089151688152,
    0.3459491214311043,
    -0.40150941542438495,
    0.058846675561543424,
    -0.8385009673461525,
    3.001836043475333
  ],
  "grad_norm_history": [
    1.9981322217381714,
    0.23530564676248383,
    0.3188881548071445,
    0.1560728235033478,
    0.43487060841779307,
    1.583538751312984
  ],
  "total_runtime_sec": 0.011083199991844594,
  "final_parameters": [
    [
      6.150766787412872e-05,
      0.014937276875423495
    ],
    [
      0.0747863289569475,
      -0.1330228136629221
    ],
    [
      0.17332002419196071,
      -0.24563589120036997
    ],
    [
      0.0030071801298719243,
      0.06701076227772668
    ],
    [
      -0.20244424981644354,
      0.14681017889788
    ],
    [
      -0.02706709060758813,
      0.06940354352485109
    ],
    [
      -0.020835176908794776,
      -0.020417512876720532
    ],
    [
      -0.0014625911231636746,
      0.03476515972291439
    ]
  ],
  "evaluation": {
    "avg_reward": 0.155,
    "std_reward": 0.6809919235938118,
    "success_rate": 0.25,
    "avg_length": 6.0
  },
  "summary_metrics": {
    "convergence_episode": null,
    "convergence_runtime_sec": 0.009950099920388311,
    "final_avg_reward": 0.32666666666666666,
    "final_success_rate": 0.3333333333333333,
    "reward_auc": -0.11100000000000006,
    "success_auc": 0.1,
    "grad_norm_final": 0.724827394411375,
    "total_runtime_sec": 0.011083199991844594
  }
}