{
  "seed": 21,
  "name": "mlp_reinforce",
  "episode_rewards": [
    0.02999999999999997,
    -0.6200000000000001,
    -0.07000000000000003,
    -0.07000000000000003,
    0.02999999999999997,
    0.02999999999999997,
    1.13,
    -0.07000000000000003,
    -0.6200000000000001,
    -0.07000000000000003,
    0.02999999999999997,
    0.029999999999999978,
    -0.07000000000000003,
    0.12999999999999998,
    1.23,
    0.02999999999999997,
    1.27,
    -0.17000000000000004,
    -0.07000000000000003,
    1.27
  ],
  "episode_success": [
    false,
    false,
    false,
    false,
    false,
    false,
    true,
    false,
    false,
    false,
    false,
    false,
    false,
    false,
    true,
    false,
    true,
    false,
    false,
    true
  ],
  "episode_lengths": [
    6,
    6,
    6,
    6,
    6,
    6,
    6,
    6,
    6,
    6,
    6,
    6,
    6,
    6,
    6,
    6,
    4,
    6,
    6,
    4
  ],
  "episode_runtime_sec": [
    0.0028556999750435352,
    0.0029134000069461763,
    0.0031139000202529132,
    0.0022308999905362725,
    0.0027734999894164503,
    0.002817799977492541,
    0.004259299952536821,
    0.003168799972627312,
    0.0027154000126756728,
    0.0025522999931126833,
    0.0024678000481799245,
    0.002677900018170476,
    0.0017428999999538064,
    0.0012904999894089997,
    0.001732399978209287,
    0.0015502000460401177,
    0.0010163999977521598,
    0.0012600999907590449,
    0.0012809999752789736,
    0.0009768999880179763
  ],
  "loss_history": [
    0.20623968245410956,
    -2.098457445526848,
    0.21690472773281197,
    -0.6216194033773819,
    -0.1020937733673573,
    -0.1835393271434405,
    6.298125067138884,
    -0.538162785170889,
    -1.0275459469685235,
    0.3870314077441742,
    -0.4922948364515485,
    -0.09577055949853457,
    0.09983617393698829,
    0.1749525620943009,
    3.349407343202457,
    -1.0706110032288692,
    1.964796682764551,
    -1.0331560872174455,
    -0.6085913210723527,
    1.489264354365593
  ],
  "grad_norm_history": [
    0.24886493256872597,
    1.0877611031268206,
    0.25594210045821975,
    0.20607203832371201,
    0.11831755949280544,
    0.0676513632710268,
    5.261943254771224,
    0.1716747091248619,
    0.4673446050864351,
    0.1696502881677154,
    0.26355736118969836,
    0.24883868013215257,
    0.16625775099012977,
    0.2217146643233382,
    2.0155144878730487,
    0.6616583307218563,
    1.1677480205198467,
    0.5961739166542378,
    0.6066896887974779,
    2.186060053773146
  ],
  "total_runtime_sec": 0.04738499998347834,
  "final_parameters": [
    0.03587734080039142,
    0.15106773081434574,
    -0.17863312373111823,
    0.16866135086657522,
    -0.004731721215613757,
    -0.07999785843751533,
    -0.0802956718390362,
    -0.10828165165825909,
    -0.02236453584074508,
    0.08338841795521575,
    0.05840637316429703,
    0.06382860242561829,
    -0.1694808391769013,
    -0.15709621176914046,
    0.15538031742896521,
    0.09688853654566601,
    0.02285777100562928,
    0.34303849481638593,
    -0.31999036746221177,
    0.31184084992336186,
    -0.1305622936165513,
    0.24343162200341173,
    0.09461962978871545,
    -0.22279469971253435,
    0.10200261263811797,
    0.3166944194481319,
    0.22531756485452853,
    0.07504781784258122,
    -0.28910702442508257,
    0.25954475386581294,
    -0.14503262777268958,
    -0.2952730479012253,
    -0.32468512632414065,
    0.30360523602119777,
    -0.17083602429026687,
    0.14020596236969243,
    -0.15833812723489482,
    0.1452249519034458,
    0.22129658648986128,
    -0.28817747460080756,
    0.15607596325957335,
    0.32660968241101807,
    0.18335923891634962,
    -0.00950482425773915,
    -0.3169511524959676,
    0.18978458229349854,
    -0.32945042760198556,
    -0.1961015735565371,
    0.007865408332523144,
    -0.019726266289721336,
    -0.026767571670742146,
    0.13401946901039738,
    0.14237928368424077,
    -0.12156310049465249,
    0.11741144932558947,
    -0.17230696128709921,
    -0.07344792508370455,
    -0.01734455959217569,
    0.011106060267130161,
    -0.10474166760042457,
    -0.07224687794067584,
    0.007665381874343688,
    -0.06934227233827155,
    -0.06412007892602987,
    0.1756203808916509,
    -0.058133899809385194,
    0.10604990250655119,
    -0.08792518923325325,
    0.10927132535787083,
    -0.1595061878142899,
    -0.11594931346641373,
    0.00882701004006483,
    0.05202886692269834,
    -0.12124208313044328,
    -0.1275565263339674,
    0.046641864582068,
    0.16040453847015917,
    0.03023313397345003,
    0.08949115982831932,
    0.0966184039825177,
    0.3730740373000333,
    -0.43542744464832167,
    0.4838338736553732,
    -0.20147485844951052,
    0.42161057965253634,
    -0.36539221870715755,
    0.052973178727458485,
    0.461978880820588,
    0.3541756449929529,
    -0.38442659574738186,
    -0.5249815652425776,
    -0.2508080292761536,
    0.3206718899108162,
    -0.4400990529572085,
    0.44372660686396254,
    0.3846641768878782,
    -0.035355140238581176,
    -0.1106895050197626,
    0.07400564517585993,
    -0.058625101114546205,
    -0.08036662226219568,
    -0.14873776205136585,
    -0.11113092827800602,
    0.24366899110505308,
    -0.018726985658300506,
    -0.3924785224879493,
    -0.23990245762790754,
    -0.06025696852690099,
    0.1844561133964357,
    0.0698151282372638,
    0.144629675539143,
    0.030080867267820756,
    0.08843895901120884,
    -0.001105774546975093,
    -0.020095794460519383,
    0.0017552546089036017,
    0.12745760509101106,
    -0.09014413693567735,
    -0.10239272781381537,
    -0.006652210021038107,
    -0.006656995155514676,
    -0.08144586293391828,
    -0.08794565088883498,
    0.03776591600424441,
    0.1337835134332041,
    0.07129918729459088,
    0.06851211109663922,
    0.12457373766175497,
    -0.22421535970197187,
    -0.1099988021258351,
    -0.10225230570163804,
    -0.08377216431127887,
    -0.11687666807920757,
    0.06433595747109595,
    0.08506830287093009,
    -0.09787655944716961,
    0.07690106166128845,
    -0.04761750861645756,
    0.15784889759716603,
    -0.31534507137282386,
    0.004564616242133465,
    0.10679730979897609,
    -0.0580146555300328,
    0.04571528703746103,
    -0.09040917797730598,
    0.18160322609013688,
    0.1848417137295835,
    -0.3924141220572451,
    -0.32751971923748235,
    0.16982607167699376,
    0.1126780980601182,
    -0.07952612728974033,
    -0.17967105618979604,
    0.12182228755487717,
    0.2145701340903663,
    -0.16214433718818566,
    0.016764159103621085,
    0.011609723212033483,
    -0.29102925663821577,
    0.31730600367441186,
    -0.1332493960253402,
    0.09948115511907923,
    0.3094523741620682,
    -0.39124874560830775,
    0.3181161207435632,
    -0.1790399283466367,
    0.18417795258990774,
    -0.21577054781761837,
    -0.2617725740651913,
    0.21786631258279535,
    0.18290496324319452,
    -0.23284790306976114,
    -0.18665651164944144,
    0.2751854797172792,
    -0.10697576726712273,
    0.26003290355875114,
    0.08894595618044575,
    -0.26440600677783166
  ],
  "evaluation": {
    "avg_reward": 0.4325,
    "std_reward": 0.5798868424097929,
    "success_rate": 0.3125,
    "avg_length": 5.5625
  },
  "summary_metrics": {
    "convergence_episode": null,
    "convergence_runtime_sec": 0.045397099922411144,
    "final_avg_reward": 0.575,
    "final_success_rate": 0.5,
    "reward_auc": 0.14368421052631575,
    "success_auc": 0.18421052631578946,
    "grad_norm_final": 1.139167919936177,
    "total_runtime_sec": 0.04738499998347834
  }
}