{
  "seed": 21,
  "name": "tabular_reinforce",
  "episode_rewards": [
    -0.07000000000000003,
    1.23,
    0.22999999999999998,
    0.12999999999999998,
    1.3,
    -0.12000000000000002,
    0.12999999999999998,
    0.029999999999999975,
    -0.37,
    -0.37,
    -0.37000000000000005,
    -0.62,
    -0.07000000000000003,
    -0.9200000000000002,
    -0.6200000000000001,
    1.03,
    0.12999999999999998,
    1.2,
    1.23,
    0.12999999999999998
  ],
  "episode_success": [
    false,
    true,
    false,
    false,
    true,
    false,
    false,
    false,
    false,
    false,
    false,
    false,
    false,
    false,
    false,
    true,
    false,
    true,
    true,
    false
  ],
  "episode_lengths": [
    6,
    6,
    6,
    6,
    5,
    6,
    6,
    6,
    6,
    6,
    6,
    6,
    6,
    6,
    6,
    6,
    6,
    5,
    6,
    6
  ],
  "episode_runtime_sec": [
    0.002002099994570017,
    0.0017472000326961279,
    0.0016754999523982406,
    0.0015127999940887094,
    0.0017070999601855874,
    0.0021775999921374023,
    0.0018162000342272222,
    0.001742799999192357,
    0.002002499997615814,
    0.001754000026267022,
    0.0015386000159196556,
    0.0018706999835558236,
    0.0020830000285059214,
    0.0017013000324368477,
    0.0017890000017359853,
    0.001954499981366098,
    0.0015569999814033508,
    0.00116610003169626,
    0.0016513000009581447,
    0.0018816999508999288
  ],
  "loss_history": [
    -0.47733622467600967,
    4.634416048620947,
    -0.07486149954123253,
    -0.199140030087542,
    3.177423875502939,
    -1.0513052728059835,
    -0.34721909069207046,
    -0.8774966570314788,
    -0.7750642640090827,
    -0.5327487529057984,
    -0.4816295966154504,
    -2.446687181149028,
    -0.07051213059393942,
    -2.797620141776027,
    -1.1352064648908564,
    2.8833363313349123,
    -0.2956924451262486,
    2.601798754903265,
    2.057561773121497,
    -0.7505113636533982
  ],
  "grad_norm_history": [
    0.19129921352474166,
    1.6311939626459888,
    0.1345828904616756,
    0.19558642121680564,
    1.519957854335449,
    0.7559002115470904,
    0.20478892860356518,
    0.3959339928209633,
    0.3429205123032565,
    0.4213079373153273,
    0.6533619253599507,
    1.1936728955231406,
    0.18269746110496662,
    1.7450862739592035,
    0.6430820641064803,
    1.6294635023308468,
    0.27149463170503685,
    0.936377261367706,
    1.1388205065646821,
    0.3408999903641999
  ],
  "total_runtime_sec": 0.037367000011727214,
  "final_parameters": [
    [
      0.01793867040019571,
      0.07553386540717287
    ],
    [
      0.46867906829536166,
      -0.4736649547276332
    ],
    [
      0.43602028021053546,
      -0.4783850700370999
    ],
    [
      -0.0401478359195181,
      -0.054140825829129546
    ],
    [
      -0.37315476441181494,
      0.40366670546905015
    ],
    [
      -0.38739270273295673,
      0.4485101905279144
    ],
    [
      -0.5728080229337749,
      0.409519497460754
    ],
    [
      0.07769015871448261,
      0.048444268272833005
    ]
  ],
  "evaluation": {
    "avg_reward": 0.409375,
    "std_reward": 0.6878723423535794,
    "success_rate": 0.375,
    "avg_length": 5.625
  },
  "summary_metrics": {
    "convergence_episode": null,
    "convergence_runtime_sec": 0.035330999991856515,
    "final_avg_reward": 0.6724999999999999,
    "final_success_rate": 0.5,
    "reward_auc": 0.1689473684210526,
    "success_auc": 0.2631578947368421,
    "grad_norm_final": 0.6718980975004062,
    "total_runtime_sec": 0.037367000011727214
  }
}