{
  "seed": 21,
  "mode": "ideal",
  "episode_rewards": [
    1.23,
    1.26,
    1.26,
    1.26,
    1.27,
    1.27,
    0.08999999999999997,
    1.23,
    1.23,
    1.09,
    1.3,
    1.3,
    0.19,
    1.2,
    1.27,
    1.03,
    1.2,
    1.3,
    1.3,
    1.27,
    1.26,
    1.03,
    0.19,
    1.19,
    1.3,
    -0.010000000000000009,
    1.3,
    1.3,
    1.23,
    1.27,
    1.19,
    1.27,
    1.27,
    1.27,
    1.26,
    1.19,
    0.19,
    1.27,
    1.23,
    1.23
  ],
  "episode_success": [
    true,
    true,
    true,
    true,
    true,
    true,
    false,
    true,
    true,
    true,
    true,
    true,
    false,
    true,
    true,
    true,
    true,
    true,
    true,
    true,
    true,
    true,
    false,
    true,
    true,
    false,
    true,
    true,
    true,
    true,
    true,
    true,
    true,
    true,
    true,
    true,
    false,
    true,
    true,
    true
  ],
  "episode_lengths": [
    6,
    7,
    7,
    7,
    4,
    4,
    8,
    6,
    6,
    8,
    5,
    5,
    8,
    5,
    4,
    6,
    5,
    5,
    5,
    4,
    7,
    6,
    8,
    8,
    5,
    8,
    5,
    5,
    6,
    4,
    8,
    4,
    4,
    4,
    7,
    8,
    8,
    4,
    6,
    6
  ],
  "episode_runtime_sec": [
    0.10908090003067628,
    0.13383979996433482,
    0.13662380003370345,
    0.2898657000041567,
    0.07968070002971217,
    0.07728430000133812,
    0.16642700001830235,
    0.25864129996625707,
    0.20886820001760498,
    0.1574652999988757,
    0.10507260001031682,
    0.20410810003522784,
    0.17186559998663142,
    0.10818559996550903,
    0.08705070003634319,
    0.20999669999582693,
    0.10089659999357536,
    0.10155369999120012,
    0.10449559998232871,
    0.17449190001934767,
    0.14054399996530265,
    0.11939820001134649,
    0.15401589998509735,
    0.23878670000704005,
    0.09743129997514188,
    0.15324349998263642,
    0.10218049999093637,
    0.2045642000157386,
    0.11470130004454404,
    0.07960429997183383,
    0.15078549995087087,
    0.1909760999842547,
    0.08186510001542047,
    0.07786289998330176,
    0.13536720001138747,
    0.2563405999680981,
    0.16112519998569041,
    0.07820779999019578,
    0.11779839999508113,
    0.21126369998091832
  ],
  "parameter_history": [
    [
      0.015877341088244484,
      0.1310677664332561,
      -0.1986331217719308,
      0.14866135172582368,
      0.0152682770287863,
      -0.059997862755941045
    ],
    [
      0.015877341088244484,
      0.1310677664332561,
      -0.1986331217719308,
      0.14866135172582368,
      0.0152682770287863,
      -0.059997862755941045
    ],
    [
      0.015877341088244484,
      0.1310677664332561,
      -0.1986331217719308,
      0.14866135172582368,
      0.0152682770287863,
      -0.059997862755941045
    ],
    [
      0.015877341088244484,
      0.1310677664332561,
      -0.1986331217719308,
      0.14866135172582368,
      0.0152682770287863,
      -0.059997862755941045
    ],
    [
      0.005864732880150388,
      0.14148122116639977,
      -0.20862744637430414,
      0.12875581832595695,
      0.02991468608370229,
      -0.04449055071157238
    ],
    [
      0.005864732880150388,
      0.14148122116639977,
      -0.20862744637430414,
      0.12875581832595695,
      0.02991468608370229,
      -0.04449055071157238
    ],
    [
      0.005864732880150388,
      0.14148122116639977,
      -0.20862744637430414,
      0.12875581832595695,
      0.02991468608370229,
      -0.04449055071157238
    ],
    [
      0.005864732880150388,
      0.14148122116639977,
      -0.20862744637430414,
      0.12875581832595695,
      0.02991468608370229,
      -0.04449055071157238
    ],
    [
      -0.006191866337673456,
      0.15424226332135665,
      -0.21505307838633075,
      0.11251885361213756,
      0.04489848929857078,
      -0.029941593947966947
    ],
    [
      -0.006191866337673456,
      0.15424226332135665,
      -0.21505307838633075,
      0.11251885361213756,
      0.04489848929857078,
      -0.029941593947966947
    ],
    [
      -0.006191866337673456,
      0.15424226332135665,
      -0.21505307838633075,
      0.11251885361213756,
      0.04489848929857078,
      -0.029941593947966947
    ],
    [
      -0.006191866337673456,
      0.15424226332135665,
      -0.21505307838633075,
      0.11251885361213756,
      0.04489848929857078,
      -0.029941593947966947
    ],
    [
      -0.011195733046601486,
      0.1697251512699088,
      -0.21547894427475953,
      0.0958648348076858,
      0.049448925775419865,
      -0.016686838401468194
    ],
    [
      -0.011195733046601486,
      0.1697251512699088,
      -0.21547894427475953,
      0.0958648348076858,
      0.049448925775419865,
      -0.016686838401468194
    ],
    [
      -0.011195733046601486,
      0.1697251512699088,
      -0.21547894427475953,
      0.0958648348076858,
      0.049448925775419865,
      -0.016686838401468194
    ],
    [
      -0.011195733046601486,
      0.1697251512699088,
      -0.21547894427475953,
      0.0958648348076858,
      0.049448925775419865,
      -0.016686838401468194
    ],
    [
      -0.015878231616921708,
      0.17344742068958746,
      -0.21706594527411188,
      0.07887112467899231,
      0.052019675498412396,
      -0.001176949042196087
    ],
    [
      -0.015878231616921708,
      0.17344742068958746,
      -0.21706594527411188,
      0.07887112467899231,
      0.052019675498412396,
      -0.001176949042196087
    ],
    [
      -0.015878231616921708,
      0.17344742068958746,
      -0.21706594527411188,
      0.07887112467899231,
      0.052019675498412396,
      -0.001176949042196087
    ],
    [
      -0.015878231616921708,
      0.17344742068958746,
      -0.21706594527411188,
      0.07887112467899231,
      0.052019675498412396,
      -0.001176949042196087
    ],
    [
      -0.016293339053292485,
      0.1738159526392818,
      -0.22198477720814958,
      0.06247687741725107,
      0.05643131554911657,
      0.014815051128363104
    ],
    [
      -0.016293339053292485,
      0.1738159526392818,
      -0.22198477720814958,
      0.06247687741725107,
      0.05643131554911657,
      0.014815051128363104
    ],
    [
      -0.016293339053292485,
      0.1738159526392818,
      -0.22198477720814958,
      0.06247687741725107,
      0.05643131554911657,
      0.014815051128363104
    ],
    [
      -0.016293339053292485,
      0.1738159526392818,
      -0.22198477720814958,
      0.06247687741725107,
      0.05643131554911657,
      0.014815051128363104
    ],
    [
      -0.01378115600188482,
      0.18153890437256917,
      -0.2198359167389011,
      0.04550691164341755,
      0.054934484361314824,
      0.028502053674187025
    ],
    [
      -0.01378115600188482,
      0.18153890437256917,
      -0.2198359167389011,
      0.04550691164341755,
      0.054934484361314824,
      0.028502053674187025
    ],
    [
      -0.01378115600188482,
      0.18153890437256917,
      -0.2198359167389011,
      0.04550691164341755,
      0.054934484361314824,
      0.028502053674187025
    ],
    [
      -0.01378115600188482,
      0.18153890437256917,
      -0.2198359167389011,
      0.04550691164341755,
      0.054934484361314824,
      0.028502053674187025
    ],
    [
      -0.011369574495498264,
      0.18935311504872218,
      -0.2172810456017253,
      0.02913374220000174,
      0.052778373412993386,
      0.040206230410302565
    ],
    [
      -0.011369574495498264,
      0.18935311504872218,
      -0.2172810456017253,
      0.02913374220000174,
      0.052778373412993386,
      0.040206230410302565
    ],
    [
      -0.011369574495498264,
      0.18935311504872218,
      -0.2172810456017253,
      0.02913374220000174,
      0.052778373412993386,
      0.040206230410302565
    ],
    [
      -0.011369574495498264,
      0.18935311504872218,
      -0.2172810456017253,
      0.02913374220000174,
      0.052778373412993386,
      0.040206230410302565
    ],
    [
      -0.010080947936631855,
