{
  "seed": 21,
  "mode": "mitigated",
  "episode_rewards": [
    1.23,
    1.26,
    0.19,
    1.03,
    1.19,
    1.27,
    1.3,
    0.18999999999999997,
    -0.21000000000000005,
    0.19,
    0.18999999999999997,
    -0.010000000000000037,
    1.3,
    1.3,
    1.16,
    1.19,
    0.19,
    1.3,
    -0.4100000000000001,
    0.08999999999999997,
    0.08999999999999997,
    0.08999999999999997,
    -0.01000000000000003,
    -0.010000000000000037,
    1.27,
    1.23,
    1.23,
    0.99,
    1.3,
    1.19,
    1.26,
    1.27,
    -0.11000000000000004,
    0.19,
    0.08999999999999997,
    1.27,
    1.23,
    1.27,
    1.26,
    1.27
  ],
  "episode_success": [
    true,
    true,
    false,
    true,
    true,
    true,
    true,
    false,
    false,
    false,
    false,
    false,
    true,
    true,
    true,
    true,
    false,
    true,
    false,
    false,
    false,
    false,
    false,
    false,
    true,
    true,
    true,
    true,
    true,
    true,
    true,
    true,
    false,
    false,
    false,
    true,
    true,
    true,
    true,
    true
  ],
  "episode_lengths": [
    6,
    7,
    8,
    6,
    8,
    4,
    5,
    8,
    8,
    8,
    8,
    8,
    5,
    5,
    7,
    8,
    8,
    5,
    8,
    8,
    8,
    8,
    8,
    8,
    4,
    6,
    6,
    8,
    5,
    8,
    7,
    4,
    8,
    8,
    8,
    4,
    6,
    4,
    7,
    4
  ],
  "episode_runtime_sec": [
    1.2485395999974571,
    1.293464899994433,
    1.4322361000231467,
    2.2851266999496147,
    1.3173046000301838,
    0.6939369999454357,
    0.8748981000389904,
    2.513766000047326,
    1.3056827000109479,
    1.3068044999963604,
    1.3054464000160806,
    2.569431199983228,
    0.8479870000155643,
    0.8383094999589957,
    1.1938745999941602,
    2.7206058999872766,
    1.3086291000363417,
    0.8411114999908023,
    1.304283100005705,
    2.869036699994467,
    1.4004698999924585,
    1.3870114999590442,
    1.3666639999719337,
    2.4604315999895334,
    0.6811809000209905,
    1.0354233999969438,
    1.002490899991244,
    2.539181800035294,
    0.8576169000007212,
    1.311607199953869,
    1.2192867000121623,
    2.017351599992253,
    1.3037373999832198,
    1.2984182999935001,
    1.295103000011295,
    1.938032900041435,
    1.0441179999615997,
    0.7614710999769159,
    1.140029100002721,
    2.033808499982115
  ],
  "parameter_history": [
    [
      0.015877341267950422,
      0.13106773587713935,
      -0.15863312818879188,
      0.1486613515429558,
      0.015268266200720332,
      -0.05999786259475219
    ],
    [
      0.015877341267950422,
      0.13106773587713935,
      -0.15863312818879188,
      0.1486613515429558,
      0.015268266200720332,
      -0.05999786259475219
    ],
    [
      0.015877341267950422,
      0.13106773587713935,
      -0.15863312818879188,
      0.1486613515429558,
      0.015268266200720332,
      -0.05999786259475219
    ],
    [
      0.015877341267950422,
      0.13106773587713935,
      -0.15863312818879188,
      0.1486613515429558,
      0.015268266200720332,
      -0.05999786259475219
    ],
    [
      -0.0007921852618698842,
      0.1280453648759525,
      -0.16063287136302018,
      0.12863851305967908,
      0.005348466889650941,
      -0.040227149133967945
    ],
    [
      -0.0007921852618698842,
      0.1280453648759525,
      -0.16063287136302018,
      0.12863851305967908,
      0.005348466889650941,
      -0.040227149133967945
    ],
    [
      -0.0007921852618698842,
      0.1280453648759525,
      -0.16063287136302018,
      0.12863851305967908,
      0.005348466889650941,
      -0.040227149133967945
    ],
    [
      -0.0007921852618698842,
      0.1280453648759525,
      -0.16063287136302018,
      0.12863851305967908,
      0.005348466889650941,
      -0.040227149133967945
    ],
    [
      -0.0036377173992488848,
      0.11554214529606888,
      -0.15665320974864788,
      0.11338555930625348,
      -0.002489030270603888,
      -0.020475335388449374
    ],
    [
      -0.0036377173992488848,
      0.11554214529606888,
      -0.15665320974864788,
      0.11338555930625348,
      -0.002489030270603888,
      -0.020475335388449374
    ],
    [
      -0.0036377173992488848,
      0.11554214529606888,
      -0.15665320974864788,
      0.11338555930625348,
      -0.002489030270603888,
      -0.020475335388449374
    ],
    [
      -0.0036377173992488848,
      0.11554214529606888,
      -0.15665320974864788,
      0.11338555930625348,
      -0.002489030270603888,
      -0.020475335388449374
    ],
    [
      -0.003019720385143683,
      0.1001339611759732,
      -0.14459571082765627,
      0.11539757871259956,
      0.006408795994706602,
      -0.022014149032112313
    ],
    [
      -0.003019720385143683,
      0.1001339611759732,
      -0.14459571082765627,
      0.11539757871259956,
      0.006408795994706602,
      -0.022014149032112313
    ],
    [
      -0.003019720385143683,
      0.1001339611759732,
      -0.14459571082765627,
      0.11539757871259956,
      0.006408795994706602,
      -0.022014149032112313
    ],
    [
      -0.003019720385143683,
      0.1001339611759732,
      -0.14459571082765627,
      0.11539757871259956,
      0.006408795994706602,
      -0.022014149032112313
    ],
    [
      -0.004939480705447445,
      0.08614154041178107,
      -0.13237430298126227,
      0.116522513653338,
      0.012690187489680578,
      -0.026623554841412985
    ],
    [
      -0.004939480705447445,
      0.08614154041178107,
      -0.13237430298126227,
      0.116522513653338,
      0.012690187489680578,
      -0.026623554841412985
    ],
    [
      -0.004939480705447445,
      0.08614154041178107,
      -0.13237430298126227,
      0.116522513653338,
      0.012690187489680578,
      -0.026623554841412985
    ],
    [
      -0.004939480705447445,
      0.08614154041178107,
      -0.13237430298126227,
      0.116522513653338,
      0.012690187489680578,
      -0.026623554841412985
    ],
    [
      -0.00023776415751653162,
      0.07598040945646589,
      -0.12128304222302602,
      0.11824652235358991,
      0.018951522017061868,
      -0.02659853320492008
    ],
    [
      -0.00023776415751653162,
      0.07598040945646589,
      -0.12128304222302602,
      0.11824652235358991,
      0.018951522017061868,
      -0.02659853320492008
    ],
    [
      -0.00023776415751653162,
      0.07598040945646589,
      -0.12128304222302602,
      0.11824652235358991,
      0.018951522017061868,
      -0.02659853320492008
    ],
    [
      -0.00023776415751653162,
      0.07598040945646589,
      -0.12128304222302602,
      0.11824652235358991,
      0.018951522017061868,
      -0.02659853320492008
    ],
    [
      0.004651615715342871,
      0.07095628036463261,
      -0.11019549988190015,
      0.11760980958645405,
      0.02469535501031555,
      -0.02216822035350749
    ],
    [
      0.004651615715342871,
      0.07095628036463261,
      -0.11019549988190015,
      0.11760980958645405,
      0.02469535501031555,
      -0.02216822035350749
    ],
    [
      0.004651615715342871,
      0.07095628036463261,
      -0.11019549988190015,
      0.11760980958645405,
      0.02469535501031555,
      -0.02216822035350749
    ],
    [
      0.004651615715342871,
      0.07095628036463261,
      -0.11019549988190015,
      0.11760980958645405,
      0.02469535501031555,
      -0.02216822035350749
    ],
    [
      0.010222079230696755,
      0.06274691596947278,
      -0.09864040243522866,
      0.1196415012393003,
      0.03355891162186758,
      -0.02187259342674134
    ],
    [
      0.010222079230696755,
      0.06274691596947278,
      -0.09864040243522866,
      0.1196415012393003,
      0.03355891162186758,
      -0.02187259342674134
    ],
    [
      0.010222079230696755,
      0.06274691596947278,
      -0.09864040243522866,
      0.1196415012393003,
      0.03355891162186758,
      -0.02187259342674134
    ],
    [
      0.010222079230696755,
