{
  "seed": 21,
  "mode": "noisy",
  "episode_rewards": [
    1.23,
    1.26,
    0.18999999999999997,
    1.03,
    1.19,
    1.27,
    1.3,
    -0.11000000000000004,
    -0.21000000000000005,
    1.19,
    0.18999999999999997,
    -0.010000000000000037,
    1.3,
    1.3,
    1.16,
    1.19,
    1.3,
    1.26,
    -0.6100000000000001,
    -0.11000000000000004,
    1.27,
    0.99,
    1.16,
    0.08999999999999997,
    1.19,
    0.99,
    1.23,
    0.99,
    1.3,
    1.19,
    1.26,
    1.27,
    -0.11000000000000004,
    0.19,
    -0.11000000000000004,
    1.27,
    1.23,
    1.27,
    1.26,
    1.27
  ],
  "episode_success": [
    true,
    true,
    false,
    true,
    true,
    true,
    true,
    false,
    false,
    true,
    false,
    false,
    true,
    true,
    true,
    true,
    true,
    true,
    false,
    false,
    true,
    true,
    true,
    false,
    true,
    true,
    true,
    true,
    true,
    true,
    true,
    true,
    false,
    false,
    false,
    true,
    true,
    true,
    true,
    true
  ],
  "episode_lengths": [
    6,
    7,
    8,
    6,
    8,
    4,
    5,
    8,
    8,
    8,
    8,
    8,
    5,
    5,
    7,
    8,
    5,
    7,
    8,
    8,
    4,
    8,
    7,
    8,
    8,
    8,
    6,
    8,
    5,
    8,
    7,
    4,
    8,
    8,
    8,
    4,
    6,
    4,
    7,
    4
  ],
  "episode_runtime_sec": [
    0.28139940003165975,
    0.20966400002362207,
    0.24484739999752492,
    0.4682985999970697,
    0.32131210004445165,
    0.1407360000303015,
    0.1712734999600798,
    0.49251920002279803,
    0.24663369997870177,
    0.2548620000015944,
    0.24717299995245412,
    0.4734401000314392,
    0.15879519999725744,
    0.15646240004571155,
    0.2148183000390418,
    0.5174711000290699,
    0.16362790000857785,
    0.23894480004673824,
    0.245245199999772,
    0.47590560000389814,
    0.13022120000096038,
    0.24055759998736903,
    0.21219280001241714,
    0.4599588999990374,
    0.25542429997585714,
    0.240485499962233,
    0.18528480001259595,
    0.46414960001129657,
    0.15394530002959073,
    0.2521847999887541,
    0.21115770004689693,
    0.3846708000055514,
    0.2503691000165418,
    0.24133659998187795,
    0.24173139996128157,
    0.41046510002342984,
    0.1844518999569118,
    0.12780920002842322,
    0.2078839000314474,
    0.37484999996377155
  ],
  "parameter_history": [
    [
      0.015877341230673202,
      0.1710677252651591,
      -0.1586331263345421,
      0.14866135159486818,
      -0.0247317147970839,
      -0.09999780745840287
    ],
    [
      0.015877341230673202,
      0.1710677252651591,
      -0.1586331263345421,
      0.14866135159486818,
      -0.0247317147970839,
      -0.09999780745840287
    ],
    [
      0.015877341230673202,
      0.1710677252651591,
      -0.1586331263345421,
      0.14866135159486818,
      -0.0247317147970839,
      -0.09999780745840287
    ],
    [
      0.015877341230673202,
      0.1710677252651591,
      -0.1586331263345421,
      0.14866135159486818,
      -0.0247317147970839,
      -0.09999780745840287
    ],
    [
      -0.002972890177104247,
      0.1732709501114289,
      -0.15363349224569106,
      0.12863870939667357,
      -0.04411621267980825,
      -0.09625465965990068
    ],
    [
      -0.002972890177104247,
      0.1732709501114289,
      -0.15363349224569106,
      0.12863870939667357,
      -0.04411621267980825,
      -0.09625465965990068
    ],
    [
      -0.002972890177104247,
      0.1732709501114289,
      -0.15363349224569106,
      0.12863870939667357,
      -0.04411621267980825,
      -0.09625465965990068
    ],
    [
      -0.002972890177104247,
      0.1732709501114289,
      -0.15363349224569106,
      0.12863870939667357,
      -0.04411621267980825,
      -0.09625465965990068
    ],
    [
      -0.010171687707203156,
      0.16418100864306684,
      -0.1501180915430658,
      0.1176543949750625,
      -0.06375212085959929,
      -0.08377976323887165
    ],
    [
      -0.010171687707203156,
      0.16418100864306684,
      -0.1501180915430658,
      0.1176543949750625,
      -0.06375212085959929,
      -0.08377976323887165
    ],
    [
      -0.010171687707203156,
      0.16418100864306684,
      -0.1501180915430658,
      0.1176543949750625,
      -0.06375212085959929,
      -0.08377976323887165
    ],
    [
      -0.010171687707203156,
      0.16418100864306684,
      -0.1501180915430658,
      0.1176543949750625,
      -0.06375212085959929,
      -0.08377976323887165
    ],
    [
      -0.014523757871170322,
      0.15759739907668055,
      -0.13843136213667667,
      0.114364832938853,
      -0.07356842908533334,
      -0.09418318556409286
    ],
    [
      -0.014523757871170322,
      0.15759739907668055,
      -0.13843136213667667,
      0.114364832938853,
      -0.07356842908533334,
      -0.09418318556409286
    ],
    [
      -0.014523757871170322,
      0.15759739907668055,
      -0.13843136213667667,
      0.114364832938853,
      -0.07356842908533334,
      -0.09418318556409286
    ],
    [
      -0.014523757871170322,
      0.15759739907668055,
      -0.13843136213667667,
      0.114364832938853,
      -0.07356842908533334,
      -0.09418318556409286
    ],
    [
      -0.01980980350405938,
      0.16049544299851584,
      -0.13271819903316967,
      0.11403975957907639,
      -0.0785231437400767,
      -0.10003678510855324
    ],
    [
      -0.01980980350405938,
      0.16049544299851584,
      -0.13271819903316967,
      0.11403975957907639,
      -0.0785231437400767,
      -0.10003678510855324
    ],
    [
      -0.01980980350405938,
      0.16049544299851584,
      -0.13271819903316967,
      0.11403975957907639,
      -0.0785231437400767,
      -0.10003678510855324
    ],
    [
      -0.01980980350405938,
      0.16049544299851584,
      -0.13271819903316967,
      0.11403975957907639,
      -0.0785231437400767,
      -0.10003678510855324
    ],
    [
      -0.024862721412929716,
      0.16293741529516234,
      -0.12991833511252784,
      0.11096811283044347,
      -0.0832958206423342,
      -0.10257933296864341
    ],
    [
      -0.024862721412929716,
      0.16293741529516234,
      -0.12991833511252784,
      0.11096811283044347,
      -0.0832958206423342,
      -0.10257933296864341
    ],
    [
      -0.024862721412929716,
      0.16293741529516234,
      -0.12991833511252784,
      0.11096811283044347,
      -0.0832958206423342,
      -0.10257933296864341
    ],
    [
      -0.024862721412929716,
      0.16293741529516234,
      -0.12991833511252784,
      0.11096811283044347,
      -0.0832958206423342,
      -0.10257933296864341
    ],
    [
      -0.029505607387929546,
      0.16648392178684973,
      -0.12742325312951983,
      0.1077628567864353,
      -0.08664524351045381,
      -0.10391887125614956
    ],
    [
      -0.029505607387929546,
      0.16648392178684973,
      -0.12742325312951983,
      0.1077628567864353,
      -0.08664524351045381,
      -0.10391887125614956
    ],
    [
      -0.029505607387929546,
      0.16648392178684973,
      -0.12742325312951983,
      0.1077628567864353,
      -0.08664524351045381,
      -0.10391887125614956
    ],
    [
      -0.029505607387929546,
      0.16648392178684973,
      -0.12742325312951983,
      0.1077628567864353,
      -0.08664524351045381,
      -0.10391887125614956
    ],
    [
      -0.03371632843017568,
      0.16978841211516593,
      -0.12433926701683164,
      0.10503663945742249,
      -0.08951495780101845,
      -0.10615494657818932
    ],
    [
      -0.03371632843017568,
      0.16978841211516593,
      -0.12433926701683164,
      0.10503663945742249,
      -0.08951495780101845,
      -0.10615494657818932
    ],
    [
      -0.03371632843017568,
      0.16978841211516593,
      -0.12433926701683164,
      0.10503663945742249,
      -0.08951495780101845,
      -0.10615494657818932
    ],
    [
      -0.03371632843017568,
      0.16978841211516593,
      -0.12433926701683164,
