{
  "seed": 7,
  "mode": "ideal",
  "episode_rewards": [
    0.19,
    1.03,
    1.3,
    0.99,
    1.27,
    0.19,
    1.27,
    1.03,
    0.99,
    1.27,
    1.27,
    1.23,
    1.3,
    0.76,
    1.3,
    1.23,
    1.19,
    1.27,
    1.3,
    -0.11000000000000004
  ],
  "episode_success": [
    false,
    true,
    true,
    true,
    true,
    false,
    true,
    true,
    true,
    true,
    true,
    true,
    true,
    true,
    true,
    true,
    true,
    true,
    true,
    false
  ],
  "episode_lengths": [
    8,
    6,
    5,
    8,
    4,
    8,
    4,
    6,
    8,
    4,
    4,
    6,
    5,
    7,
    5,
    6,
    8,
    4,
    5,
    8
  ],
  "episode_runtime_sec": [
    0.18352520000189543,
    0.18256310001015663,
    0.11997850000625476,
    0.2689859999809414,
    0.09720869996817783,
    0.26105670002289116,
    0.08627240004716441,
    0.17501610005274415,
    0.1613214000244625,
    0.22782510000979528,
    0.10242720000678673,
    0.2247697999700904,
    0.10768249997636303,
    0.20663410000270233,
    0.1047837000223808,
    0.16995309997582808,
    0.16314610000699759,
    0.1542040000203997,
    0.10795869998401031,
    0.2229079999960959
  ],
  "parameter_history": [
    [
      0.020123014907260803,
      0.009874564034382114,
      -0.007413793912264106,
      -0.10905918326470353,
      -0.025467089508434328,
      -0.11916465330379776
    ],
    [
      0.020123014907260803,
      0.009874564034382114,
      -0.007413793912264106,
      -0.10905918326470353,
      -0.025467089508434328,
      -0.11916465330379776
    ],
    [
      0.021684225795500486,
      -0.007207974685582548,
      0.011233756854175377,
      -0.12882391616274078,
      -0.03900988346716215,
      -0.13865419422112676
    ],
    [
      0.021684225795500486,
      -0.007207974685582548,
      0.011233756854175377,
      -0.12882391616274078,
      -0.03900988346716215,
      -0.13865419422112676
    ],
    [
      0.027915108505368925,
      -0.02294729321441457,
      0.02973795822675732,
      -0.14658561427531097,
      -0.04842266989458876,
      -0.156458738485054
    ],
    [
      0.027915108505368925,
      -0.02294729321441457,
      0.02973795822675732,
      -0.14658561427531097,
      -0.04842266989458876,
      -0.156458738485054
    ],
    [
      0.03299677874724179,
      -0.03062010557896621,
      0.03927987869558535,
      -0.154776597179683,
      -0.05204412719547978,
      -0.16553415391076304
    ],
    [
      0.03299677874724179,
      -0.03062010557896621,
      0.03927987869558535,
      -0.154776597179683,
      -0.05204412719547978,
      -0.16553415391076304
    ],
    [
      0.0360030423424019,
      -0.03375629345152597,
      0.048625654211864655,
      -0.15954527978098268,
      -0.05739115739309412,
      -0.17047967456209065
    ],
    [
      0.0360030423424019,
      -0.03375629345152597,
      0.048625654211864655,
      -0.15954527978098268,
      -0.05739115739309412,
      -0.17047967456209065
    ],
    [
      0.039086191371666135,
      -0.03455907279932112,
      0.05512238965126906,
      -0.16513923139885167,
      -0.06128761755185079,
      -0.17606395780363465
    ],
    [
      0.039086191371666135,
      -0.03455907279932112,
      0.05512238965126906,
      -0.16513923139885167,
      -0.06128761755185079,
      -0.17606395780363465
    ],
    [
      0.04056519240847416,
      -0.03551983253990383,
      0.057024630530784576,
      -0.16734155739308854,
      -0.06268370558544864,
      -0.17868929297512484
    ],
    [
      0.04056519240847416,
      -0.03551983253990383,
      0.057024630530784576,
      -0.16734155739308854,
      -0.06268370558544864,
      -0.17868929297512484
    ],
    [
      0.04180031477507095,
      -0.03590481282189202,
      0.05779952610209193,
      -0.16958166588937876,
      -0.0636322148745277,
      -0.1812063000651854
    ],
    [
      0.04180031477507095,
      -0.03590481282189202,
      0.05779952610209193,
      -0.16958166588937876,
      -0.0636322148745277,
      -0.1812063000651854
    ],
    [
      0.04239087556979284,
      -0.03630660184270568,
      0.05844023548966499,
      -0.17109283665246333,
      -0.06441712173002646,
      -0.18260238843375953
    ],
    [
      0.04239087556979284,
      -0.03630660184270568,
      0.05844023548966499,
      -0.17109283665246333,
      -0.06441712173002646,
      -0.18260238843375953
    ],
    [
      0.04313002804107275,
      -0.03613917665861385,
      0.058953687451084286,
      -0.1713407273286834,
      -0.06509701141471066,
      -0.18423578158499682
    ],
    [
      0.04313002804107275,
      -0.03613917665861385,
      0.058953687451084286,
      -0.1713407273286834,
      -0.06509701141471066,
      -0.18423578158499682
    ]
  ],
  "loss_history": [
    -0.10856865322515283,
    2.005282387993437,
    0.924927662073173,
    3.374112396907238,
    0.33159710913059737,
    -0.8226910022040023,
    0.31489226963834765,
    1.16689800542645,
    2.1942478325413317,
    0.22952796468398556,
    0.2004632408403932,
    0.9512757369261968,
    0.46707110113181965,
    0.7720138429803821,
    0.38978388190751906,
    0.5453581647666164,
    1.5932131175681765,
    0.09198442536442858,
    0.2719069864958142,
    -7.01738243219448
  ],
  "grad_norm_history": [
    0.5784257744167771,
    0.5784257744167771,
    0.665631426117522,
    0.665631426117522,
    0.2975779506018537,
    0.2975779506018537,
    0.388114722572019,
    0.388114722572019,
    0.32333550865688127,
    0.32333550865688127,
    0.25436070707812974,
    0.25436070707812974,
    0.10055982732761021,
    0.10055982732761021,
    0.11378223079260527,
    0.11378223079260527,
    0.49965692274145845,
    0.49965692274145845,
    10.11416950387007,
    10.11416950387007
  ],
  "applied_grad_norm_history": [
    0.5784257744167771,
    0.5784257744167771,
    0.665631426117522,
    0.665631426117522,
    0.2975779506018537,
    0.2975779506018537,
    0.388114722572019,
    0.388114722572019,
    0.32333550865688127,
    0.32333550865688127,
    0.25436070707812974,
    0.25436070707812974,
    0.10055982732761021,
    0.10055982732761021,
    0.11378223079260527,
    0.11378223079260527,
    0.49965692274145845,
    0.49965692274145845,
    0.749999925846613,
    0.749999925846613
  ],
  "update_norm_history": [
    0.04898978142993013,
    0.04898978142993013,
    0.039948414211970165,
    0.039948414211970165,
    0.03674283304468787,
    0.03674283304468787,
    0.018393313658318373,
    0.018393313658318373,
    0.013490961988498348,
    0.013490961988498348,
    0.011402488753826462,
    0.011402488753826462,
    0.004518927976280841,
    0.004518927976280841,
    0.003811467022349157,
    0.003811467022349157,
    0.002401974930908259,
    0.002401974930908259,
    0.0020074071440438776,
    0.0020074071440438776
  ],
  "learning_rate_history": [
    0.02,
    0.02,
    0.02,
    0.02,
    0.01,
    0.01,
    0.01,
    0.01,
    0.01,
    0.01,
    0.005,
    0.005,
    0.005,
    0.005,
    0.0025,
    0.0025,
    0.0025,
    0.0025,
    0.002,
    0.002
  ],
  "validation_reward_history": [
    1.27,
    1.27,
    0.575,
    0.575,
    0.69,
    0.69,
    1.3,
    1.3,
    1.23,
    1.23,
    -0.06000000000000004,
    -0.06000000000000004,
    1.2650000000000001,
    1.2650000000000001,
    1.27,
    1.27,
    1.23,
    1.23,
    0.48000000000000004,
    0.48000000000000004
  ],
  "validation_success_history": [
    1.0,
    1.0,
    0.5,
    0.5,
    0.5,
    0.5,
    1.0,
    1.0,
    1.0,
    1.0,
    0.0,
    0.0,
    1.0,
    1.0,
    1.0,
    1.0,
    1.0,
    1.0,
    0.5,
    0.5
  ],
  "optimizer_clipped_history": [
    false,
    false,
    false,
    false,
    false,
    false,
    false,
    false,
    false,
    false,
    false,
    false,
    false,
    false,
    false,
    false,
    false,
    false,
    true,
    true
  ],
  "total_runtime_sec": 3.329578200005926,