{
  "seed": 7,
  "mode": "mitigated",
  "episode_rewards": [
    0.18999999999999997,
    1.26,
    0.18999999999999997,
    1.3,
    0.08999999999999997,
    1.16,
    1.23,
    0.08999999999999997,
    1.27,
    0.19,
    1.3,
    1.27,
    1.19,
    1.19,
    1.19,
    1.3,
    1.3,
    1.19,
    1.27,
    1.19
  ],
  "episode_success": [
    false,
    true,
    false,
    true,
    false,
    true,
    true,
    false,
    true,
    false,
    true,
    true,
    true,
    true,
    true,
    true,
    true,
    true,
    true,
    true
  ],
  "episode_lengths": [
    8,
    7,
    8,
    5,
    8,
    7,
    6,
    8,
    4,
    8,
    5,
    4,
    8,
    8,
    8,
    5,
    5,
    8,
    4,
    8
  ],
  "episode_runtime_sec": [
    1.134912199981045,
    1.0800560000352561,
    0.8843555999919772,
    1.3074174000066705,
    0.878880999982357,
    1.2719403999508359,
    0.6196099999942817,
    1.2227732000174,
    0.6101944999536499,
    1.2064333999878727,
    0.5392855999525636,
    0.9767347000306472,
    0.8760049000266008,
    1.2275270000100136,
    0.8091192000429146,
    0.9725236999802291,
    0.6035575999994762,
    1.246490099991206,
    0.42986669996753335,
    1.246896700002253
  ],
  "parameter_history": [
    [
      -0.019876984190561033,
      0.04987453099515915,
      -0.04741378153643076,
      -0.10905918248030971,
      -0.025467082361181014,
      -0.07916465670889514
    ],
    [
      -0.019876984190561033,
      0.04987453099515915,
      -0.04741378153643076,
      -0.10905918248030971,
      -0.025467082361181014,
      -0.07916465670889514
    ],
    [
      -0.03326473539583378,
      0.040710400174533694,
      -0.0673885170274148,
      -0.10529322108687879,
      -0.005499453887384244,
      -0.06654300911292364
    ],
    [
      -0.03326473539583378,
      0.040710400174533694,
      -0.0673885170274148,
      -0.10529322108687879,
      -0.005499453887384244,
      -0.06654300911292364
    ],
    [
      -0.03711331557666771,
      0.027105962861850318,
      -0.0810194110478818,
      -0.11231972948823986,
      0.013329366633485162,
      -0.056972017225921094
    ],
    [
      -0.03711331557666771,
      0.027105962861850318,
      -0.0810194110478818,
      -0.11231972948823986,
      0.013329366633485162,
      -0.056972017225921094
    ],
    [
      -0.03612323234447597,
      0.022903585402992255,
      -0.08905942373562895,
      -0.11406029110509988,
      0.019244746232378276,
      -0.05393755066014932
    ],
    [
      -0.03612323234447597,
      0.022903585402992255,
      -0.08905942373562895,
      -0.11406029110509988,
      0.019244746232378276,
      -0.05393755066014932
    ],
    [
      -0.032737492055664105,
      0.021373120031744113,
      -0.09764933909094636,
      -0.11573277339990772,
      0.024446176245364503,
      -0.05290859356426913
    ],
    [
      -0.032737492055664105,
      0.021373120031744113,
      -0.09764933909094636,
      -0.11573277339990772,
      0.024446176245364503,
      -0.05290859356426913
    ],
    [
      -0.029395119772141515,
      0.02103667035732696,
      -0.10662393089700908,
      -0.11529144185371082,
      0.028641768611057234,
      -0.05361304487989435
    ],
    [
      -0.029395119772141515,
      0.02103667035732696,
      -0.10662393089700908,
      -0.11529144185371082,
      0.028641768611057234,
      -0.05361304487989435
    ],
    [
      -0.02854654811126282,
      0.020623398847820853,
      -0.11019603292377726,
      -0.11639416694034888,
      0.03176681261098785,
      -0.05319223818233004
    ],
    [
      -0.02854654811126282,
      0.020623398847820853,
      -0.11019603292377726,
      -0.11639416694034888,
      0.03176681261098785,
      -0.05319223818233004
    ],
    [
      -0.028669768957139942,
      0.01932253215915658,
      -0.11393015316674371,
      -0.11770097732888812,
      0.03402150705723975,
      -0.05290687827304396
    ],
    [
      -0.028669768957139942,
      0.01932253215915658,
      -0.11393015316674371,
      -0.11770097732888812,
      0.03402150705723975,
      -0.05290687827304396
    ],
    [
      -0.028964400096622663,
      0.018731052471281217,
      -0.11542040599179024,
      -0.11790167370183649,
      0.0351639902966257,
      -0.05339236470490374
    ],
    [
      -0.028964400096622663,
      0.018731052471281217,
      -0.11542040599179024,
      -0.11790167370183649,
      0.0351639902966257,
      -0.05339236470490374
    ],
    [
      -0.02924416279209048,
      0.018136522280636575,
      -0.11696170314162349,
      -0.11805887450198634,
      0.035984954593048964,
      -0.053991524621726725
    ],
    [
      -0.02924416279209048,
      0.018136522280636575,
      -0.11696170314162349,
      -0.11805887450198634,
      0.035984954593048964,
      -0.053991524621726725
    ]
  ],
  "loss_history": [
    -0.13083642598937673,
    3.076731874359389,
    -0.22009332852009228,
    0.9388672304135389,
    -1.4424426798125771,
    3.9971436498797757,
    1.6443334051739646,
    -1.675017886434158,
    0.7368786815425682,
    -0.7226259824868655,
    0.7682895783231097,
    0.6010526145622475,
    2.0370102800236514,
    2.715644598806726,
    2.114403895887189,
    0.5062306861954788,
    0.45353776694530196,
    1.5629714880209156,
    0.2979857131512754,
    1.3600758677471476
  ],
  "grad_norm_history": [
    0.4810905597753591,
    0.4810905597753591,
    0.20269648189538822,
    0.20269648189538822,
    0.3830900247087986,
    0.3830900247087986,
    0.24628490776132514,
    0.24628490776132514,
    0.32199712269546354,
    0.32199712269546354,
    0.21420936412940733,
    0.21420936412940733,
    0.3274586860202661,
    0.3274586860202661,
    0.25284000668672,
    0.25284000668672,
    0.21504708289777547,
    0.21504708289777547,
    0.07105821709749499,
    0.07105821709749499
  ],
  "applied_grad_norm_history": [
    0.4810905597753591,
    0.4810905597753591,
    0.20269648189538822,
    0.20269648189538822,
    0.3830900247087986,
    0.3830900247087986,
    0.24628490776132514,
    0.24628490776132514,
    0.32199712269546354,
    0.32199712269546354,
    0.21420936412940733,
    0.21420936412940733,
    0.3274586860202661,
    0.3274586860202661,
    0.25284000668672,
    0.25284000668672,
    0.21504708289777547,
    0.21504708289777547,
    0.07105821709749499,
    0.07105821709749499
  ],
  "update_norm_history": [
    0.048989781106744665,
    0.048989781106744665,
    0.035133998834289866,
    0.035133998834289866,
    0.029684907680887627,
    0.029684907680887627,
    0.011424154367496735,
    0.011424154367496735,
    0.01088590975890363,
    0.01088590975890363,
    0.01049390153562236,
    0.01049390153562236,
    0.004980939769639404,
    0.004980939769639404,
    0.004745937444051262,
    0.004745937444051262,
    0.0020588232741043065,
    0.0020588232741043065,
    0.0019659647227110427,
    0.0019659647227110427
  ],
  "learning_rate_history": [
    0.02,
    0.02,
    0.02,
    0.02,
    0.01,
    0.01,
    0.01,
    0.01,
    0.01,
    0.01,
    0.005,
    0.005,
    0.005,
    0.005,
    0.0025,
    0.0025,
    0.0025,
    0.0025,
    0.002,
    0.002
  ],
  "validation_reward_history": [
    1.27,
    1.27,
    1.2650000000000001,
    1.2650000000000001,
    0.08999999999999997,
    0.08999999999999997,
    1.28,
    1.28,
    0.6799999999999999,
    0.6799999999999999,
    -0.11000000000000004,
    -0.11000000000000004,
    1.2650000000000001,
    1.2650000000000001,
    1.1949999999999998,
    1.1949999999999998,
    1.23,
    1.23,
    1.095,
    1.095
  ],
  "validation_success_history": [
    1.0,
    1.0,
    1.0,
    1.0,
    0.0,
    0.0,
    1.0,
    1.0,
    0.5,
    0.5,
    0.0,
    0.0,
    1.0,
    1.0,
    1.0,
    1.0,
    1.0,
    1.0,
    1.0,
    1.0
  ],