{
  "seed": 7,
  "mode": "noisy",
  "episode_rewards": [
    0.18999999999999997,
    1.26,
    0.08999999999999997,
    1.3,
    0.08999999999999997,
    1.16,
    1.23,
    0.08999999999999997,
    1.27,
    0.08999999999999997,
    1.3,
    1.27,
    1.2,
    0.08999999999999997,
    -0.11000000000000004,
    1.27,
    1.3,
    0.19,
    1.16,
    1.19
  ],
  "episode_success": [
    false,
    true,
    false,
    true,
    false,
    true,
    true,
    false,
    true,
    false,
    true,
    true,
    true,
    false,
    false,
    true,
    true,
    false,
    true,
    true
  ],
  "episode_lengths": [
    8,
    7,
    8,
    5,
    8,
    7,
    6,
    8,
    4,
    8,
    5,
    4,
    5,
    8,
    8,
    4,
    5,
    8,
    7,
    8
  ],
  "episode_runtime_sec": [
    0.3906122000189498,
    0.5487659000209533,
    0.31601020001107827,
    0.399236400029622,
    0.2906506999861449,
    0.46685849997447804,
    0.2054014999885112,
    0.39119719999143854,
    0.14041120000183582,
    0.38501949998317286,
    0.16949569998541847,
    0.3273878999752924,
    0.17838300002040341,
    0.39277500001480803,
    0.25624959997367114,
    0.274953399959486,
    0.16671489999862388,
    0.384241399995517,
    0.42449890001444146,
    0.4310280000208877
  ],
  "parameter_history": [
    [
      -0.019876983752111603,
      0.00987458282787295,
      -0.04741378301690059,
      -0.10905918068507862,
      -0.025467088630631296,
      -0.07916465774403267
    ],
    [
      -0.019876983752111603,
      0.00987458282787295,
      -0.04741378301690059,
      -0.10905918068507862,
      -0.025467088630631296,
      -0.07916465774403267
    ],
    [
      -0.036467590030193606,
      0.02033325002006737,
      -0.06337872559776807,
      -0.1026079234807129,
      -0.005450680881345767,
      -0.07369251279583305
    ],
    [
      -0.036467590030193606,
      0.02033325002006737,
      -0.06337872559776807,
      -0.1026079234807129,
      -0.005450680881345767,
      -0.07369251279583305
    ],
    [
      -0.0374018411424445,
      0.03459067373143857,
      -0.07840821745364296,
      -0.11072723207985899,
      0.011574851744046238,
      -0.07009566280657668
    ],
    [
      -0.0374018411424445,
      0.03459067373143857,
      -0.07840821745364296,
      -0.11072723207985899,
      0.011574851744046238,
      -0.07009566280657668
    ],
    [
      -0.035432644554567294,
      0.04209912978773771,
      -0.08629172452555078,
      -0.11333472896543831,
      0.015940844443556958,
      -0.06818710463461619
    ],
    [
      -0.035432644554567294,
      0.04209912978773771,
      -0.08629172452555078,
      -0.11333472896543831,
      0.015940844443556958,
      -0.06818710463461619
    ],
    [
      -0.03057497989870065,
      0.049756264775815545,
      -0.09490287411220363,
      -0.11220495851463372,
      0.020670865072188314,
      -0.06915139590589386
    ],
    [
      -0.03057497989870065,
      0.049756264775815545,
      -0.09490287411220363,
      -0.11220495851463372,
      0.020670865072188314,
      -0.06915139590589386
    ],
    [
      -0.02618055452348174,
      0.057911262189073685,
      -0.10363166336621486,
      -0.11002636504834994,
      0.02605414242650217,
      -0.07184001217476162
    ],
    [
      -0.02618055452348174,
      0.057911262189073685,
      -0.10363166336621486,
      -0.11002636504834994,
      0.02605414242650217,
      -0.07184001217476162
    ],
    [
      -0.02377518514266185,
      0.06226435363329144,
      -0.10666018462301703,
      -0.1100673238989182,
      0.028617582302305905,
      -0.07406864283491806
    ],
    [
      -0.02377518514266185,
      0.06226435363329144,
      -0.10666018462301703,
      -0.1100673238989182,
      0.028617582302305905,
      -0.07406864283491806
    ],
    [
      -0.022972330884046988,
      0.06504970260978743,
      -0.10855115304849094,
      -0.1095528139112544,
      0.03174489340313563,
      -0.0752223367004963
    ],
    [
      -0.022972330884046988,
      0.06504970260978743,
      -0.10855115304849094,
      -0.1095528139112544,
      0.03174489340313563,
      -0.0752223367004963
    ],
    [
      -0.022330011060329336,
      0.06635045970707228,
      -0.1099244444469377,
      -0.10964642374131522,
      0.03315451715698107,
      -0.0757266951693104
    ],
    [
      -0.022330011060329336,
      0.06635045970707228,
      -0.1099244444469377,
      -0.10964642374131522,
      0.03315451715698107,
      -0.0757266951693104
    ],
    [
      -0.021576973096016208,
      0.06785467397502651,
      -0.11022989929978806,
      -0.1093140256386506,
      0.03486753711938228,
      -0.07697806248540583
    ],
    [
      -0.021576973096016208,
      0.06785467397502651,
      -0.11022989929978806,
      -0.1093140256386506,
      0.03486753711938228,
      -0.07697806248540583
    ]
  ],
  "loss_history": [
    0.35055832630831213,
    3.085460664581005,
    -0.8634630770224727,
    1.1415276828547092,
    -1.2196395691507627,
    3.855358592863456,
    1.8401921503011482,
    -1.6422230461856098,
    0.7440873117008533,
    -1.8830221270813685,
    0.9018268614666205,
    0.6232932479194119,
    1.6611610340705907,
    -1.695774877346256,
    -2.0155118935871896,
    0.5790766910957417,
    0.7713073537449351,
    -1.0520589447638853,
    2.3453640755482423,
    2.1572440875394654
  ],
  "grad_norm_history": [
    0.25823926996566304,
    0.25823926996566304,
    0.13691814572907746,
    0.13691814572907746,
    0.30308485897136017,
    0.30308485897136017,
    0.14538219441506778,
    0.14538219441506778,
    0.3509723297197183,
    0.3509723297197183,
    0.10417099281636454,
    0.10417099281636454,
    0.18073166178266067,
    0.18073166178266067,
    0.2503144783475477,
    0.2503144783475477,
    0.17581341422965363,
    0.17581341422965363,
    0.28757722243782874,
    0.28757722243782874
  ],
  "applied_grad_norm_history": [
    0.25823926996566304,
    0.25823926996566304,
    0.13691814572907746,
    0.13691814572907746,
    0.30308485897136017,
    0.30308485897136017,
    0.14538219441506778,
    0.14538219441506778,
    0.3509723297197183,
    0.3509723297197183,
    0.10417099281636454,
    0.10417099281636454,
    0.18073166178266067,
    0.18073166178266067,
    0.2503144783475477,
    0.2503144783475477,
    0.17581341422965363,
    0.17581341422965363,
    0.28757722243782874,
    0.28757722243782874
  ],
  "update_norm_history": [
    0.04898977523648899,
    0.04898977523648899,
    0.0333426303215337,
    0.0333426303215337,
    0.02826237507046763,
    0.02826237507046763,
    0.012325090582228878,
    0.012325090582228878,
    0.013452131928169044,
    0.013452131928169044,
    0.014246449418559693,
    0.014246449418559693,
    0.0067414274620810205,
    0.0067414274620810205,
    0.004832629744956059,
    0.004832629744956059,
    0.0024981297884375917,
    0.0024981297884375917,
    0.0027447906034478746,
    0.0027447906034478746
  ],
  "learning_rate_history": [
    0.02,
    0.02,
    0.02,
    0.02,
    0.01,
    0.01,
    0.01,
    0.01,
    0.01,
    0.01,
    0.005,
    0.005,
    0.005,
    0.005,
    0.0025,
    0.0025,
    0.0025,
    0.0025,
    0.002,
    0.002
  ],
  "validation_reward_history": [
    1.25,
    1.25,
    0.575,
    0.575,
    0.08999999999999997,
    0.08999999999999997,
    1.28,
    1.28,
    0.6799999999999999,
    0.6799999999999999,
    -0.06000000000000004,
    -0.06000000000000004,
    1.2650000000000001,
    1.2650000000000001,
    1.1949999999999998,
    1.1949999999999998,
    1.23,
    1.23,
    1.095,
    1.095
  ],
  "validation_success_history": [
    1.0,
    1.0,
    0.5,
    0.5,
    0.0,
    0.0,
    1.0,
    1.0,
    0.5,
    0.5,
    0.0,
    0.0,
    1.0,
    1.0,
    1.0,
    1.0,
    1.0,
    1.0,
    1.0,
    1.0
  ],