Model,accuracy,precision,recall,f1_score,train_time
Classical RBF SVM,0.7605919907138712,0.7808471454880295,0.7310344827586207,0.755120213713268,2.76425838470459
Exact QSVC,0.6186883343006384,0.6076845298281092,0.6908045977011494,0.6465841850457235,4.093441009521484
Pegasos QSVC,0.6,0.5714285714285714,0.8,0.6666666666666666,0.1565868854522705
