{
  "seed": 21,
  "mode": "ideal",
  "episode_rewards": [
    1.23,
    0.23,
    -0.07000000000000003,
    0.02999999999999997,
    1.3,
    1.3,
    0.12999999999999998,
    1.27,
    -0.07000000000000003,
    -0.37000000000000005,
    -0.07000000000000003,
    1.3,
    0.13,
    1.27,
    0.12999999999999998,
    1.03,
    0.22999999999999998,
    1.23,
    0.13,
    1.3
  ],
  "episode_success": [
    true,
    false,
    false,
    false,
    true,
    true,
    false,
    true,
    false,
    false,
    false,
    true,
    false,
    true,
    false,
    true,
    false,
    true,
    false,
    true
  ],
  "episode_lengths": [
    6,
    6,
    6,
    6,
    5,
    5,
    6,
    4,
    6,
    6,
    6,
    5,
    6,
    4,
    6,
    6,
    6,
    6,
    6,
    5
  ],
  "episode_runtime_sec": [
    0.13371180003741756,
    0.19945980003103614,
    0.1346188999596052,
    0.1987712000263855,
    0.11290880001615733,
    0.20047599996905774,
    0.21086320001631975,
    0.3856095999944955,
    0.14253340003779158,
    0.20866010000463575,
    0.13036619999911636,
    0.16717889998108149,
    0.13437129999510944,
    0.1472197999828495,
    0.1317327999859117,
    0.22145509999245405,
    0.13525390002178028,
    0.21706719999201596,
    0.12592130003031343,
    0.16941999999107793
  ],
  "parameter_history": [
    [
      0.015877341626392157,
      0.17106772785195234,
      -0.1586331278198453,
      0.14866135856367557,
      -0.02473167046885048,
      -0.05999787154093596
    ],
    [
      0.015877341626392157,
      0.17106772785195234,
      -0.1586331278198453,
      0.14866135856367557,
      -0.02473167046885048,
      -0.05999787154093596
    ],
    [
      -0.004148784817178008,
      0.18829469399683146,
      -0.14125134196158476,
      0.1322351924445019,
      -0.011733736827261712,
      -0.051151346289273744
    ],
    [
      -0.004148784817178008,
      0.18829469399683146,
      -0.14125134196158476,
      0.1322351924445019,
      -0.011733736827261712,
      -0.051151346289273744
    ],
    [
      -0.0239927079599733,
      0.2053246648574776,
      -0.12336581793796386,
      0.11542156704900666,
      -0.021748865594283795,
      -0.03693338866852503
    ],
    [
      -0.0239927079599733,
      0.2053246648574776,
      -0.12336581793796386,
      0.11542156704900666,
      -0.021748865594283795,
      -0.03693338866852503
    ],
    [
      -0.035144660115427356,
      0.21898819915735387,
      -0.11007135113424682,
      0.09851788850227322,
      -0.02974778584270109,
      -0.030509678657759387
    ],
    [
      -0.035144660115427356,
      0.21898819915735387,
      -0.11007135113424682,
      0.09851788850227322,
      -0.02974778584270109,
      -0.030509678657759387
    ],
    [
      -0.04228838931795637,
      0.22196034527435216,
      -0.1075055893305869,
      0.0896019004975068,
      -0.03263931251316307,
      -0.029979264115042602
    ],
    [
      -0.04228838931795637,
      0.22196034527435216,
      -0.1075055893305869,
      0.0896019004975068,
      -0.03263931251316307,
      -0.029979264115042602
    ],
    [
      -0.0502436854963034,
      0.22546367627133346,
      -0.10421575753332107,
      0.08123136408744694,
      -0.03736943537720276,
      -0.027003468647406655
    ],
    [
      -0.0502436854963034,
      0.22546367627133346,
      -0.10421575753332107,
      0.08123136408744694,
      -0.03736943537720276,
      -0.027003468647406655
    ],
    [
      -0.055040946627236326,
      0.22968812624767995,
      -0.09932952838491693,
      0.07275733522203265,
      -0.043104133345856686,
      -0.025137304797297696
    ],
    [
      -0.055040946627236326,
      0.22968812624767995,
      -0.09932952838491693,
      0.07275733522203265,
      -0.043104133345856686,
      -0.025137304797297696
    ],
    [
      -0.055283170289108084,
      0.23374367366695703,
      -0.09618624394649859,
      0.0648388422583746,
      -0.0490966955482008,
      -0.024361828362220388
    ],
    [
      -0.055283170289108084,
      0.23374367366695703,
      -0.09618624394649859,
      0.0648388422583746,
      -0.0490966955482008,
      -0.024361828362220388
    ],
    [
      -0.05641977075013544,
      0.23582914762590473,
      -0.0949775118038249,
      0.0605695051756742,
      -0.05112540127847471,
      -0.025862593250143492
    ],
    [
      -0.05641977075013544,
      0.23582914762590473,
      -0.0949775118038249,
      0.0605695051756742,
      -0.05112540127847471,
      -0.025862593250143492
    ],
    [
      -0.057144992318884924,
      0.23758839670532553,
      -0.09410307931165736,
      0.05671327923285323,
      -0.05340097103078206,
      -0.02598787029434378
    ],
    [
      -0.057144992318884924,
      0.23758839670532553,
      -0.09410307931165736,
      0.05671327923285323,
      -0.05340097103078206,
      -0.02598787029434378
    ]
  ],
  "loss_history": [
    1.9557758622968713,
    -0.1742778057585859,
    -0.5706274843415985,
    -0.5575184593677412,
    0.770843207938167,
    0.6919909700038612,
    -0.29801369053965626,
    0.43428401331417726,
    -0.34149423251644145,
    -2.5362182160486255,
    -0.6401246866510264,
    0.6765065732343257,
    -0.5831935000139279,
    0.4162453635305952,
    -1.1704586545733573,
    1.6407310764031062,
    -0.8717693414410944,
    1.9957735923802602,
    -1.1191861845575877,
    0.5697098674275923
  ],
  "grad_norm_history": [
    0.25787888915601753,
    0.25787888915601753,
    0.33817352699197495,
    0.33817352699197495,
    0.661209387951609,
    0.661209387951609,
    0.2758720479643653,
    0.2758720479643653,
    1.849820363221711,
    1.849820363221711,
    0.47299651064094556,
    0.47299651064094556,
    0.41384104948690753,
    0.41384104948690753,
    0.8925007640035573,
    0.8925007640035573,
    0.9299245912326711,
    0.9299245912326711,
    0.16915050195485812,
    0.16915050195485812
  ],
  "applied_grad_norm_history": [
    0.25787888915601753,
    0.25787888915601753,
    0.33817352699197495,
    0.33817352699197495,
    0.661209387951609,
    0.661209387951609,
    0.2758720479643653,
    0.2758720479643653,
    0.7499995945554446,
    0.7499995945554446,
    0.47299651064094556,
    0.47299651064094556,
    0.41384104948690753,
    0.41384104948690753,
    0.7499991596655263,
    0.7499991596655263,
    0.7499991934838582,
    0.7499991934838582,
    0.16915050195485812,
    0.16915050195485812
  ],
  "update_norm_history": [
    0.048989762430803996,
    0.048989762430803996,
    0.038948258033796944,
    0.038948258033796944,
    0.03986030964351162,
    0.03986030964351162,
    0.02964426045444233,
    0.02964426045444233,
    0.01243329245482592,
    0.01243329245482592,
    0.013699575153273387,
    0.013699575153273387,
    0.013149654777625898,
    0.013149654777625898,
    0.011207188340480592,
    0.011207188340480592,
    0.00563003347670144,
    0.00563003347670144,
    0.004944686682499297,
    0.004944686682499297
  ],
  "learning_rate_history": [
    0.02,
    0.02,
    0.02,
    0.02,
    0.02,
    0.02,
    0.01,
    0.01,
    0.01,
    0.01,
    0.01,
    0.01,
    0.01,
    0.01,
    0.005,
    0.005,
    0.005,
    0.005,
    0.0025,
    0.0025
  ],
  "validation_reward_history": [
    1.25,
    1.25,
    1.2650000000000001,
    1.2650000000000001,
    1.25,
    1.25,
    1.13,
    1.13,
    0.18,
    0.18,
    1.27,
    1.27,
    0.7,
    0.7,
    1.23,
    1.23,
    0.73,
    0.73,
    0.18,
    0.18
  ],
  "validation_success_history": [
    1.0,
    1.0,
    1.0,
    1.0,
    1.0,
    1.0,
    1.0,
    1.0,
    0.0,
    0.0,
    1.0,
    1.0,
    0.5,
    0.5,
    1.0,
    1.0,
    0.5,
    0.5,
    0.0,
    0.0
  ],
  "optimizer_clipped_history": [
    false,
    false,
    false,
    false,
    false,
    false,
    false,
    false,
    true,
    true,
    false,
    false,
    false,
    false,
    true,
    true,
    true,
    true,
    false,
    false
  ],