{
  "seed": 21,
  "mode": "mitigated",
  "episode_rewards": [
    1.23,
    0.23,
    -0.07000000000000003,
    0.02999999999999997,
    1.3,
    1.3,
    0.12999999999999998,
    1.27,
    -0.07000000000000003,
    -0.37000000000000005,
    -0.07000000000000003,
    1.23,
    0.12999999999999998,
    0.12999999999999998,
    1.2,
    1.3,
    1.03,
    1.2,
    0.13,
    1.3
  ],
  "episode_success": [
    true,
    false,
    false,
    false,
    true,
    true,
    false,
    true,
    false,
    false,
    false,
    true,
    false,
    false,
    true,
    true,
    true,
    true,
    false,
    true
  ],
  "episode_lengths": [
    6,
    6,
    6,
    6,
    5,
    5,
    6,
    4,
    6,
    6,
    6,
    6,
    6,
    6,
    5,
    5,
    6,
    5,
    6,
    5
  ],
  "episode_runtime_sec": [
    0.3263169000274502,
    0.3095511000137776,
    0.19804780004778877,
    0.7076237000292167,
    0.18090229999506846,
    0.31253940000897273,
    0.21302369999466464,
    0.28301459999056533,
    0.206674299959559,
    0.33826470002532005,
    0.20554999995511025,
    0.30107119999593124,
    0.2143270000233315,
    0.30382200004532933,
    0.16662809997797012,
    0.3130411000456661,
    0.2000114000402391,
    0.3885393999516964,
    0.20186430000467226,
    0.300762599974405
  ],
  "parameter_history": [
    [
      0.01587734208562183,
      0.13106774002348687,
      -0.1586331275284042,
      0.14866135260948268,
      -0.024731719688284286,
      -0.09999785089641855
    ],
    [
      0.01587734208562183,
      0.13106774002348687,
      -0.1586331275284042,
      0.14866135260948268,
      -0.024731719688284286,
      -0.09999785089641855
    ],
    [
      -0.004070303925974805,
      0.13110332217184126,
      -0.1525153456464682,
      0.12919830979628943,
      -0.03948449477778634,
      -0.11380867502761947
    ],
    [
      -0.004070303925974805,
      0.13110332217184126,
      -0.1525153456464682,
      0.12919830979628943,
      -0.03948449477778634,
      -0.11380867502761947
    ],
    [
      -0.022967430508366596,
      0.14345086961849754,
      -0.15533109156425357,
      0.11182336658716147,
      -0.056609885026885506,
      -0.12317050905098083
    ],
    [
      -0.022967430508366596,
      0.14345086961849754,
      -0.15533109156425357,
      0.11182336658716147,
      -0.056609885026885506,
      -0.12317050905098083
    ],
    [
      -0.03556969840770792,
      0.15605221564686578,
      -0.16354373926797358,
      0.09540256433327154,
      -0.06838045529568353,
      -0.13482191345623173
    ],
    [
      -0.03556969840770792,
      0.15605221564686578,
      -0.16354373926797358,
      0.09540256433327154,
      -0.06838045529568353,
      -0.13482191345623173
    ],
    [
      -0.04149771898623734,
      0.16215224305421802,
      -0.16760187251534306,
      0.08659281630906063,
      -0.07529108875725796,
      -0.13141339150186898
    ],
    [
      -0.04149771898623734,
      0.16215224305421802,
      -0.16760187251534306,
      0.08659281630906063,
      -0.07529108875725796,
      -0.13141339150186898
    ],
    [
      -0.04858573307475877,
      0.16912043780267458,
      -0.16625151379074948,
      0.08194336077499505,
      -0.08321130526098368,
      -0.12567737296031478
    ],
    [
      -0.04858573307475877,
      0.16912043780267458,
      -0.16625151379074948,
      0.08194336077499505,
      -0.08321130526098368,
      -0.12567737296031478
    ],
    [
      -0.053060136844226675,
      0.17524837027596127,
      -0.16559139287941124,
      0.07772394015732279,
      -0.08938182517773142,
      -0.12046688506151039
    ],
    [
      -0.053060136844226675,
      0.17524837027596127,
      -0.16559139287941124,
      0.07772394015732279,
      -0.08938182517773142,
      -0.12046688506151039
    ],
    [
      -0.05886131021771418,
      0.18025958807802936,
      -0.16702384027577746,
      0.07285182640272644,
      -0.09535310850878954,
      -0.11658379802876831
    ],
    [
      -0.05886131021771418,
      0.18025958807802936,
      -0.16702384027577746,
      0.07285182640272644,
      -0.09535310850878954,
      -0.11658379802876831
    ],
    [
      -0.05981990007669561,
      0.18262213464292376,
      -0.16580169910637022,
      0.06971534747827103,
      -0.09836917072681717,
      -0.11393628095239423
    ],
    [
      -0.05981990007669561,
      0.18262213464292376,
      -0.16580169910637022,
      0.06971534747827103,
      -0.09836917072681717,
      -0.11393628095239423
    ],
    [
      -0.060791414678614215,
      0.1847313494747562,
      -0.16481518552889718,
      0.06694983241668562,
      -0.10099492889146665,
      -0.11156539047195406
    ],
    [
      -0.060791414678614215,
      0.1847313494747562,
      -0.16481518552889718,
      0.06694983241668562,
      -0.10099492889146665,
      -0.11156539047195406
    ]
  ],
  "loss_history": [
    2.303584417720528,
    -0.20183310816824307,
    -0.5449614556232028,
    -0.42166213738454195,
    1.2614121820254955,
    1.1327601744096891,
    -0.39234869736545436,
    0.6992511755509558,
    -0.3891025698206522,
    -1.5827821267347852,
    -0.6568219952830333,
    3.281250234291177,
    -0.7600757247044156,
    -0.9546289136229666,
    0.7900137213371036,
    1.3798134297973736,
    1.8200967431710084,
    1.5135313666958368,
    -1.0448470468654878,
    0.7190175663299843
  ],
  "grad_norm_history": [
    0.24182600479571442,
    0.24182600479571442,
    0.22401964019930598,
    0.22401964019930598,
    0.5883753761809588,
    0.5883753761809588,
    0.15368603578045703,
    0.15368603578045703,
    0.30525115549485365,
    0.30525115549485365,
    0.6300382380904548,
    0.6300382380904548,
    0.18822691403965988,
    0.18822691403965988,
    0.3714722713652213,
    0.3714722713652213,
    0.5985069167923117,
    0.5985069167923117,
    0.04274928572214984,
    0.04274928572214984
  ],
  "applied_grad_norm_history": [
    0.24182600479571442,
    0.24182600479571442,
    0.22401964019930598,
    0.22401964019930598,
    0.5883753761809588,
    0.5883753761809588,
    0.15368603578045703,
    0.15368603578045703,
    0.30525115549485365,
    0.30525115549485365,
    0.6300382380904548,
    0.6300382380904548,
    0.18822691403965988,
    0.18822691403965988,
    0.3714722713652213,
    0.3714722713652213,
    0.5985069167923117,
    0.5985069167923117,
    0.04274928572214984,
    0.04274928572214984
  ],
  "update_norm_history": [
    0.0489897846074109,
    0.0489897846074109,
    0.03496470183228766,
    0.03496470183228766,
    0.03464539399512179,
    0.03464539399512179,
    0.030479549799293734,
    0.030479549799293734,
    0.015026867431604484,
    0.015026867431604484,
    0.01476036332190972,
    0.01476036332190972,
    0.01187584168142964,
    0.01187584168142964,
    0.011631418824620238,
    0.011631418824620238,
    0.00582560107141362,
    0.00582560107141362,
    0.005150692966234996,
    0.005150692966234996
  ],
  "learning_rate_history": [
    0.02,
    0.02,
    0.02,
    0.02,
    0.02,
    0.02,
    0.01,
    0.01,
    0.01,
    0.01,
    0.01,
    0.01,
    0.01,
    0.01,
    0.005,
    0.005,
    0.005,
    0.005,
    0.0025,
    0.0025
  ],
  "validation_reward_history": [
    0.75,
    0.75,
    1.2650000000000001,
    1.2650000000000001,
    1.25,
    1.25,
    0.58,
    0.58,
    0.18,
    0.18,
    1.27,
    1.27,
    0.7,
    0.7,
    0.6799999999999999,
    0.6799999999999999,
    0.73,
    0.73,
    0.18,
    0.18
  ],
  "validation_success_history": [
    0.5,
    0.5,
    1.0,
    1.0,
    1.0,
    1.0,
    0.5,
    0.5,
    0.0,
    0.0,
    1.0,
    1.0,
    0.5,
    0.5,
    0.5,
    0.5,
    0.5,
    0.5,
    0.0,
    0.0
  ],