{
  "seed": 21,
  "mode": "noisy",
  "episode_rewards": [
    1.23,
    0.23,
    -0.07000000000000003,
    0.02999999999999997,
    1.3,
    1.3,
    0.12999999999999998,
    1.27,
    -0.07000000000000003,
    -0.37000000000000005,
    -0.07000000000000003,
    1.23,
    0.12999999999999998,
    -0.17000000000000004,
    1.2,
    1.3,
    1.03,
    1.2,
    0.13,
    1.3
  ],
  "episode_success": [
    true,
    false,
    false,
    false,
    true,
    true,
    false,
    true,
    false,
    false,
    false,
    true,
    false,
    false,
    true,
    true,
    true,
    true,
    false,
    true
  ],
  "episode_lengths": [
    6,
    6,
    6,
    6,
    5,
    5,
    6,
    4,
    6,
    6,
    6,
    6,
    6,
    6,
    5,
    5,
    6,
    5,
    6,
    5
  ],
  "episode_runtime_sec": [
    0.31289450003532693,
    0.3217449000221677,
    0.22784489998593926,
    0.5839017999824136,
    0.1770136000122875,
    0.2742843999876641,
    0.19681120000313967,
    0.4892878999817185,
    0.25817970000207424,
    0.3566988999955356,
    0.21420519996900111,
    0.3649176000035368,
    0.2252421000157483,
    0.32583540002815425,
    0.1665692999958992,
    0.29456469998694956,
    0.19667029997799546,
    0.37920510000549257,
    0.20709789998363703,
    0.30863939999835566
  ],
  "parameter_history": [
    [
      0.015877342066666203,
      0.13106774021301149,
      -0.1586331280179218,
      0.1486613526947124,
      -0.024731719582197706,
      -0.09999785092099533
    ],
    [
      0.015877342066666203,
      0.13106774021301149,
      -0.1586331280179218,
      0.1486613526947124,
      -0.024731719582197706,
      -0.09999785092099533
    ],
    [
      -0.00404112669629823,
      0.12927664293098332,
      -0.15104947402704857,
      0.13761567504403277,
      -0.037145918889655585,
      -0.11373681827174473
    ],
    [
      -0.00404112669629823,
      0.12927664293098332,
      -0.15104947402704857,
      0.13761567504403277,
      -0.037145918889655585,
      -0.11373681827174473
    ],
    [
      -0.022038458591617,
      0.14129873019631933,
      -0.15378558333002038,
      0.12291451927974666,
      -0.05292739685615708,
      -0.12762279345133523
    ],
    [
      -0.022038458591617,
      0.14129873019631933,
      -0.15378558333002038,
      0.12291451927974666,
      -0.05292739685615708,
      -0.12762279345133523
    ],
    [
      -0.03477020820738416,
      0.15371706445997485,
      -0.1606795690449238,
      0.10866795813603214,
      -0.06363287963603248,
      -0.14266559507780993
    ],
    [
      -0.03477020820738416,
      0.15371706445997485,
      -0.1606795690449238,
      0.10866795813603214,
      -0.06363287963603248,
      -0.14266559507780993
    ],
    [
      -0.039890272910207435,
      0.15932916520643312,
      -0.16481248854055144,
      0.10083019732105894,
      -0.06997972790743733,
      -0.13984844693736362
    ],
    [
      -0.039890272910207435,
      0.15932916520643312,
      -0.16481248854055144,
      0.10083019732105894,
      -0.06997972790743733,
      -0.13984844693736362
    ],
    [
      -0.046193514763846207,
      0.16632867295146136,
      -0.16384934935278703,
      0.09508057505036772,
      -0.07748800205261712,
      -0.13412070486777025
    ],
    [
      -0.046193514763846207,
      0.16632867295146136,
      -0.16384934935278703,
      0.09508057505036772,
      -0.07748800205261712,
      -0.13412070486777025
    ],
    [
      -0.053466166071478624,
      0.17263993975368677,
      -0.16447082984851202,
      0.08851623706961444,
      -0.084197338637032,
      -0.1287689302311518
    ],
    [
      -0.053466166071478624,
      0.17263993975368677,
      -0.16447082984851202,
      0.08851623706961444,
      -0.084197338637032,
      -0.1287689302311518
    ],
    [
      -0.0614401971577484,
      0.1777971359106842,
      -0.16720917981733113,
      0.08149284519613505,
      -0.09093026897646958,
      -0.1248538372303218
    ],
    [
      -0.0614401971577484,
      0.1777971359106842,
      -0.16720917981733113,
      0.08149284519613505,
      -0.09093026897646958,
      -0.1248538372303218
    ],
    [
      -0.06374698490863506,
      0.18028030561162806,
      -0.16640187904362078,
      0.0775639285785927,
      -0.0942209641655442,
      -0.12206376726490992
    ],
    [
      -0.06374698490863506,
      0.18028030561162806,
      -0.16640187904362078,
      0.0775639285785927,
      -0.0942209641655442,
      -0.12206376726490992
    ],
    [
      -0.06597362371898097,
      0.18250745817372746,
      -0.16581356089391328,
      0.07408426142184596,
      -0.09711090633734804,
      -0.11954830253163776
    ],
    [
      -0.06597362371898097,
      0.18250745817372746,
      -0.16581356089391328,
      0.07408426142184596,
      -0.09711090633734804,
      -0.11954830253163776
    ]
  ],
  "loss_history": [
    2.397639275096118,
    -0.19505741168680107,
    -0.08339624942503376,
    -0.41494086829827903,
    1.3684597946168977,
    1.2289686570417708,
    -0.4476923966889534,
    0.7641768235961296,
    -0.4626565713611977,
    -1.5218773732603066,
    -0.5990455097186763,
    3.0195318293237805,
    -0.8163144826408173,
    -2.0747915763085567,
    0.8462831644757255,
    1.5054124870338372,
    1.8215765456226765,
    1.5507842316430436,
    -1.1246544182524172,
    0.8161733478313365
  ],
  "grad_norm_history": [
    0.2350414054566915,
    0.2350414054566915,
    0.14528800274987794,
    0.14528800274987794,
    0.6152347351752923,
    0.6152347351752923,
    0.12735616785120862,
    0.12735616785120862,
    0.22864875554375236,
    0.22864875554375236,
    0.43610961852467184,
    0.43610961852467184,
    0.3738953714584585,
    0.3738953714584585,
    0.3872245479801582,
    0.3872245479801582,
    0.48241747065989327,
    0.48241747065989327,
    0.0596968736586356,
    0.0596968736586356
  ],
  "applied_grad_norm_history": [
    0.2350414054566915,
    0.2350414054566915,
    0.14528800274987794,
    0.14528800274987794,
    0.6152347351752923,
    0.6152347351752923,
    0.12735616785120862,
    0.12735616785120862,
    0.22864875554375236,
    0.22864875554375236,
    0.43610961852467184,
    0.43610961852467184,
    0.3738953714584585,
    0.3738953714584585,
    0.3872245479801582,
    0.3872245479801582,
    0.48241747065989327,
    0.48241747065989327,
    0.0596968736586356,
    0.0596968736586356
  ],
  "update_norm_history": [
    0.048989784269860566,
    0.048989784269860566,
    0.030370113570105967,
    0.030370113570105967,
    0.03367373109687431,
    0.03367373109687431,
    0.03012801453705563,
    0.03012801453705563,
    0.013580908000756698,
    0.013580908000756698,
    0.014556475182673001,
    0.014556475182673001,
    0.014486442143864284,
    0.014486442143864284,
    0.01441071622396336,
    0.01441071622396336,
    0.006796225942201477,
    0.006796225942201477,
    0.006087007415333753,
    0.006087007415333753
  ],
  "learning_rate_history": [
    0.02,
    0.02,
    0.02,
    0.02,
    0.02,
    0.02,
    0.01,
    0.01,
    0.01,
    0.01,
    0.01,
    0.01,
    0.01,
    0.01,
    0.005,
    0.005,
    0.005,
    0.005,
    0.0025,
    0.0025
  ],
  "validation_reward_history": [
    0.75,
    0.75,
    1.2650000000000001,
    1.2650000000000001,
    1.25,
    1.25,
    0.58,
    0.58,
    0.18,
    0.18,
    1.27,
    1.27,
    0.7,
    0.7,
    0.6799999999999999,
    0.6799999999999999,
    0.73,
    0.73,
    0.18,
    0.18
  ],
  "validation_success_history": [
    0.5,
    0.5,
    1.0,
    1.0,
    1.0,
    1.0,
    0.5,
    0.5,
    0.0,
    0.0,
    1.0,
    1.0,
    0.5,
    0.5,
    0.5,
    0.5,
    0.5,
    0.5,
    0.0,
    0.0
  ],
  "optimizer_clipped_history": [
    false,
    false,
    false,
    false,
    false,
    false,
    false,
    false,
    false,
    false,
    false,
    false,
    false,
    false,
    false,
    false,
    false,
    false,
    false,
    false
  ],