{
  "seed": 7,
  "mode": "ideal",
  "episode_rewards": [
    0.09,
    1.03,
    1.3,
    -0.31000000000000005,
    0.08999999999999997,
    1.19,
    1.19,
    1.23,
    1.27,
    0.18999999999999997,
    1.3,
    1.27,
    1.27,
    0.99,
    -0.31000000000000005,
    1.27,
    1.26,
    1.19,
    1.23,
    1.19
  ],
  "episode_success": [
    false,
    true,
    true,
    false,
    false,
    true,
    true,
    true,
    true,
    false,
    true,
    true,
    true,
    true,
    false,
    true,
    true,
    true,
    true,
    true
  ],
  "episode_lengths": [
    8,
    6,
    5,
    8,
    8,
    8,
    8,
    6,
    4,
    8,
    5,
    4,
    4,
    8,
    8,
    4,
    7,
    8,
    6,
    8
  ],
  "episode_runtime_sec": [
    0.1844037999981083,
    0.20664619997842237,
    0.1662637999979779,
    0.29673669999465346,
    0.16121300001395866,
    0.2543615999747999,
    0.1643548000138253,
    0.19696339999791235,
    0.08732960000634193,
    0.23311109998030588,
    0.10410469997441396,
    0.2508220999734476,
    0.08316720003494993,
    0.22979950002627447,
    0.16400200000498444,
    0.1334400000050664,
    0.14667909999843687,
    0.2529173999791965,
    0.16996040003141388,
    0.2805225999909453
  ],
  "parameter_history": [
    [
      0.020123014941373855,
      0.009874559293521615,
      -0.007413789965630899,
      -0.1090591833048358,
      -0.02546708479991371,
      -0.11916465319611094
    ],
    [
      0.020123014941373855,
      0.009874559293521615,
      -0.007413789965630899,
      -0.1090591833048358,
      -0.02546708479991371,
      -0.11916465319611094
    ],
    [
      0.021797749782081426,
      -0.008363272256934482,
      -0.011474345265337017,
      -0.11248233526109806,
      -0.007151250858192369,
      -0.1207625766794826
    ],
    [
      0.021797749782081426,
      -0.008363272256934482,
      -0.011474345265337017,
      -0.11248233526109806,
      -0.007151250858192369,
      -0.1207625766794826
    ],
    [
      0.02670163472252296,
      -0.0026733335136531347,
      -0.00187430350893188,
      -0.12484506146347696,
      -0.007810194129117543,
      -0.12360616828576652
    ],
    [
      0.02670163472252296,
      -0.0026733335136531347,
      -0.00187430350893188,
      -0.12484506146347696,
      -0.007810194129117543,
      -0.12360616828576652
    ],
    [
      0.027847829806013306,
      -0.00200361169284445,
      -0.004510041632735312,
      -0.12760584724753862,
      -0.002473095520474552,
      -0.12003427831749967
    ],
    [
      0.027847829806013306,
      -0.00200361169284445,
      -0.004510041632735312,
      -0.12760584724753862,
      -0.002473095520474552,
      -0.12003427831749967
    ],
    [
      0.03072996941708193,
      -0.0032212024307888623,
      -0.006161029126729279,
      -0.1304891957062952,
      0.0017859660784049483,
      -0.11793371789426524
    ],
    [
      0.03072996941708193,
      -0.0032212024307888623,
      -0.006161029126729279,
      -0.1304891957062952,
      0.0017859660784049483,
      -0.11793371789426524
    ],
    [
      0.031695459318973405,
      -0.004263177236779448,
      -0.006771991995932601,
      -0.13152947559099595,
      0.0033976120275979395,
      -0.11691953097665353
    ],
    [
      0.031695459318973405,
      -0.004263177236779448,
      -0.006771991995932601,
      -0.13152947559099595,
      0.0033976120275979395,
      -0.11691953097665353
    ],
    [
      0.031294131976339234,
      -0.004467060428278777,
      -0.00725550494921214,
      -0.13202652575579857,
      0.005116873973561682,
      -0.11535625180362924
    ],
    [
      0.031294131976339234,
      -0.004467060428278777,
      -0.00725550494921214,
      -0.13202652575579857,
      0.005116873973561682,
      -0.11535625180362924
    ],
    [
      0.031140978031950144,
      -0.005132142261675691,
      -0.007127917633604296,
      -0.13243161656333272,
      0.0055239422548957005,
      -0.11473550567128157
    ],
    [
      0.031140978031950144,
      -0.005132142261675691,
      -0.007127917633604296,
      -0.13243161656333272,
      0.0055239422548957005,
      -0.11473550567128157
    ],
    [
      0.030612083899788697,
      -0.005677009554112351,
      -0.006943240610226633,
      -0.13231856601815398,
      0.005362634577885428,
      -0.113848745044949
    ],
    [
      0.030612083899788697,
      -0.005677009554112351,
      -0.006943240610226633,
      -0.13231856601815398,
      0.005362634577885428,
      -0.113848745044949
    ],
    [
      0.029831193794031374,
      -0.005847098758126343,
      -0.00691156530016518,
      -0.13190436380505433,
      0.005128109922048341,
      -0.11261734277275534
    ],
    [
      0.029831193794031374,
      -0.005847098758126343,
      -0.00691156530016518,
      -0.13190436380505433,
      0.005128109922048341,
      -0.11261734277275534
    ]
  ],
  "loss_history": [
    -0.41966216441632886,
    2.024401704930528,
    0.933033355957072,
    -0.7812827697922051,
    -0.44678069929614544,
    5.341291964738366,
    1.7536989606514037,
    1.4068997263035135,
    0.30340656878537436,
    -0.5879558942710028,
    0.6295169177499693,
    0.25216182206847976,
    0.22572494878734525,
    2.022037280141645,
    -1.898209517944414,
    0.20130238959590552,
    0.6811946719635908,
    1.3305109015300676,
    0.6172584303588763,
    1.2644031684091828
  ],
  "grad_norm_history": [
    0.6259441649328521,
    0.6259441649328521,
    0.45297078435883,
    0.45297078435883,
    1.6395693826473372,
    1.6395693826473372,
    0.43455187712225113,
    0.43455187712225113,
    0.2810562011869909,
    0.2810562011869909,
    0.10400949660215858,
    0.10400949660215858,
    0.39962284376391033,
    0.39962284376391033,
    0.17390814360210152,
    0.17390814360210152,
    0.46054709538906397,
    0.46054709538906397,
    0.36805063287140016,
    0.36805063287140016
  ],
  "applied_grad_norm_history": [
    0.6259441649328521,
    0.6259441649328521,
    0.45297078435883,
    0.45297078435883,
    0.7499995425630959,
    0.7499995425630959,
    0.43455187712225113,
    0.43455187712225113,
    0.2810562011869909,
    0.2810562011869909,
    0.10400949660215858,
    0.10400949660215858,
    0.39962284376391033,
    0.39962284376391033,
    0.17390814360210152,
    0.17390814360210152,
    0.46054709538906397,
    0.46054709538906397,
    0.36805063287140016,
    0.36805063287140016
  ],
  "update_norm_history": [
    0.04898978688517673,
    0.04898978688517673,
    0.026488723025969888,
    0.026488723025969888,
    0.017605155800183004,
    0.017605155800183004,
    0.007587777249841806,
    0.007587777249841806,
    0.006586400669369122,
    0.006586400669369122,
    0.002664454518740493,
    0.002664454518740493,
    0.002466410153581863,
    0.002466410153581863,
    0.0010941651647452674,
    0.0010941651647452674,
    0.0011982737471909716,
    0.0011982737471909716,
    0.001543580209563194,
    0.001543580209563194
  ],
  "learning_rate_history": [
    0.02,
    0.02,
    0.02,
    0.02,
    0.01,
    0.01,
    0.01,
    0.01,
    0.005,
    0.005,
    0.005,
    0.005,
    0.0025,
    0.0025,
    0.0025,
    0.0025,
    0.0025,
    0.0025,
    0.002,
    0.002
  ],
  "validation_reward_history": [
    1.2349999999999999,
    1.2349999999999999,
    0.575,
    0.575,
    0.69,
    0.69,
    0.6950000000000001,
    0.6950000000000001,
    1.18,
    1.18,
    -0.16000000000000003,
    -0.16000000000000003,
    0.58,
    0.58,
    1.27,
    1.27,
    1.23,
    1.23,
    1.095,
    1.095
  ],
  "validation_success_history": [
    1.0,
    1.0,
    0.5,
    0.5,
    0.5,
    0.5,
    0.5,
    0.5,
    1.0,
    1.0,
    0.0,
    0.0,
    0.5,
    0.5,
    1.0,
    1.0,
    1.0,
    1.0,
    1.0,
    1.0
  ],