{
  "seed": 7,
  "mode": "mitigated",
  "episode_rewards": [
    0.08999999999999997,
    1.26,
    -0.010000000000000037,
    1.3,
    -0.010000000000000037,
    1.16,
    0.08999999999999997,
    1.16,
    -0.11000000000000004,
    0.18999999999999997,
    1.27,
    0.08999999999999997,
    0.19,
    1.19,
    0.19,
    0.08999999999999997,
    1.23,
    1.19,
    1.26,
    1.03
  ],
  "episode_success": [
    false,
    true,
    false,
    true,
    false,
    true,
    false,
    true,
    false,
    false,
    true,
    false,
    false,
    true,
    false,
    false,
    true,
    true,
    true,
    true
  ],
  "episode_lengths": [
    8,
    7,
    8,
    5,
    8,
    7,
    8,
    7,
    8,
    8,
    4,
    8,
    8,
    8,
    8,
    8,
    6,
    8,
    7,
    6
  ],
  "episode_runtime_sec": [
    1.037697100022342,
    1.1030774000100791,
    1.0122454999946058,
    1.0322275999933481,
    0.9091178000089712,
    1.3835977000417188,
    0.825947700010147,
    1.1692678999970667,
    0.9117161000031047,
    1.303433099994436,
    0.45887289999518543,
    1.3604844000074081,
    0.9258103999891318,
    1.3034712999942712,
    0.8840027999831364,
    1.4482637000037357,
    0.6656460999511182,
    1.2838592000189237,
    0.7247895000036806,
    0.9422107000136748
  ],
  "parameter_history": [
    [
      -0.01987698413929564,
      0.049874512463399565,
      -0.04741378149926308,
      -0.10905918231178258,
      -0.025467082452449885,
      -0.07916465688219848
    ],
    [
      -0.01987698413929564,
      0.049874512463399565,
      -0.04741378149926308,
      -0.10905918231178258,
      -0.025467082452449885,
      -0.07916465688219848
    ],
    [
      -0.039903076666242585,
      0.06649704248152216,
      -0.06687453718722067,
      -0.10378682925113414,
      -0.020886317039681634,
      -0.061105387707817566
    ],
    [
      -0.039903076666242585,
      0.06649704248152216,
      -0.06687453718722067,
      -0.10378682925113414,
      -0.020886317039681634,
      -0.061105387707817566
    ],
    [
      -0.055321273876160745,
      0.05532328983912357,
      -0.07223824467235011,
      -0.09688049453334316,
      -0.008168327429596996,
      -0.05456582539771498
    ],
    [
      -0.055321273876160745,
      0.05532328983912357,
      -0.07223824467235011,
      -0.09688049453334316,
      -0.008168327429596996,
      -0.05456582539771498
    ],
    [
      -0.059080294734192726,
      0.04801835614545346,
      -0.0680352140287004,
      -0.0941965153140473,
      -0.00039424834490218476,
      -0.055597572798115176
    ],
    [
      -0.059080294734192726,
      0.04801835614545346,
      -0.0680352140287004,
      -0.0941965153140473,
      -0.00039424834490218476,
      -0.055597572798115176
    ],
    [
      -0.0639340604487076,
      0.04194309753253202,
      -0.062327684844564475,
      -0.0885459743928891,
      0.0058223973780997,
      -0.058973129973118085
    ],
    [
      -0.0639340604487076,
      0.04194309753253202,
      -0.062327684844564475,
      -0.0885459743928891,
      0.0058223973780997,
      -0.058973129973118085
    ],
    [
      -0.06464154857777658,
      0.03958437880208333,
      -0.06010671878518474,
      -0.08565629234618646,
      0.007628942855469071,
      -0.06057954789627075
    ],
    [
      -0.06464154857777658,
      0.03958437880208333,
      -0.06010671878518474,
      -0.08565629234618646,
      0.007628942855469071,
      -0.06057954789627075
    ],
    [
      -0.06546519484300642,
      0.037115262922626416,
      -0.05917347284261997,
      -0.08376951092103373,
      0.0075007573153212945,
      -0.06234470098001921
    ],
    [
      -0.06546519484300642,
      0.037115262922626416,
      -0.05917347284261997,
      -0.08376951092103373,
      0.0075007573153212945,
      -0.06234470098001921
    ],
    [
      -0.06528003806364469,
      0.03625532948630539,
      -0.058565492709941935,
      -0.08333818674292925,
      0.0074437921274606265,
      -0.06341403836390085
    ],
    [
      -0.06528003806364469,
      0.03625532948630539,
      -0.058565492709941935,
      -0.08333818674292925,
      0.0074437921274606265,
      -0.06341403836390085
    ],
    [
      -0.06544612833483536,
      0.03543412786994781,
      -0.058530840693325946,
      -0.08372365187017372,
      0.007270352941925045,
      -0.06442297348961268
    ],
    [
      -0.06544612833483536,
      0.03543412786994781,
      -0.058530840693325946,
      -0.08372365187017372,
      0.007270352941925045,
      -0.06442297348961268
    ],
    [
      -0.0649704814841536,
      0.035024950940082254,
      -0.05887756788543882,
      -0.08415688761667765,
      0.006841403710658537,
      -0.06547866867917848
    ],
    [
      -0.0649704814841536,
      0.035024950940082254,
      -0.05887756788543882,
      -0.08415688761667765,
      0.006841403710658537,
      -0.06547866867917848
    ]
  ],
  "loss_history": [
    -0.4097624434842972,
    3.101274427118343,
    -1.4595580320514987,
    0.9659905489830497,
    -1.3198606794004473,
    4.127290147852557,
    -0.9579952508748657,
    3.1338492925952908,
    -1.4007108029142032,
    -1.3254627980167897,
    0.8684984741472694,
    -0.958432801350959,
    -1.0302002140634745,
    3.2182783468460374,
    -0.6408364083465752,
    -1.2002963585279829,
    1.313954733302939,
    2.8519476147411913,
    0.9943267850546129,
    1.3356701590305333
  ],
  "grad_norm_history": [
    0.43300119935942494,
    0.43300119935942494,
    0.4743639736882497,
    0.4743639736882497,
    0.32716904480502185,
    0.32716904480502185,
    0.4558864800721223,
    0.4558864800721223,
    0.4129680166960299,
    0.4129680166960299,
    0.33522282577937373,
    0.33522282577937373,
    0.2082669166697519,
    0.2082669166697519,
    0.36772659708994404,
    0.36772659708994404,
    0.39053937147090106,
    0.39053937147090106,
    0.6412937631808513,
    0.6412937631808513
  ],
  "applied_grad_norm_history": [
    0.43300119935942494,
    0.43300119935942494,
    0.4743639736882497,
    0.4743639736882497,
    0.32716904480502185,
    0.32716904480502185,
    0.4558864800721223,
    0.4558864800721223,
    0.4129680166960299,
    0.4129680166960299,
    0.33522282577937373,
    0.33522282577937373,
    0.2082669166697519,
    0.2082669166697519,
    0.36772659708994404,
    0.36772659708994404,
    0.39053937147090106,
    0.39053937147090106,
    0.6412937631808513,
    0.6412937631808513
  ],
  "update_norm_history": [
    0.0489897733282801,
    0.0489897733282801,
    0.03782845780260263,
    0.03782845780260263,
    0.025368356380884662,
    0.025368356380884662,
    0.012404124855644945,
    0.012404124855644945,
    0.013229262307542103,
    0.013229262307542103,
    0.005019086687408888,
    0.005019086687408888,
    0.0037865572059323223,
    0.0037865572059323223,
    0.0015735871152847021,
    0.0015735871152847021,
    0.0013783226902449343,
    0.0013783226902449343,
    0.0014142377524919484,
    0.0014142377524919484
  ],
  "learning_rate_history": [
    0.02,
    0.02,
    0.02,
    0.02,
    0.01,
    0.01,
    0.01,
    0.01,
    0.005,
    0.005,
    0.005,
    0.005,
    0.0025,
    0.0025,
    0.0025,
    0.0025,
    0.002,
    0.002,
    0.002,
    0.002
  ],
  "validation_reward_history": [
    1.2349999999999999,
    1.2349999999999999,
    0.745,
    0.745,
    0.08999999999999997,
    0.08999999999999997,
    0.645,
    0.645,
    0.5599999999999999,
    0.5599999999999999,
    -0.11000000000000003,
    -0.11000000000000003,
    0.58,
    0.58,
    0.6599999999999999,
    0.6599999999999999,
    1.23,
    1.23,
    1.2850000000000001,
    1.2850000000000001
  ],
  "validation_success_history": [
    1.0,
    1.0,
    0.5,
    0.5,
    0.0,
    0.0,
    0.5,
    0.5,
    0.5,
    0.5,
    0.0,
    0.0,
    0.5,
    0.5,
    0.5,
    0.5,
    1.0,
    1.0,
    1.0,
    1.0
  ],