{
  "seed": 7,
  "mode": "noisy",
  "episode_rewards": [
    0.08999999999999997,
    1.26,
    0.08999999999999997,
    1.3,
    -0.010000000000000037,
    1.16,
    1.19,
    1.16,
    -0.21000000000000005,
    1.26,
    1.3,
    1.3,
    0.96,
    0.08999999999999997,
    1.3,
    1.23,
    0.08999999999999997,
    1.23,
    0.18999999999999997,
    1.19
  ],
  "episode_success": [
    false,
    true,
    false,
    true,
    false,
    true,
    true,
    true,
    false,
    true,
    true,
    true,
    true,
    false,
    true,
    true,
    false,
    true,
    false,
    true
  ],
  "episode_lengths": [
    8,
    7,
    8,
    5,
    8,
    7,
    8,
    7,
    8,
    7,
    5,
    5,
    7,
    8,
    5,
    6,
    8,
    6,
    8,
    8
  ],
  "episode_runtime_sec": [
    0.4536540000117384,
    0.34881729999324307,
    0.26792850001947954,
    0.3251911000115797,
    0.25436940003419295,
    0.39621019997866824,
    0.2602104999823496,
    0.37309609999647364,
    0.2571036999579519,
    0.5576853000093251,
    0.16818500001681969,
    0.3387601000140421,
    0.22146620001876727,
    0.3883343999623321,
    0.1936915999976918,
    0.8663937999517657,
    0.2933494999888353,
    0.3651696000015363,
    0.3523257999913767,
    0.41375010000774637
  ],
  "parameter_history": [
    [
      -0.019876983886758574,
      0.04987450941611654,
      -0.04741378257835584,
      -0.10905918142377269,
      -0.025467108160172926,
      -0.07916465773705907
    ],
    [
      -0.019876983886758574,
      0.04987450941611654,
      -0.04741378257835584,
      -0.10905918142377269,
      -0.025467108160172926,
      -0.07916465773705907
    ],
    [
      -0.03683862336396025,
      0.06661273886575808,
      -0.06378103060429682,
      -0.10656432490245057,
      -0.006947848222030876,
      -0.0741557752929177
    ],
    [
      -0.03683862336396025,
      0.06661273886575808,
      -0.06378103060429682,
      -0.10656432490245057,
      -0.006947848222030876,
      -0.0741557752929177
    ],
    [
      -0.04382502915829154,
      0.08460110160690358,
      -0.08126686070994955,
      -0.09969778410822287,
      0.008922963029777284,
      -0.0700258057298045
    ],
    [
      -0.04382502915829154,
      0.08460110160690358,
      -0.08126686070994955,
      -0.09969778410822287,
      0.008922963029777284,
      -0.0700258057298045
    ],
    [
      -0.04312115308743476,
      0.0935946143666348,
      -0.08455092026332485,
      -0.09325332343147366,
      0.01629996655807767,
      -0.07099466501034082
    ],
    [
      -0.04312115308743476,
      0.0935946143666348,
      -0.08455092026332485,
      -0.09325332343147366,
      0.01629996655807767,
      -0.07099466501034082
    ],
    [
      -0.04675352540596736,
      0.09683221133613155,
      -0.0860947709423985,
      -0.08599685676944453,
      0.024521031879212653,
      -0.06823722438101137
    ],
    [
      -0.04675352540596736,
      0.09683221133613155,
      -0.0860947709423985,
      -0.08599685676944453,
      0.024521031879212653,
      -0.06823722438101137
    ],
    [
      -0.04902476815038667,
      0.09883887556407112,
      -0.08741004648692055,
      -0.08244533495207892,
      0.028149856095897353,
      -0.06743610311414902
    ],
    [
      -0.04902476815038667,
      0.09883887556407112,
      -0.08741004648692055,
      -0.08244533495207892,
      0.028149856095897353,
      -0.06743610311414902
    ],
    [
      -0.050062140732718786,
      0.09947045647396274,
      -0.08938284330031766,
      -0.08002749264135406,
      0.03192600806462121,
      -0.06591833952414794
    ],
    [
      -0.050062140732718786,
      0.09947045647396274,
      -0.08938284330031766,
      -0.08002749264135406,
      0.03192600806462121,
      -0.06591833952414794
    ],
    [
      -0.05033515088688742,
      0.09989126855853947,
      -0.090645379419455,
      -0.07897160722361417,
      0.03378898551402358,
      -0.06555338860438459
    ],
    [
      -0.05033515088688742,
      0.09989126855853947,
      -0.090645379419455,
      -0.07897160722361417,
      0.03378898551402358,
      -0.06555338860438459
    ],
    [
      -0.049877114395191574,
      0.0998230498983127,
      -0.09194761197282257,
      -0.0774733604797098,
      0.035102439762524265,
      -0.06580203315353719
    ],
    [
      -0.049877114395191574,
      0.0998230498983127,
      -0.09194761197282257,
      -0.0774733604797098,
      0.035102439762524265,
      -0.06580203315353719
    ],
    [
      -0.04897076501663331,
      0.0997317597660392,
      -0.09245080727421852,
      -0.07622518729161946,
      0.0362033900618285,
      -0.0666958689023736
    ],
    [
      -0.04897076501663331,
      0.0997317597660392,
      -0.09245080727421852,
      -0.07622518729161946,
      0.0362033900618285,
      -0.0666958689023736
    ]
  ],
  "loss_history": [
    0.042584697201762146,
    3.110495876680956,
    -0.8330709176516609,
    1.1486763723679028,
    -1.3401463264550888,
    3.9739510235631155,
    2.2665697410882744,
    2.818114892931134,
    -2.7144196260214977,
    2.048159115418403,
    0.813739062866171,
    0.7298940050784125,
    1.5531899292209748,
    -1.6054465321755398,
    0.6745421073439509,
    0.7346305470069464,
    -2.8031389423713247,
    1.084431612032574,
    -2.4027677496140494,
    1.366098105827684
  ],
  "grad_norm_history": [
    0.29232233939516705,
    0.29232233939516705,
    0.13368333546921052,
    0.13368333546921052,
    0.16133933045662346,
    0.16133933045662346,
    0.32039659690220257,
    0.32039659690220257,
    0.4251717299340147,
    0.4251717299340147,
    0.1745905845420396,
    0.1745905845420396,
    0.21995320646037084,
    0.21995320646037084,
    0.10357485220671286,
    0.10357485220671286,
    0.46199191329855965,
    0.46199191329855965,
    0.704912406205817,
    0.704912406205817
  ],
  "applied_grad_norm_history": [
    0.29232233939516705,
    0.29232233939516705,
    0.13368333546921052,
    0.13368333546921052,
    0.16133933045662346,
    0.16133933045662346,
    0.32039659690220257,
    0.32039659690220257,
    0.4251717299340147,
    0.4251717299340147,
    0.1745905845420396,
    0.1745905845420396,
    0.21995320646037084,
    0.21995320646037084,
    0.10357485220671286,
    0.10357485220671286,
    0.46199191329855965,
    0.46199191329855965,
    0.704912406205817,
    0.704912406205817
  ],
  "update_norm_history": [
    0.04898976121501874,
    0.04898976121501874,
    0.03478546460612201,
    0.03478546460612201,
    0.03153147626381302,
    0.03153147626381302,
    0.013749680112966015,
    0.013749680112966015,
    0.012405859098522674,
    0.012405859098522674,
    0.006110536996437205,
    0.006110536996437205,
    0.0052702803561883805,
    0.0052702803561883805,
    0.002562105183856622,
    0.002562105183856622,
    0.002437619805614943,
    0.002437619805614943,
    0.0021568446421831246,
    0.0021568446421831246
  ],
  "learning_rate_history": [
    0.02,
    0.02,
    0.02,
    0.02,
    0.01,
    0.01,
    0.01,
    0.01,
    0.005,
    0.005,
    0.005,
    0.005,
    0.0025,
    0.0025,
    0.0025,
    0.0025,
    0.002,
    0.002,
    0.002,
    0.002
  ],
  "validation_reward_history": [
    1.2349999999999999,
    1.2349999999999999,
    0.745,
    0.745,
    0.08999999999999997,
    0.08999999999999997,
    0.645,
    0.645,
    0.6099999999999999,
    0.6099999999999999,
    -0.11000000000000003,
    -0.11000000000000003,
    0.58,
    0.58,
    1.1949999999999998,
    1.1949999999999998,
    1.23,
    1.23,
    0.43000000000000005,
    0.43000000000000005
  ],
  "validation_success_history": [
    1.0,
    1.0,
    0.5,
    0.5,
    0.0,
    0.0,
    0.5,
    0.5,
    0.5,
    0.5,
    0.0,
    0.0,
    0.5,
    0.5,
    1.0,
    1.0,
    1.0,
    1.0,
    0.5,
    0.5
  ],