{
  "config_path": "config\\experiment_config.yaml",
  "dataset": {
    "source": "openml_mnist_784",
    "digits": [
      4,
      9
    ],
    "train_samples_total": 10336,
    "test_samples_total": 3446,
    "train_samples_used_per_model": 20,
    "pca_components": 8,
    "reps": 1
  },
  "classical": {
    "train_info": {
      "params": {
        "C": 1.0,
        "gamma": "scale",
        "kernel": "rbf"
      },
      "train_time": 0.004144906997680664
    },
    "metrics": {
      "accuracy": 0.6140452698781196,
      "precision": 0.8144171779141104,
      "recall": 0.30517241379310345,
      "f1_score": 0.4439799331103679
    },
    "kta": 0.1523442410427075
  },
  "quantum_exact": {
    "train_info": {
      "train_time": 5.070760250091553,
      "params": {
        "C": 1.0
      }
    },
    "metrics": {
      "accuracy": 0.604178757980267,
      "precision": 0.7391857506361323,
      "recall": 0.3339080459770115,
      "f1_score": 0.4600158353127474
    },
    "kta": 0.23420538592590445,
    "kernel_properties": {
      "shape": [
        20,
        20
      ],
      "is_symmetric": true,
      "is_positive_semidefinite": true,
      "min_eigenvalue": 0.48711649134486,
      "max_eigenvalue": 2.561326034515349,
      "condition_number": 5.25813861781581,
      "diagonal_mean": 1.0,
      "off_diagonal_mean": 0.06983449835526319,
      "off_diagonal_std": 0.07150241395595884
    }
  },
  "pegasos": {
    "train_info": {
      "train_time": 0.35397934913635254,
      "n_support_vectors": null,
      "params": {
        "lambda_param": 0.001,
        "max_iter": 1500,
        "batch_size": 32
      }
    },
    "metrics": {
      "accuracy": 0.9,
      "precision": 1.0,
      "recall": 0.8,
      "f1_score": 0.8888888888888888
    },
    "kta": 0.23420538592590445,
    "prediction_distribution": {
      "4": 12,
      "9": 8
    }
  },
  "noise": null
}