{
  "seed": 21,
  "mode": "ideal",
  "episode_rewards": [
    1.23,
    1.26,
    1.26,
    1.26,
    1.27,
    1.27,
    1.27,
    1.3,
    1.3,
    1.26,
    1.03,
    1.3,
    0.19,
    1.19,
    1.03,
    1.26,
    1.2,
    1.3,
    1.3,
    1.27
  ],
  "episode_success": [
    true,
    true,
    true,
    true,
    true,
    true,
    true,
    true,
    true,
    true,
    true,
    true,
    false,
    true,
    true,
    true,
    true,
    true,
    true,
    true
  ],
  "episode_lengths": [
    6,
    7,
    7,
    7,
    4,
    4,
    4,
    5,
    5,
    7,
    6,
    5,
    8,
    8,
    6,
    7,
    5,
    5,
    5,
    4
  ],
  "episode_runtime_sec": [
    0.13749120000284165,
    0.22151730000041425,
    0.15812670002924278,
    0.2176348000066355,
    0.09720509999897331,
    0.15112840000074357,
    0.11196660000132397,
    0.46571570000378415,
    0.1271668000263162,
    0.23162480001337826,
    0.15691169997444376,
    0.17066100001102313,
    0.17512440000427887,
    0.24841850000666454,
    0.13509110000450164,
    0.23650960001396015,
    0.10993830004008487,
    0.18351530004292727,
    0.1139469999470748,
    0.1606185000273399
  ],
  "parameter_history": [
    [
      0.015877341082265167,
      0.1710677122620506,
      -0.19863312194423943,
      0.14866135249030732,
      0.015268277553637747,
      -0.05999786131453132
    ],
    [
      0.015877341082265167,
      0.1710677122620506,
      -0.19863312194423943,
      0.14866135249030732,
      0.015268277553637747,
      -0.05999786131453132
    ],
    [
      -0.004109862744853848,
      0.15983500302202663,
      -0.21165556301289667,
      0.12879276486825375,
      0.03522083783871438,
      -0.04122907284004908
    ],
    [
      -0.004109862744853848,
      0.15983500302202663,
      -0.21165556301289667,
      0.12879276486825375,
      0.03522083783871438,
      -0.04122907284004908
    ],
    [
      -0.01808859287314214,
      0.14913461137757805,
      -0.21754180679651328,
      0.1099043262275042,
      0.049117693988855675,
      -0.033202395075716006
    ],
    [
      -0.01808859287314214,
      0.14913461137757805,
      -0.21754180679651328,
      0.1099043262275042,
      0.049117693988855675,
      -0.033202395075716006
    ],
    [
      -0.023884130906670437,
      0.15044612917707129,
      -0.2177863572552646,
      0.1002350839347799,
      0.05331053403451439,
      -0.029477256246611863
    ],
    [
      -0.023884130906670437,
      0.15044612917707129,
      -0.2177863572552646,
      0.1002350839347799,
      0.05331053403451439,
      -0.029477256246611863
    ],
    [
      -0.029781366319718023,
      0.15330919788624564,
      -0.2200698674834521,
      0.09084567884619466,
      0.057650006473524425,
      -0.025055107209202523
    ],
    [
      -0.029781366319718023,
      0.15330919788624564,
      -0.2200698674834521,
      0.09084567884619466,
      0.057650006473524425,
      -0.025055107209202523
    ],
    [
      -0.03194903583237241,
      0.15558714372411717,
      -0.22123109958341425,
      0.0861343369619877,
      0.059062355502443944,
      -0.023315505934363972
    ],
    [
      -0.03194903583237241,
      0.15558714372411717,
      -0.22123109958341425,
      0.0861343369619877,
      0.059062355502443944,
      -0.023315505934363972
    ],
    [
      -0.032613521817982064,
      0.15880560025857687,
      -0.22093267288496005,
      0.08130562337292362,
      0.05991358787733256,
      -0.0215810460544993
    ],
    [
      -0.032613521817982064,
      0.15880560025857687,
      -0.22093267288496005,
      0.08130562337292362,
      0.05991358787733256,
      -0.0215810460544993
    ],
    [
      -0.031890802746479346,
      0.16242860907346315,
      -0.22094189211571783,
      0.07878130281187035,
      0.060968571257552645,
      -0.019389034585269034
    ],
    [
      -0.031890802746479346,
      0.16242860907346315,
      -0.22094189211571783,
      0.07878130281187035,
      0.060968571257552645,
      -0.019389034585269034
    ],
    [
      -0.031718865892253846,
      0.16327904084227263,
      -0.22096803294916192,
      0.0775484117935729,
      0.06108896750527536,
      -0.01799637332664918
    ],
    [
      -0.031718865892253846,
      0.16327904084227263,
      -0.22096803294916192,
      0.0775484117935729,
      0.06108896750527536,
      -0.01799637332664918
    ],
    [
      -0.0315915654379753,
      0.1641703243059193,
      -0.22086948690299935,
      0.07630953041896892,
      0.06107978123791348,
      -0.016729383332834264
    ],
    [
      -0.0315915654379753,
      0.1641703243059193,
      -0.22086948690299935,
      0.07630953041896892,
      0.06107978123791348,
      -0.016729383332834264
    ]
  ],
  "loss_history": [
    1.9557758622968713,
    1.8910647902025548,
    1.6686941717802692,
    2.646867329757016,
    0.3523530595784214,
    0.315923784081159,
    0.27777227316665504,
    0.4595058541914582,
    0.4168157411624629,
    1.0223051119805209,
    0.7292662983690908,
    0.311111584007254,
    -1.5466255681077745,
    1.8111501010417346,
    0.6368663246764251,
    1.5676056610183657,
    0.6532733732170428,
    0.22086881411808398,
    0.1971445361269091,
    0.08174186177341555
  ],
  "grad_norm_history": [
    0.825427871851497,
    0.825427871851497,
    1.1393806941096678,
    1.1393806941096678,
    0.3761443392385672,
    0.3761443392385672,
    0.3038006245971804,
    0.3038006245971804,
    0.2652564829879494,
    0.2652564829879494,
    0.25156172519149333,
    0.25156172519149333,
    0.6134335236154185,
    0.6134335236154185,
    1.4654284629948078,
    1.4654284629948078,
    0.20967796088365723,
    0.20967796088365723,
    0.1055876077068482,
    0.1055876077068482
  ],
  "applied_grad_norm_history": [
    0.7499990913814313,
    0.7499990913814313,
    0.7499993417482449,
    0.7499993417482449,
    0.3761443392385672,
    0.3761443392385672,
    0.3038006245971804,
    0.3038006245971804,
    0.2652564829879494,
    0.2652564829879494,
    0.25156172519149333,
    0.25156172519149333,
    0.6134335236154185,
    0.6134335236154185,
    0.7499994882046397,
    0.7499994882046397,
    0.20967796088365723,
    0.20967796088365723,
    0.1055876077068482,
    0.1055876077068482
  ],
  "update_norm_history": [
    0.048989784097284904,
    0.048989784097284904,
    0.042899637549856595,
    0.042899637549856595,
    0.03096569754260001,
    0.03096569754260001,
    0.012661712302185806,
    0.012661712302185806,
    0.01321878655505607,
    0.01321878655505607,
    0.0062011267581902054,
    0.0062011267581902054,
    0.006159422468037012,
    0.006159422468037012,
    0.005093004931472886,
    0.005093004931472886,
    0.0020560886943756544,
    0.0020560886943756544,
    0.001990094981079955,
    0.001990094981079955
  ],
  "learning_rate_history": [
    0.02,
    0.02,
    0.02,
    0.02,
    0.01,
    0.01,
    0.01,
    0.01,
    0.005,
    0.005,
    0.005,
    0.005,
    0.005,
    0.005,
    0.0025,
    0.0025,
    0.0025,
    0.0025,
    0.002,
    0.002
  ],
  "validation_reward_history": [
    1.2650000000000001,
    1.2650000000000001,
    1.2650000000000001,
    1.2650000000000001,
    1.25,
    1.25,
    1.13,
    1.13,
    1.21,
    1.21,
    1.27,
    1.27,
    1.23,
    1.23,
    0.6950000000000001,
    0.6950000000000001,
    1.2650000000000001,
    1.2650000000000001,
    1.245,
    1.245
  ],
  "validation_success_history": [
    1.0,
    1.0,
    1.0,
    1.0,
    1.0,
    1.0,
    1.0,
    1.0,
    1.0,
    1.0,
    1.0,
    1.0,
    1.0,
    1.0,
    0.5,
    0.5,
    1.0,
    1.0,
    1.0,
    1.0
  ],
  "optimizer_clipped_history": [
    true,
    true,
    true,
    true,
    false,
    false,
    false,
    false,
    false,
    false,
    false,
    false,
    false,
    false,
    true,
    true,
    false,
    false,
    false,
    false
  ],
  "total_runtime_sec": 3.6117781999637373,