{
  "seed": 21,
  "mode": "mitigated",
  "episode_rewards": [
    1.23,
    1.26,
    1.26,
    1.26,
    1.19,
    0.08999999999999997,
    1.27,
    1.23,
    1.27,
    1.13,
    1.3,
    1.26,
    -0.11000000000000004,
    1.3,
    1.26,
    1.23,
    0.08999999999999997,
    1.27,
    1.19,
    1.23
  ],
  "episode_success": [
    true,
    true,
    true,
    true,
    true,
    false,
    true,
    true,
    true,
    true,
    true,
    true,
    false,
    true,
    true,
    true,
    false,
    true,
    true,
    true
  ],
  "episode_lengths": [
    6,
    7,
    7,
    7,
    8,
    8,
    4,
    6,
    4,
    6,
    5,
    7,
    8,
    5,
    7,
    6,
    8,
    4,
    8,
    6
  ],
  "episode_runtime_sec": [
    0.9206666999962181,
    1.432591799995862,
    0.8900368000031449,
    1.0923534000176005,
    0.8292353000142612,
    1.1328244000324048,
    0.5984475000295788,
    1.0794316999963485,
    0.43473569996422157,
    1.0960054000024684,
    0.5274626999744214,
    1.068252500030212,
    0.8147659999667667,
    0.9188897999702021,
    0.7100031999871135,
    1.1759636000497267,
    0.804373899998609,
    0.8037055000313558,
    0.8228375000180677,
    1.1362147000036202
  ],
  "parameter_history": [
    [
      0.015877341089111714,
      0.1310677335667083,
      -0.1586331254976858,
      0.14866135168923753,
      -0.024731714692796086,
      -0.05999786141663106
    ],
    [
      0.015877341089111714,
      0.1310677335667083,
      -0.1586331254976858,
      0.14866135168923753,
      -0.024731714692796086,
      -0.05999786141663106
    ],
    [
      4.5333832256248124e-05,
      0.1373499779691981,
      -0.138835588531205,
      0.13586541101719724,
      -0.04475446569894491,
      -0.07067160382696107
    ],
    [
      4.5333832256248124e-05,
      0.1373499779691981,
      -0.138835588531205,
      0.13586541101719724,
      -0.04475446569894491,
      -0.07067160382696107
    ],
    [
      -0.011597727531575244,
      0.14619391246157226,
      -0.14336765668209017,
      0.11979278341588942,
      -0.059882844663582575,
      -0.07495333838337227
    ],
    [
      -0.011597727531575244,
      0.14619391246157226,
      -0.14336765668209017,
      0.11979278341588942,
      -0.059882844663582575,
      -0.07495333838337227
    ],
    [
      -0.022619361441871752,
      0.15970283034760224,
      -0.1454897070437115,
      0.1068343317370508,
      -0.07175169606417563,
      -0.06716369841169482
    ],
    [
      -0.022619361441871752,
      0.15970283034760224,
      -0.1454897070437115,
      0.1068343317370508,
      -0.07175169606417563,
      -0.06716369841169482
    ],
    [
      -0.02596014860442,
      0.16759146028850808,
      -0.1483665108566691,
      0.10352636720253405,
      -0.07883685564981514,
      -0.06100550344652871
    ],
    [
      -0.02596014860442,
      0.16759146028850808,
      -0.1483665108566691,
      0.10352636720253405,
      -0.07883685564981514,
      -0.06100550344652871
    ],
    [
      -0.029686352864005332,
      0.1751178058397555,
      -0.15070087538540136,
      0.0989605288842743,
      -0.08682397838351391,
      -0.055686754876544634
    ],
    [
      -0.029686352864005332,
      0.1751178058397555,
      -0.15070087538540136,
      0.0989605288842743,
      -0.08682397838351391,
      -0.055686754876544634
    ],
    [
      -0.03554401062258913,
      0.18273441219660422,
      -0.15104699243493283,
      0.09647002622307149,
      -0.09541860234291964,
      -0.05055590937126597
    ],
    [
      -0.03554401062258913,
      0.18273441219660422,
      -0.15104699243493283,
      0.09647002622307149,
      -0.09541860234291964,
      -0.05055590937126597
    ],
    [
      -0.04138225481880887,
      0.19102633435810212,
      -0.15009011822352256,
      0.09707987048208169,
      -0.10429552491513262,
      -0.04441915734717499
    ],
    [
      -0.04138225481880887,
      0.19102633435810212,
      -0.15009011822352256,
      0.09707987048208169,
      -0.10429552491513262,
      -0.04441915734717499
    ],
    [
      -0.04317267692175232,
      0.19499833203393171,
      -0.1501481853827785,
      0.09766707126669755,
      -0.10850241174373654,
      -0.04145804296098167
    ],
    [
      -0.04317267692175232,
      0.19499833203393171,
      -0.1501481853827785,
      0.09766707126669755,
      -0.10850241174373654,
      -0.04145804296098167
    ],
    [
      -0.04408646783046431,
      0.19883112398300326,
      -0.14911345433352494,
      0.09893276762412306,
      -0.11274483065622563,
      -0.03830723596677936
    ],
    [
      -0.04408646783046431,
      0.19883112398300326,
      -0.14911345433352494,
      0.09893276762412306,
      -0.11274483065622563,
      -0.03830723596677936
    ]
  ],
  "loss_history": [
    2.2464410059641295,
    2.538662552749874,
    2.81741138946302,
    2.0578914312891614,
    2.8745755410907234,
    -2.3994505682176226,
    0.6395220722183539,
    2.209627220319131,
    0.46612938860265285,
    2.7801455483448527,
    0.5556191127771942,
    1.28500397948515,
    -3.346204126184602,
    0.5457056550403334,
    1.2596871731654893,
    1.5424016733905328,
    -3.108707187966568,
    0.3166517742257143,
    1.9550886175527917,
    1.2111678222804587
  ],
  "grad_norm_history": [
    0.7500113196955723,
    0.7500113196955723,
    0.31311385794117247,
    0.31311385794117247,
    0.3980308537943588,
    0.3980308537943588,
    0.5524349012435834,
    0.5524349012435834,
    0.6322424993482805,
    0.6322424993482805,
    0.2241180066731101,
    0.2241180066731101,
    0.9733688844967764,
    0.9733688844967764,
    0.5499914365266997,
    0.5499914365266997,
    0.34290374427498255,
    0.34290374427498255,
    0.4377985501853203,
    0.4377985501853203
  ],
  "applied_grad_norm_history": [
    0.7499990000164259,
    0.7499990000164259,
    0.31311385794117247,
    0.31311385794117247,
    0.3980308537943588,
    0.3980308537943588,
    0.5524349012435834,
    0.5524349012435834,
    0.6322424993482805,
    0.6322424993482805,
    0.2241180066731101,
    0.2241180066731101,
    0.7499992294809898,
    0.7499992294809898,
    0.5499914365266997,
    0.5499914365266997,
    0.34290374427498255,
    0.34290374427498255,
    0.4377985501853203,
    0.4377985501853203
  ],
  "update_norm_history": [
    0.0489897886779502,
    0.0489897886779502,
    0.03688681269819335,
    0.03688681269819335,
    0.027200113159161637,
    0.027200113159161637,
    0.0260372803612794,
    0.0260372803612794,
    0.013443690800254517,
    0.013443690800254517,
    0.013744447197188456,
    0.013744447197188456,
    0.014101077403232319,
    0.014101077403232319,
    0.014852207460912752,
    0.014852207460912752,
    0.006767322114155924,
    0.006767322114155924,
    0.006791440679779313,
    0.006791440679779313
  ],
  "learning_rate_history": [
    0.02,
    0.02,
    0.02,
    0.02,
    0.02,
    0.02,
    0.01,
    0.01,
    0.01,
    0.01,
    0.01,
    0.01,
    0.01,
    0.01,
    0.005,
    0.005,
    0.005,
    0.005,
    0.0025,
    0.0025
  ],
  "validation_reward_history": [
    0.6950000000000001,
    0.6950000000000001,
    1.2650000000000001,
    1.2650000000000001,
    1.25,
    1.25,
    1.245,
    1.245,
    1.21,
    1.21,
    1.27,
    1.27,
    1.23,
    1.23,
    0.6950000000000001,
    0.6950000000000001,
    1.2650000000000001,
    1.2650000000000001,
    1.245,
    1.245
  ],
  "validation_success_history": [
    0.5,
    0.5,
    1.0,
    1.0,
    1.0,
    1.0,
    1.0,
    1.0,
    1.0,
    1.0,
    1.0,
    1.0,
    1.0,
    1.0,
    0.5,
    0.5,
    1.0,
    1.0,
    1.0,
    1.0
  ],
  "optimizer_clipped_history": [
    true,
    true,
    false,
    false,
    false,
    false,
    false,
    false,
    false,
    false,
    false,
    false,
    true,
    true,
    false,
    false,
    false,
    false,
    false,
    false
  ],
  "total_runtime_sec": 18.290228600031696,