{
  "seed": 21,
  "mode": "noisy",
  "episode_rewards": [
    1.23,
    1.26,
    1.26,
    1.26,
    1.19,
    0.08999999999999997,
    1.27,
    1.23,
    1.27,
    1.13,
    1.3,
    1.26,
    -0.4100000000000001,
    1.03,
    1.23,
    1.03,
    0.08999999999999997,
    1.27,
    1.19,
    1.23
  ],
  "episode_success": [
    true,
    true,
    true,
    true,
    true,
    false,
    true,
    true,
    true,
    true,
    true,
    true,
    false,
    true,
    true,
    true,
    false,
    true,
    true,
    true
  ],
  "episode_lengths": [
    6,
    7,
    7,
    7,
    8,
    8,
    4,
    6,
    4,
    6,
    5,
    7,
    8,
    6,
    6,
    6,
    8,
    4,
    8,
    6
  ],
  "episode_runtime_sec": [
    0.380535600008443,
    0.3245301000424661,
    0.22625239996705204,
    0.3569720999803394,
    0.2778779999935068,
    0.3752494000364095,
    0.138453500054311,
    0.3801806000410579,
    0.2602415000437759,
    0.37367490003816783,
    0.2100882999948226,
    0.4454952999949455,
    0.27997059997869655,
    0.33598269999492913,
    0.21305170003324747,
    0.36931139999069273,
    0.2788742000120692,
    0.30836520000593737,
    0.30709670000942424,
    0.3627716999617405
  ],
  "parameter_history": [
    [
      0.01587734111999071,
      0.13106773767332533,
      -0.158633132689736,
      0.1486613514832537,
      -0.024731719677104556,
      -0.0999978541312262
    ],
    [
      0.01587734111999071,
      0.13106773767332533,
      -0.158633132689736,
      0.1486613514832537,
      -0.024731719677104556,
      -0.0999978541312262
    ],
    [
      -0.00021225601530613925,
      0.1412793141044638,
      -0.13912492571478316,
      0.13248459680271316,
      -0.03121107180585483,
      -0.11849061597988354
    ],
    [
      -0.00021225601530613925,
      0.1412793141044638,
      -0.13912492571478316,
      0.13248459680271316,
      -0.03121107180585483,
      -0.11849061597988354
    ],
    [
      -0.012412354365742331,
      0.14577679740256577,
      -0.14739131172541875,
      0.11551317634325083,
      -0.0380883649279913,
      -0.12975790124877545
    ],
    [
      -0.012412354365742331,
      0.14577679740256577,
      -0.14739131172541875,
      0.11551317634325083,
      -0.0380883649279913,
      -0.12975790124877545
    ],
    [
      -0.023992573142987,
      0.15718838553363054,
      -0.15398165343298065,
      0.09910025529474924,
      -0.04862400362861799,
      -0.1284279654730394
    ],
    [
      -0.023992573142987,
      0.15718838553363054,
      -0.15398165343298065,
      0.09910025529474924,
      -0.04862400362861799,
      -0.1284279654730394
    ],
    [
      -0.027550538164202727,
      0.16405282045300096,
      -0.15632336017753568,
      0.09158050143808917,
      -0.05474233153432817,
      -0.12429362180779914
    ],
    [
      -0.027550538164202727,
      0.16405282045300096,
      -0.15632336017753568,
      0.09158050143808917,
      -0.05474233153432817,
      -0.12429362180779914
    ],
    [
      -0.03178154654257413,
      0.17135986260425703,
      -0.158259335311649,
      0.0835034206265408,
      -0.061534184597146054,
      -0.12064938741032076
    ],
    [
      -0.03178154654257413,
      0.17135986260425703,
      -0.158259335311649,
      0.0835034206265408,
      -0.061534184597146054,
      -0.12064938741032076
    ],
    [
      -0.03776907226356061,
      0.17940950397567276,
      -0.15527914439556303,
      0.07482609881621709,
      -0.06738182971201519,
      -0.11619947560475866
    ],
    [
      -0.03776907226356061,
      0.17940950397567276,
      -0.15527914439556303,
      0.07482609881621709,
      -0.06738182971201519,
      -0.11619947560475866
    ],
    [
      -0.042548837490520554,
      0.18661130849307514,
      -0.15153582596116583,
      0.0662218889389635,
      -0.07386003375801428,
      -0.11141366185299938
    ],
    [
      -0.042548837490520554,
      0.18661130849307514,
      -0.15153582596116583,
      0.0662218889389635,
      -0.07386003375801428,
      -0.11141366185299938
    ],
    [
      -0.04385487259516575,
      0.19003488077465452,
      -0.15032335970902208,
      0.06260624378650817,
      -0.0766614320222651,
      -0.10871912864667092
    ],
    [
      -0.04385487259516575,
      0.19003488077465452,
      -0.15032335970902208,
      0.06260624378650817,
      -0.0766614320222651,
      -0.10871912864667092
    ],
    [
      -0.04460710165282033,
      0.19342267984219,
      -0.14848284929578798,
      0.05973396487767632,
      -0.07880411930715674,
      -0.10574213150865844
    ],
    [
      -0.04460710165282033,
      0.19342267984219,
      -0.14848284929578798,
      0.05973396487767632,
      -0.07880411930715674,
      -0.10574213150865844
    ]
  ],
  "loss_history": [
    2.397639275096118,
    2.7617726933109488,
    2.886588641368629,
    2.3633701105118456,
    2.672710530067675,
    -2.4014575530862876,
    0.6397550496119,
    2.1371868733306663,
    0.5156646836393498,
    2.285524399971414,
    0.676558533114806,
    1.363996662179334,
    -4.989484148913631,
    1.1173420876204803,
    0.8551736921442071,
    0.8855926234925051,
    -3.186566601871742,
    0.3650247143659273,
    1.8635837044969852,
    1.2298378207610903
  ],
  "grad_norm_history": [
    0.7191605950141667,
    0.7191605950141667,
    0.22681879483069015,
    0.22681879483069015,
    0.2424516040165627,
    0.2424516040165627,
    0.2440176439317207,
    0.2440176439317207,
    0.26409611362240054,
    0.26409611362240054,
    0.2603621131014702,
    0.2603621131014702,
    0.6834634057130706,
    0.6834634057130706,
    0.18897343959703794,
    0.18897343959703794,
    0.2837560398786061,
    0.2837560398786061,
    0.22092597517783946,
    0.22092597517783946
  ],
  "applied_grad_norm_history": [
    0.7191605950141667,
    0.7191605950141667,
    0.22681879483069015,
    0.22681879483069015,
    0.2424516040165627,
    0.2424516040165627,
    0.2440176439317207,
    0.2440176439317207,
    0.26409611362240054,
    0.26409611362240054,
    0.2603621131014702,
    0.2603621131014702,
    0.6834634057130706,
    0.6834634057130706,
    0.18897343959703794,
    0.18897343959703794,
    0.2837560398786061,
    0.2837560398786061,
    0.22092597517783946,
    0.22092597517783946
  ],
  "update_norm_history": [
    0.04898978562979439,
    0.04898978562979439,
    0.03727429684590471,
    0.03727429684590471,
    0.026451481695437873,
    0.026451481695437873,
    0.026266153196964532,
    0.026266153196964532,
    0.013279179353439696,
    0.013279179353439696,
    0.014131215214019756,
    0.014131215214019756,
    0.015453844525905426,
    0.015453844525905426,
    0.015087350508720416,
    0.015087350508720416,
    0.00656337417627394,
    0.00656337417627394,
    0.00609377687063519,
    0.00609377687063519
  ],
  "learning_rate_history": [
    0.02,
    0.02,
    0.02,
    0.02,
    0.02,
    0.02,
    0.01,
    0.01,
    0.01,
    0.01,
    0.01,
    0.01,
    0.01,
    0.01,
    0.005,
    0.005,
    0.005,
    0.005,
    0.0025,
    0.0025
  ],
  "validation_reward_history": [
    1.25,
    1.25,
    1.2650000000000001,
    1.2650000000000001,
    1.25,
    1.25,
    0.58,
    0.58,
    1.21,
    1.21,
    1.27,
    1.27,
    1.23,
    1.23,
    0.6950000000000001,
    0.6950000000000001,
    1.245,
    1.245,
    1.245,
    1.245
  ],
  "validation_success_history": [
    1.0,
    1.0,
    1.0,
    1.0,
    1.0,
    1.0,
    0.5,
    0.5,
    1.0,
    1.0,
    1.0,
    1.0,
    1.0,
    1.0,
    0.5,
    0.5,
    1.0,
    1.0,
    1.0,
    1.0
  ],
  "optimizer_clipped_history": [
    false,
    false,
    false,
    false,
    false,
    false,
    false,
    false,
    false,
    false,
    false,
    false,
    false,
    false,
    false,
    false,
    false,
    false,
    false,
    false
  ],
  "total_runtime_sec": 6.206225800036918,