{
  "seed": 21,
  "name": "tabular_reinforce",
  "episode_rewards": [
    0.029999999999999975,
    1.23,
    0.22999999999999998,
    0.12999999999999998,
    1.3,
    -0.12000000000000002,
    0.12999999999999998,
    0.029999999999999975,
    -0.17000000000000004,
    -0.07000000000000003,
    -0.37000000000000005,
    -0.62,
    -0.07000000000000003,
    -0.9200000000000002,
    -0.6200000000000001,
    1.03,
    0.23,
    1.2,
    1.3,
    1.27
  ],
  "episode_success": [
    false,
    true,
    false,
    false,
    true,
    false,
    false,
    false,
    false,
    false,
    false,
    false,
    false,
    false,
    false,
    true,
    false,
    true,
    true,
    true
  ],
  "episode_lengths": [
    6,
    6,
    6,
    6,
    5,
    6,
    6,
    6,
    6,
    6,
    6,
    6,
    6,
    6,
    6,
    6,
    6,
    5,
    5,
    4
  ],
  "episode_runtime_sec": [
    0.002297299972269684,
    0.0022010999964550138,
    0.0013280999846756458,
    0.0015612999559380114,
    0.0018063000170513988,
    0.0016030000406317413,
    0.0013274999801069498,
    0.0018792999908328056,
    0.0019208999583497643,
    0.0016169999726116657,
    0.0017458000220358372,
    0.0017661000019870698,
    0.0016399999731220305,
    0.0014143000007607043,
    0.0014731999835930765,
    0.003694900020491332,
    0.002656900032889098,
    0.0030456999666057527,
    0.0029060000088065863,
    0.0018594999564811587
  ],
  "loss_history": [
    -0.25975161291066423,
    4.432902919657058,
    -0.10659467926892785,
    -0.21576739446020674,
    3.010856844568368,
    -1.1585153485418542,
    -0.39085969314935415,
    -0.8545586065677679,
    -0.7588698873570452,
    -0.31933555229212296,
    -0.5485162144563966,
    -2.671669892592847,
    -0.1368406856546748,
    -3.003773010903659,
    -1.2279984356975897,
    2.6850231770798043,
    -0.21121253473652785,
    2.400908429656757,
    1.629636222261349,
    1.0754284233198865
  ],
  "grad_norm_history": [
    0.13122088322775544,
    1.5586964108175074,
    0.1275575409975677,
    0.18820260498485955,
    1.4569915759192265,
    0.8118758721791538,
    0.21458407976128616,
    0.38366737428679737,
    0.2743007437500249,
    0.18349886952245734,
    0.7425226725630072,
    1.3081588910773156,
    0.14146438646068432,
    1.8174390814698358,
    0.715403874244368,
    1.5335380903662283,
    0.23301702313704942,
    0.8314744240229892,
    0.885586358741326,
    0.6574913768365607
  ],
  "total_runtime_sec": 0.04188149998662993,
  "final_parameters": [
    [
      0.01793867040019571,
      0.07553386540717287
    ],
    [
      0.579503321619039,
      -0.5844892080513104
    ],
    [
      0.4796074243373984,
      -0.521972214163963
    ],
    [
      -0.0401478359195181,
      -0.054140825829129546
    ],
    [
      -0.36912948781593535,
      0.3996414288731708
    ],
    [
      -0.48414187062553904,
      0.5452593584204967
    ],
    [
      -0.5855160465312896,
      0.42222752105826866
    ],
    [
      0.07769015871448261,
      0.048444268272833005
    ]
  ],
  "evaluation": {
    "avg_reward": 0.5137499999999999,
    "std_reward": 0.6638982885201618,
    "success_rate": 0.4375,
    "avg_length": 5.5625
  },
  "summary_metrics": {
    "convergence_episode": null,
    "convergence_runtime_sec": 0.039744199835695326,
    "final_avg_reward": 1.0,
    "final_success_rate": 0.75,
    "reward_auc": 0.23684210526315788,
    "success_auc": 0.2894736842105263,
    "grad_norm_final": 0.6518922956844813,
    "total_runtime_sec": 0.04188149998662993
  }
}