{
  "seed": 47,
  "name": "mlp_reinforce",
  "episode_rewards": [
    -0.010000000000000037,
    -0.21000000000000005,
    0.08999999999999997,
    1.3,
    -1.36,
    -0.5100000000000001,
    1.13,
    0.08999999999999997,
    -0.16000000000000003,
    0.99,
    -0.21000000000000005,
    0.08999999999999997,
    -0.010000000000000037,
    -2.16,
    -0.21000000000000005,
    -0.7100000000000001,
    -0.11000000000000004,
    1.23,
    1.27,
    -0.4100000000000001,
    1.13,
    1.3,
    1.27,
    1.23,
    1.2,
    1.27,
    1.27,
    1.27,
    1.23,
    1.2,
    1.27,
    1.16,
    1.3,
    1.27,
    1.27,
    1.26,
    0.18999999999999997,
    1.27,
    1.19,
    1.27
  ],
  "episode_success": [
    false,
    false,
    false,
    true,
    false,
    false,
    true,
    false,
    false,
    true,
    false,
    false,
    false,
    false,
    false,
    false,
    false,
    true,
    true,
    false,
    true,
    true,
    true,
    true,
    true,
    true,
    true,
    true,
    true,
    true,
    true,
    true,
    true,
    true,
    true,
    true,
    false,
    true,
    true,
    true
  ],
  "episode_lengths": [
    8,
    8,
    8,
    5,
    8,
    8,
    6,
    8,
    8,
    8,
    8,
    8,
    8,
    8,
    8,
    8,
    8,
    6,
    4,
    8,
    6,
    5,
    4,
    6,
    5,
    4,
    4,
    4,
    6,
    5,
    4,
    7,
    5,
    4,
    4,
    7,
    8,
    4,
    8,
    4
  ],
  "episode_runtime_sec": [
    0.00169189996086061,
    0.0015598000027239323,
    0.0015190000412985682,
    0.000992199988104403,
    0.0016608000150881708,
    0.001538099953904748,
    0.0011687999940477312,
    0.0015010000206530094,
    0.0015066000050865114,
    0.00223430001642555,
    0.0017932999762706459,
    0.0015405999729409814,
    0.0015860999701544642,
    0.0015154000138863921,
    0.0015072000096552074,
    0.0014868000289425254,
    0.001845699967816472,
    0.0013642000267282128,
    0.0008518999675288796,
    0.002184899989515543,
    0.002306500042323023,
    0.0019278000108897686,
    0.0015913999523036182,
    0.0022806000197306275,
    0.0017577999969944358,
    0.0010958000202663243,
    0.0008385999826714396,
    0.0008223999757319689,
    0.001157800026703626,
    0.0009914999827742577,
    0.0008586000185459852,
    0.00149200001033023,
    0.0010210999753326178,
    0.0008312000427395105,
    0.0009135999716818333,
    0.0013538000057451427,
    0.0016314000240527093,
    0.0009374999790452421,
    0.001512399991042912,
    0.0008453000336885452
  ],
  "loss_history": [
    -0.47716908281846043,
    -0.5004232702330805,
    -0.3013085429760297,
    3.781533778559308,
    -3.8300442806428308,
    -0.45800378123097213,
    4.226556192488685,
    -0.4296920359978172,
    -1.0864120106600932,
    5.676897843863112,
    -1.8448026257313843,
    -0.8417534319372689,
    -0.9903155587861492,
    -9.193272697471826,
    -0.1818616387276983,
    -1.2445500214707996,
    -0.4483912218946364,
    3.853168895544915,
    2.090973354120665,
    -1.4350928078892309,
    2.920202401789291,
    3.340506942520274,
    0.9703643306167833,
    3.4124470789024004,
    1.1643139902026425,
    0.3756236488537185,
    0.2606905717209343,
    0.17442135778174472,
    0.26085559737563657,
    0.7718604604184466,
    0.05562486336558975,
    0.550659841688724,
    0.10254766407434233,
    0.023843299481534793,
    0.018279200913050984,
    0.11690466438975314,
    -0.24012655483846088,
    0.014119698241051488,
    0.07323220228568801,
    0.008927175408108742
  ],
  "grad_norm_history": [
    0.35214608793144886,
    0.3208300329642949,
    0.17927940594076944,
    1.4249576456237685,
    2.74340239713928,
    0.6636415410692426,
    1.6123322875744448,
    0.3695746019375786,
    0.6577258632709,
    2.0859253776690894,
    3.0963331388031454,
    0.4150010426429911,
    0.4647679807733441,
    12.095942568549141,
    0.2729722750896805,
    1.7810452111314554,
    0.8140889108827634,
    4.393275914000365,
    3.61529771457774,
    1.6717236206106767,
    1.6132892583205445,
    5.036811327947888,
    2.169707527079478,
    3.5810023121057055,
    0.6365518934757111,
    0.9601140826794606,
    0.681242823350067,
    0.4565771550616912,
    0.4781428676468051,
    1.0051388996402622,
    0.1317958084204501,
    0.5612534287817932,
    0.3012221520772898,
    0.059090414792530375,
    0.046768582860047335,
    0.383298816687518,
    0.8633235284067338,
    0.038369280426252796,
    0.18824765756569117,
    0.025551432631554568
  ],
  "total_runtime_sec": 0.058900600008200854,