{
  "seed": 47,
  "name": "tabular_reinforce",
  "episode_rewards": [
    0.08999999999999997,
    -1.86,
    1.27,
    -1.1600000000000001,
    -0.010000000000000037,
    -0.31000000000000005,
    1.13,
    -0.21000000000000005,
    1.09,
    -0.21000000000000005,
    -0.010000000000000037,
    0.96,
    -0.11000000000000004,
    -0.66,
    -0.11000000000000004,
    0.96,
    1.3,
    1.03,
    1.3,
    1.26,
    -0.11000000000000004,
    1.23,
    -0.31000000000000005,
    -0.01000000000000003,
    1.26,
    1.3,
    1.16,
    1.27,
    1.27,
    1.19,
    1.27,
    1.3,
    1.27,
    -0.010000000000000037,
    1.26,
    -0.21000000000000005,
    0.08999999999999997,
    1.23,
    1.2,
    1.27
  ],
  "episode_success": [
    false,
    false,
    true,
    false,
    false,
    false,
    true,
    false,
    true,
    false,
    false,
    true,
    false,
    false,
    false,
    true,
    true,
    true,
    true,
    true,
    false,
    true,
    false,
    false,
    true,
    true,
    true,
    true,
    true,
    true,
    true,
    true,
    true,
    false,
    true,
    false,
    false,
    true,
    true,
    true
  ],
  "episode_lengths": [
    8,
    8,
    4,
    8,
    8,
    8,
    6,
    8,
    8,
    8,
    8,
    7,
    8,
    8,
    8,
    7,
    5,
    6,
    5,
    7,
    8,
    6,
    8,
    8,
    7,
    5,
    7,
    4,
    4,
    8,
    4,
    5,
    4,
    8,
    7,
    8,
    8,
    6,
    5,
    4
  ],
  "episode_runtime_sec": [
    0.002250899968203157,
    0.002038499980699271,
    0.001004899968393147,
    0.0021068999776616693,
    0.00260899995919317,
    0.0017900000093504786,
    0.0013628000160679221,
    0.0018800999969244003,
    0.0017781999777071178,
    0.0017432000022381544,
    0.0018010999774560332,
    0.0016891999985091388,
    0.0016966999974101782,
    0.0016891999985091388,
    0.0017515000072307885,
    0.001673299993854016,
    0.0012257000198587775,
    0.0013762000016868114,
    0.001173799973912537,
    0.001629200007300824,
    0.002145300037227571,
    0.0013891999842599034,
    0.0023381999926641583,
    0.002330099989194423,
    0.0016082999645732343,
    0.0012057999847456813,
    0.0016130000003613532,
    0.0010129999718628824,
    0.001262200006749481,
    0.0023351999698206782,
    0.0012282999814487994,
    0.0013351000379770994,
    0.0014269999810494483,
    0.001990900025703013,
    0.0020890000159852207,
    0.0020991999772377312,
    0.0023685000487603247,
    0.001750499999616295,
    0.0014974999940022826,
    0.0012235000031068921
  ],
  "loss_history": [
    -0.43748588006788497,
    -4.884661862044684,
    3.4164547622904182,
    -3.3596085782152056,
    -0.12771264736607568,
    0.6788634375000457,
    4.0953333528715445,
    -0.4246125891569295,
    4.545136893797137,
    -0.9552986444213529,
    -0.8480251914110751,
    3.9221542955391953,
    -0.5946598987916427,
    -3.931956766791558,
    -0.6853408518095206,
    3.6523830330716,
    1.9682874095009835,
    2.5507925626999204,
    1.4565521125873402,
    2.8559967675322455,
    -3.3660019739631517,
    2.1330005551726225,
    -3.6802787569993662,
    -2.2415572074669727,
    2.2935733680808195,
    0.9230411747759293,
    2.515792816795267,
    0.49404259783201376,
    0.4245525991651051,
    3.0026344153024707,
    0.3206402905111521,
    0.41998300656434845,
    0.23509269689279505,
    -3.8043294966935806,
    1.7386273780573882,
    -2.998307564151322,
    -2.3758647444022225,
    1.1361630487538954,
    0.7694253513820501,
    0.2488964943753228
  ],
  "grad_norm_history": [
    0.2988173850802924,
    5.0139831232774945,
    1.7593788263641594,
    1.6065807576443072,
    0.1305365758957496,
    0.6658158045022557,
    1.366226432636473,
    0.2660633619827834,
    1.6091480627400838,
    0.30102522789362063,
    0.3413614457181029,
    0.8762097491901482,
    0.22958883245709089,
    1.2068114717825824,
    0.26887537029173136,
    0.7850713536365057,
    1.0475144827842693,
    0.8403239657091477,
    0.7959302306369656,
    1.1198796615496218,
    1.2365926587463014,
    0.7548683298280919,
    2.32009513268822,
    1.0259102694966984,
    0.9699972119460288,
    0.5424770894156957,
    0.9598051709686488,
    0.3287718542812155,
    0.2849762818609976,
    0.8204173046958648,
    0.21805345232031323,
    0.25327395997105545,
    0.16185878191195982,
    1.2318650565661546,
    0.6180788309168797,
    0.9277532294243396,
    0.5456047700846557,
    0.4447631325580014,
    0.25869709392937534,
    0.17199327980911064
  ],
  "total_runtime_sec": 0.07070520002162084,
  "final_parameters": [
    [
      -0.0333218470055539,
      0.004872548288319809
    ],
    [
      1.014290271736582,
      -1.206276101116242
    ],
    [
      0.67222675912261,
      -0.7827821520568419
    ],
    [
      -0.0367051288498168,
      -0.02284105673761142
    ],
    [
      -0.7071371046604873,
      0.6538460132219337
    ],
    [
      -0.7109855590403645,
      0.7408602148980795
    ],
    [
      -1.027764412436736,
      1.0854310324414933
    ],
    [
      0.09152300988756419,
      -0.03147683763322689
    ]
  ],
  "evaluation": {
    "avg_reward": 0.89796875,
    "std_reward": 0.5673875981403167,
    "success_rate": 0.75,
    "avg_length": 6.390625
  },
  "summary_metrics": {
    "convergence_episode": 28,
    "convergence_runtime_sec": 0.04791329975705594,
    "final_avg_reward": 0.8066666666666666,
    "final_success_rate": 0.6666666666666666,
    "reward_auc": 0.5635897435897436,
    "success_auc": 0.5769230769230769,
    "grad_norm_final": 0.4944817227870604,
    "total_runtime_sec": 0.07070520002162084
  }
}