{
  "model": "Classical RBF SVM",
  "train_n": 20,
  "best_params": null,
  "best_cv_score": null,
  "train_time": 0.0016431808471679688,
  "metrics": {
    "accuracy": 0.5766105629715612,
    "precision": 0.6650998824911868,
    "recall": 0.3252873563218391,
    "f1_score": 0.43689695098417597
  },
  "kta": 0.1325830870324991,
  "confusion_matrix": [
    [
      1421,
      285
    ],
    [
      1174,
      566
    ]
  ],
  "classification_report": "              precision    recall  f1-score   support\n\n           4       0.55      0.83      0.66      1706\n           9       0.67      0.33      0.44      1740\n\n    accuracy                           0.58      3446\n   macro avg       0.61      0.58      0.55      3446\nweighted avg       0.61      0.58      0.55      3446\n"
}