{
  "seed": 7,
  "name": "mlp_reinforce",
  "episode_rewards": [
    -0.6200000000000001,
    0.02999999999999997,
    0.12999999999999998,
    1.27,
    1.23,
    0.12999999999999998,
    1.23,
    1.27,
    -0.8200000000000001,
    -0.5700000000000001,
    0.12999999999999998,
    -0.07000000000000003,
    0.12999999999999998,
    0.02999999999999997,
    0.12999999999999998,
    0.12999999999999998,
    0.12999999999999998,
    -0.07000000000000003,
    0.12999999999999998,
    -0.26999999999999996
  ],
  "episode_success": [
    false,
    false,
    false,
    true,
    true,
    false,
    true,
    true,
    false,
    false,
    false,
    false,
    false,
    false,
    false,
    false,
    false,
    false,
    false,
    false
  ],
  "episode_lengths": [
    6,
    6,
    6,
    4,
    6,
    6,
    6,
    4,
    6,
    6,
    6,
    6,
    6,
    6,
    6,
    6,
    6,
    6,
    6,
    6
  ],
  "episode_runtime_sec": [
    0.0027012000209651887,
    0.0025127999833784997,
    0.003031599975656718,
    0.0018356999498791993,
    0.002716000017244369,
    0.003065600001718849,
    0.0021839000401087105,
    0.0018693999736569822,
    0.002682099991943687,
    0.0022738000261597335,
    0.0033165999921038747,
    0.0029654999962076545,
    0.002953799965325743,
    0.0024726000265218318,
    0.0021880000131204724,
    0.0017630999791435897,
    0.0014644000330008566,
    0.0014473000192083418,
    0.0013591000461019576,
    0.0014779000193811953
  ],
  "loss_history": [
    -1.0186483735262744,
    -0.1884517520547241,
    0.03715629363561718,
    2.8998089507633455,
    4.418761035083788,
    -0.5666025650978103,
    3.578938780097567,
    2.1453862423740695,
    -4.156727955298478,
    -1.6323899705218097,
    -0.7225295845112243,
    -0.5919285192154338,
    -0.6924869796374279,
    -0.9949452822974718,
    0.03809007155502483,
    -0.49709999427954304,
    -0.23001668535163036,
    -0.4974158438589054,
    -0.18024303872998954,
    -0.2675377098937562
  ],
  "grad_norm_history": [
    0.8761166743689247,
    0.1444748540996497,
    0.14321575562313252,
    1.1647953705316465,
    2.8018709827589103,
    0.5077902564114404,
    2.485321609420483,
    1.8605309806319144,
    3.3640865385672774,
    2.24590687846012,
    0.31460311245846057,
    0.3933869237938542,
    0.519457283092808,
    0.7778369475026579,
    0.28996715473012075,
    0.25978422651740424,
    0.23466552347332265,
    0.4831237066783556,
    0.1882285164036383,
    0.22091038115869593
  ],
  "total_runtime_sec": 0.048252100008539855,
  "final_parameters": [
    0.00012301533574825743,
    0.02987455375084699,
    -0.027413785536221758,
    -0.08905918387572742,
    -0.04546707851717226,
    -0.09916465549964625,
    0.006014360259743849,
    0.13402152455545335,
    -0.04922065185513297,
    -0.062047489981994046,
    0.04898420501851983,
    0.03568870081600608,
    0.010541424899789856,
    -0.09304680447082048,
    -0.0029251822463273493,
    0.06953031944582878,
    -0.1163213687030299,
    0.19988359199410194,
    0.03417399436666331,
    -0.37594835046144776,
    -0.4392365016955506,
    -0.11577999815888544,
    -0.36878692971184146,
    0.2705186266203887,
    -0.24031240106289764,
    0.22558679037450594,
    -0.4107136731767043,
    -0.299030728971095,
    0.18712953894692852,
    -0.23497963371789493,
    0.00527610983937772,
    -0.23685868723968648,
    0.08797995586460458,
    0.09549410167246368,
    0.3240469261871939,
    -0.3217582422995165,
    -0.2401358372819557,
    0.0995814544518388,
    -0.2792066673512405,
    0.21385214387163595,
    -0.20416397279554915,
    0.21792027214728912,
    -0.1825826260855784,
    -0.2195363007314695,
    0.2567217092773034,
    -0.3873821985503498,
    0.14013540683674836,
    -0.10263177859649604,
    -0.06414703941072214,
    0.20004165463424228,
    0.07622597120847119,
    -0.11992889021052233,
    0.007451622877146343,
    0.05766895836701853,
    -0.018878212535074934,
    0.0682910267195206,
    -0.006651732014941557,
    0.0667247560834328,
    0.1438522591656152,
    -0.06756622510056529,
    0.020313861038960906,
    -0.046330757653841516,
    0.012726841122583083,
    -0.118719452785014,
    0.0025001476306007937,
    -0.24080824450397795,
    -0.11271103670434271,
    0.336559828978653,
    0.09445360347318102,
    0.0313057423391856,
    0.27936999398867973,
    -0.4164070204461339,
    0.18165163672549894,
    -0.2272352775014976,
    0.3084846564310374,
    0.288414564940491,
    -0.2573989201151339,
    0.1843307555290424,
    -0.24698828135310802,
    0.37679700223205315,
    -0.012099812462684949,
    -0.25134892309519774,
    -0.16052194346350668,
    0.21263949143217684,
    0.21185946608361741,
    -0.042758033955282486,
    0.22886820551754064,
    -0.26213825699151955,
    0.3481291456478161,
    -0.15304178490548337,
    0.19210050818060723,
    0.2866574426391833,
    -0.2624235150136198,
    0.32667577576954043,
    -0.2228329335968242,
    0.2853740348131269,
    -0.22755880620227162,
    -0.05762246524752529,
    -0.21549729069898726,
    -0.08735660058754068,
    0.0928774861035389,
    -0.22761619999250426,
    0.1886552107481107,
    0.13283800781500704,
    0.044065441282098564,
    -0.15040411488053282,
    0.16317034776731518,
    0.14479196480583145,
    -0.14821426114383454,
    0.0819144374516532,
    -0.06565185373067588,
    0.1817935283285332,
    -0.10336758320736888,
    -0.007918131861584184,
    0.0035286848661474136,
    -0.10544846220491105,
    0.025983910067436333,
    -0.0857956477176544,
    0.09720667079170428,
    0.01927459126050724,
    0.008930648576905028,
    -0.0591028352856274,
    -0.011860982387769404,
    -0.1997746292907055,
    -0.11314074705230587,
    0.036283979918875435,
    -0.21285670418221447,
    0.08466085214811635,
    -0.007623062046154449,
    0.05853782284611261,
    -0.12878756471709255,
    0.13949320265131707,
    0.06781953102526259,
    -0.08486346939076844,
    0.11039988673306741,
    0.08515838902363283,
    0.005588366822355252,
    -0.04275480496631395,
    0.13264947574720795,
    -0.04085321242512144,
    -0.04471584679539587,
    0.011807909158900032,
    -0.14923100343502993,
    0.06591209786084534,
    -0.03699098096279048,
    -0.15338884417434628,
    0.1570534020665684,
    -0.04675522801573047,
    0.18699641731017747,
    -0.08907179574597063,
    -0.32738257473147253,
    0.22527369596095786,
    -0.2506038900039431,
    0.19537669487214454,
    0.06366137880036096,
    -0.1311802343622363,
    -0.34380017551997916,
    0.12525811434427575,
    0.35065868027253944,
    -0.252376247017668,
    -0.25034671244833423,
    0.17866996694348802,
    0.31234193567031465,
    -0.31701714596278235,
    -0.30634023101881597,
    0.222282790800198,
    -0.46032494788342465,
    0.3577156713765235,
    0.26855380328192924,
    -0.2637540107081532,
    -0.3290430001081074,
    0.29929026916324003,
    0.1162738119928008,
    -0.18449386779120897,
    -0.3814240605007864,
    0.14898770526181548,
    0.09422356418202875,
    -0.01138084910587402
  ],
  "evaluation": {
    "avg_reward": 0.6381249999999999,
    "std_reward": 0.6334648643571323,
    "success_rate": 0.5,
    "avg_length": 5.4375
  },
  "summary_metrics": {
    "convergence_episode": null,
    "convergence_runtime_sec": 0.046280400070827454,
    "final_avg_reward": -0.02000000000000001,
    "final_success_rate": 0.0,
    "reward_auc": 0.21710526315789475,
    "success_auc": 0.21052631578947367,
    "grad_norm_final": 0.2817320319285031,
    "total_runtime_sec": 0.048252100008539855
  }
}