{
  "seed": 63,
  "name": "mlp_reinforce",
  "episode_rewards": [
    0.08999999999999997,
    -0.11000000000000004,
    -0.11000000000000004,
    -0.21000000000000002,
    -0.21000000000000002,
    1.03,
    1.27,
    -0.21000000000000005,
    -0.010000000000000037,
    1.19,
    1.23,
    1.26,
    1.23,
    1.2,
    0.08999999999999997,
    0.18999999999999997,
    1.23,
    1.3,
    0.76,
    1.19,
    1.26,
    0.69,
    1.27,
    1.26,
    1.26,
    1.2,
    1.27,
    1.3,
    1.3,
    1.3,
    1.27,
    1.3,
    1.3,
    1.27,
    1.3,
    1.27,
    1.3,
    1.3,
    1.3,
    1.27
  ],
  "episode_success": [
    false,
    false,
    false,
    false,
    false,
    true,
    true,
    false,
    false,
    true,
    true,
    true,
    true,
    true,
    false,
    false,
    true,
    true,
    true,
    true,
    true,
    true,
    true,
    true,
    true,
    true,
    true,
    true,
    true,
    true,
    true,
    true,
    true,
    true,
    true,
    true,
    true,
    true,
    true,
    true
  ],
  "episode_lengths": [
    8,
    8,
    8,
    8,
    8,
    6,
    4,
    8,
    8,
    8,
    6,
    7,
    6,
    5,
    8,
    8,
    6,
    5,
    7,
    8,
    7,
    8,
    4,
    7,
    7,
    5,
    4,
    5,
    5,
    5,
    4,
    5,
    5,
    4,
    5,
    4,
    5,
    5,
    5,
    4
  ],
  "episode_runtime_sec": [
    0.0016636999789625406,
    0.0015542000182904303,
    0.0016654000501148403,
    0.0015113999834284186,
    0.0014899999951012433,
    0.001150400028564036,
    0.0008513000211678445,
    0.0016274999943561852,
    0.0014801000361330807,
    0.001533099974039942,
    0.0014087000163272023,
    0.0013672999921254814,
    0.001145999995060265,
    0.0009874999523162842,
    0.0014698999584652483,
    0.001465699984692037,
    0.0011528999893926084,
    0.0009729999583214521,
    0.0013402999611571431,
    0.001611499988939613,
    0.0014830000000074506,
    0.0015721999807283282,
    0.0008481999975629151,
    0.0013136000488884747,
    0.0012925000046379864,
    0.0009738000226207078,
    0.0008019999950192869,
    0.0009739999659359455,
    0.0009686000412330031,
    0.0009749000309966505,
    0.0008411000017076731,
    0.000986600003670901,
    0.000976799987256527,
    0.0008133999654091895,
    0.0009765999857336283,
    0.0007990000303834677,
    0.0010397000005468726,
    0.0009745000279508531,
    0.000985999999102205,
    0.0008071999764069915
  ],
  "loss_history": [
    0.04622086723605678,
    0.005892470594703988,
    -0.7805932681891975,
    0.24894442879371115,
    -0.06194575886779402,
    4.4023193315106885,
    2.427493901265773,
    -1.2254115677013182,
    -0.8511332219178896,
    3.98676780191833,
    2.568765394372,
    3.1381586940725787,
    1.6453058597405572,
    1.4144138183105937,
    -3.1934769988792135,
    -1.111746699583338,
    1.49846070655978,
    0.2459616540974837,
    0.26358474033383317,
    1.680759211049148,
    0.12447226867635625,
    0.6198222802465561,
    0.033949065332399865,
    1.5426632285437794,
    0.04574490410233128,
    0.016780399050985117,
    0.01397713092290992,
    0.027053935941172384,
    0.02309044810380289,
    0.019492567736433354,
    0.006597753627498368,
    0.01433635411218455,
    0.01184285883082625,
    0.0034404319866101125,
    0.008530513952354466,
    0.48540670060078084,
    0.006985578879577532,
    0.006382401373473385,
    0.005761252384187846,
    0.001207095456663495
  ],
  "grad_norm_history": [
    0.12726070647223534,
    0.20623537860865937,
    0.5004306143674438,
    0.646435906451458,
    0.4957455168204596,
    2.83562348582486,
    1.1130103006898835,
    0.8302329055667493,
    0.4515017720850381,
    1.2742605863836607,
    1.8493141691986599,
    3.051192191350131,
    0.9784552236754083,
    0.9122880340673921,
    3.702034472143086,
    0.8755819997428465,
    1.3841623128652403,
    0.43570693765062757,
    0.5197864569223385,
    1.8302977285470563,
    0.24831787448013912,
    0.7493161771746452,
    0.0789586186806739,
    1.67089473843147,
    0.1010722791489651,
    0.04187541432333563,
    0.04148473661296413,
    0.08943005497096229,
    0.08034485478410391,
    0.07082613711990676,
    0.02746437420957222,
    0.05511281721034465,
    0.04702350625534731,
    0.01772919300221801,
    0.03542771335889636,
    0.6653579411979988,
    0.03087084642026249,
    0.029502021007997394,
    0.0278119355818734,
    0.010923479306803064
  ],
  "total_runtime_sec": 0.04930920002516359,