{
  "seed": 63,
  "name": "tabular_reinforce",
  "episode_rewards": [
    -0.010000000000000037,
    -0.6600000000000001,
    0.96,
    -0.010000000000000037,
    -0.010000000000000037,
    -0.66,
    1.3,
    -0.010000000000000037,
    -0.4100000000000001,
    1.27,
    -0.9600000000000001,
    -1.36,
    -0.7100000000000001,
    -0.11000000000000004,
    0.18999999999999997,
    -0.31000000000000005,
    0.08999999999999997,
    -0.01000000000000003,
    0.08999999999999997,
    0.08999999999999997,
    0.08999999999999997,
    -0.11000000000000004,
    -0.11000000000000004,
    1.23,
    1.16,
    1.3,
    -0.21000000000000005,
    1.19,
    1.27,
    1.16,
    1.27,
    1.3,
    -0.010000000000000037,
    1.03,
    1.23,
    1.23,
    1.13,
    1.2,
    -0.21000000000000002,
    0.08999999999999997
  ],
  "episode_success": [
    false,
    false,
    true,
    false,
    false,
    false,
    true,
    false,
    false,
    true,
    false,
    false,
    false,
    false,
    false,
    false,
    false,
    false,
    false,
    false,
    false,
    false,
    false,
    true,
    true,
    true,
    false,
    true,
    true,
    true,
    true,
    true,
    false,
    true,
    true,
    true,
    true,
    true,
    false,
    false
  ],
  "episode_lengths": [
    8,
    8,
    7,
    8,
    8,
    8,
    5,
    8,
    8,
    4,
    8,
    8,
    8,
    8,
    8,
    8,
    8,
    8,
    8,
    8,
    8,
    8,
    8,
    6,
    7,
    5,
    8,
    8,
    4,
    7,
    4,
    5,
    8,
    6,
    6,
    6,
    6,
    5,
    8,
    8
  ],
  "episode_runtime_sec": [
    0.001820000004954636,
    0.0016467999666929245,
    0.0014221000019460917,
    0.0015659999917261302,
    0.0015543000190518796,
    0.00208170001860708,
    0.0013672999921254814,
    0.0016225000144913793,
    0.0015634000301361084,
    0.0009031000081449747,
    0.00171259994385764,
    0.0016703999717719853,
    0.0016656999941915274,
    0.0018085999763570726,
    0.0017488999874331057,
    0.0015629999688826501,
    0.001573299989104271,
    0.0015681999502703547,
    0.0016490999842062593,
    0.0015720999799668789,
    0.001617999980226159,
    0.0015078000142239034,
    0.0017539000255055726,
    0.001298600051086396,
    0.0014886999852024019,
    0.0011332999565638602,
    0.0017521000117994845,
    0.0017420999938622117,
    0.0008785999962128699,
    0.0014059999957680702,
    0.0009962000185623765,
    0.0011026000138372183,
    0.0018266999977640808,
    0.0013623000122606754,
    0.001406199997290969,
    0.0014713000273332,
    0.0015366000006906688,
    0.0010987999849021435,
    0.0015795999788679183,
    0.0015617000171914697
  ],
  "loss_history": [
    -0.6397621693185318,
    -2.3323531092201484,
    5.478395820930232,
    -0.7563419361469171,
    -0.932522580969052,
    -2.3029184476432776,
    3.6683755096225066,
    -1.0657584477139372,
    -0.2978527153143485,
    2.2469943793018885,
    -3.5761886072206512,
    -3.233674836894095,
    -1.0902496126810737,
    0.5493998539211487,
    0.6551477759462583,
    -1.4956427312631568,
    -0.041804329490935224,
    -0.11116064109119356,
    0.1696773930930288,
    0.13757671175086075,
    0.5565328458599963,
    -0.5961690652595745,
    -0.07540465406509292,
    2.9745748158949414,
    3.443004412584949,
    1.5570500710777746,
    -1.5568845029731613,
    3.1761720137049867,
    0.927949011718055,
    1.8421760670186325,
    1.1927360014808728,
    0.8375286448219303,
    -3.0643839683100222,
    1.486065138314803,
    2.1088433136912554,
    1.5264059754300916,
    1.0943095456951837,
    0.6865665826451219,
    -1.216966469130616,
    -4.462200002086066
  ],
  "grad_norm_history": [
    0.29868544195042757,
    0.9030164905787053,
    1.3982128743657327,
    0.23227455663190888,
    0.21619403684836272,
    0.8907464519924075,
    1.7442933967689604,
    0.6015542639284621,
    0.7979900953057912,
    1.2497513918842624,
    1.62440739429581,
    3.282786828018953,
    0.9013479877166178,
    0.23029889777471252,
    0.38356018367290684,
    1.3820181218776018,
    0.16421527068944483,
    0.28700621989576236,
    0.20497238839940318,
    0.17410886591347344,
    0.2859408865222786,
    0.6028392135073875,
    0.16636549777949447,
    1.1357633400689178,
    0.8452392054722759,
    0.8641018804823549,
    0.5417929379296911,
    1.3039925100573593,
    0.5863493681458121,
    0.5309768238522429,
    0.7113100905818942,
    0.48480208418716547,
    1.1367227854016164,
    0.5055071052625146,
    0.794542290573534,
    0.5666681959911358,
    0.4678763211915713,
    0.23733001671030693,
    0.7906637021158622,
    1.7383780925566836
  ],
  "total_runtime_sec": 0.06248770002275705,
  "final_parameters": [
    [
      0.035600489372279664,
      0.11614021642103652
    ],
    [
      0.728318185434785,
      -0.8156719245002723
    ],
    [
      0.7816263178167162,
      -0.6665392605170696
    ],
    [
      0.07032880696065305,
      0.010201900105143179
    ],
    [
      -0.4692972805005279,
      0.6504748880731605
    ],
    [
      -1.1339375123186235,
      1.2474258214060594
    ],
    [
      -0.6981005782400491,
      0.5686093977996692
    ],
    [
      -0.012621603550712866,
      -0.0030154487694727416
    ]
  ],
  "evaluation": {
    "avg_reward": 0.9271875,
    "std_reward": 0.5875730506445561,
    "success_rate": 0.8125,
    "avg_length": 6.21875
  },
  "summary_metrics": {
    "convergence_episode": null,
    "convergence_runtime_sec": 0.06060019985307008,
    "final_avg_reward": 0.7783333333333333,
    "final_success_rate": 0.6666666666666666,
    "reward_auc": 0.3576923076923076,
    "success_auc": 0.41025641025641024,
    "grad_norm_final": 0.7659097698565156,
    "total_runtime_sec": 0.06248770002275705
  }
}