{
  "seed": 21,
  "mode": "mitigated",
  "episode_rewards": [
    0.12999999999999998,
    0.23,
    -0.07000000000000003,
    0.02999999999999997,
    1.3,
    1.3,
    0.12999999999999998,
    1.27,
    -0.17000000000000004,
    -0.37000000000000005,
    -0.07000000000000003,
    1.23,
    0.12999999999999998,
    0.12999999999999998,
    1.2,
    1.3,
    1.03,
    1.2,
    0.13,
    1.3
  ],
  "episode_success": [
    false,
    false,
    false,
    false,
    true,
    true,
    false,
    true,
    false,
    false,
    false,
    true,
    false,
    false,
    true,
    true,
    true,
    true,
    false,
    true
  ],
  "episode_lengths": [
    6,
    6,
    6,
    6,
    5,
    5,
    6,
    4,
    6,
    6,
    6,
    6,
    6,
    6,
    5,
    5,
    6,
    5,
    6,
    5
  ],
  "episode_runtime_sec": [
    0.7942530000000261,
    1.1299704000120983,
    0.6464604999637231,
    1.0202180999913253,
    0.6007982000010088,
    0.8666680000023916,
    0.6060161999776028,
    0.8535075999679975,
    0.614850900019519,
    1.0873826000024565,
    0.6220113000017591,
    0.900888699979987,
    0.6199756999849342,
    1.0178264999995008,
    0.5504493999760598,
    0.931401600013487,
    0.6163618999999017,
    0.9310581999598071,
    0.6783138000173494,
    0.9230642999755219
  ],
  "parameter_history": [
    [
      0.015877346255546126,
      0.17106771505827878,
      -0.15863313203119928,
      0.18866112355579956,
      -0.02473168528740134,
      -0.05999787653140304
    ],
    [
      0.015877346255546126,
      0.17106771505827878,
      -0.15863313203119928,
      0.18866112355579956,
      -0.02473168528740134,
      -0.05999787653140304
    ],
    [
      -0.003284088994026005,
      0.19064435556793927,
      -0.1401321351314037,
      0.20367164623862533,
      -0.01797418855477422,
      -0.040704408066859946
    ],
    [
      -0.003284088994026005,
      0.19064435556793927,
      -0.1401321351314037,
      0.20367164623862533,
      -0.01797418855477422,
      -0.040704408066859946
    ],
    [
      -0.018883145891569652,
      0.20563591557517924,
      -0.12349525877044855,
      0.19297640104245334,
      -0.030151921574673238,
      -0.021601100889037543
    ],
    [
      -0.018883145891569652,
      0.20563591557517924,
      -0.12349525877044855,
      0.19297640104245334,
      -0.030151921574673238,
      -0.021601100889037543
    ],
    [
      -0.031559665233173134,
      0.22155034920521605,
      -0.1160136639921938,
      0.18181718374220032,
      -0.037416511888697,
      -0.00983301813831269
    ],
    [
      -0.031559665233173134,
      0.22155034920521605,
      -0.1160136639921938,
      0.18181718374220032,
      -0.037416511888697,
      -0.00983301813831269
    ],
    [
      -0.03749793439984561,
      0.22592151743095717,
      -0.11612572165787499,
      0.17490675952203305,
      -0.04325405000121834,
      -0.0025035973551921446
    ],
    [
      -0.03749793439984561,
      0.22592151743095717,
      -0.11612572165787499,
      0.17490675952203305,
      -0.04325405000121834,
      -0.0025035973551921446
    ],
    [
      -0.044752447689073445,
      0.23223270719670147,
      -0.11684970787374242,
      0.17174506364372455,
      -0.049913464975166556,
      0.0035373716039189982
    ],
    [
      -0.044752447689073445,
      0.23223270719670147,
      -0.11684970787374242,
      0.17174506364372455,
      -0.049913464975166556,
      0.0035373716039189982
    ],
    [
      -0.0507385787457975,
      0.23756573184480426,
      -0.11847079439042033,
      0.16870011636282062,
      -0.05482733194336066,
      0.009532786805969385
    ],
    [
      -0.0507385787457975,
      0.23756573184480426,
      -0.11847079439042033,
      0.16870011636282062,
      -0.05482733194336066,
      0.009532786805969385
    ],
    [
      -0.05790468638550675,
      0.24163461074153786,
      -0.12235804603502833,
      0.16452919278230627,
      -0.061015067621480325,
      0.014420147302146382
    ],
    [
      -0.05790468638550675,
      0.24163461074153786,
      -0.12235804603502833,
      0.16452919278230627,
      -0.061015067621480325,
      0.014420147302146382
    ],
    [
      -0.059310834880918074,
      0.24363621618981307,
      -0.12293039618341468,
      0.16194611214548496,
      -0.06390874221596422,
      0.016885774509575506
    ],
    [
      -0.059310834880918074,
      0.24363621618981307,
      -0.12293039618341468,
      0.16194611214548496,
      -0.06390874221596422,
      0.016885774509575506
    ],
    [
      -0.060732070345557373,
      0.2453860256590492,
      -0.12365119390675641,
      0.1596267550669972,
      -0.0665181792439019,
      0.01917012434955813
    ],
    [
      -0.060732070345557373,
      0.2453860256590492,
      -0.12365119390675641,
      0.1596267550669972,
      -0.0665181792439019,
      0.01917012434955813
    ]
  ],
  "loss_history": [
    0.24137936911699,
    0.005343286997961387,
    0.23499799537026508,
    -0.1153441481457332,
    1.2905131098734326,
    1.1590274134633187,
    -0.24741971994815917,
    0.8289025256618365,
    -0.7716171969884826,
    -1.350843819024633,
    -0.6355377734899189,
    3.245450308442924,
    -0.7465512319658696,
    -0.5887187196988966,
    0.8369520373394613,
    1.487710616144541,
    2.1376496608024405,
    1.4986310178115883,
    -0.9812098570450686,
    0.7253730787221186
  ],
  "grad_norm_history": [
    0.047326874197617164,
    0.047326874197617164,
    0.12553480441733078,
    0.12553480441733078,
    0.715038538082918,
    0.715038538082918,
    0.15526760712608448,
    0.15526760712608448,
    0.39245807176610165,
    0.39245807176610165,
    0.7871554508348299,
    0.7871554508348299,
    0.09423369779767767,
    0.09423369779767767,
    0.473064111643279,
    0.473064111643279,
    0.5059976405987189,
    0.5059976405987189,
    0.057493594224988336,
    0.057493594224988336
  ],
  "applied_grad_norm_history": [
    0.047326874197617164,
    0.047326874197617164,
    0.12553480441733078,
    0.12553480441733078,
    0.715038538082918,
    0.715038538082918,
    0.15526760712608448,
    0.15526760712608448,
    0.39245807176610165,
    0.39245807176610165,
    0.7499990472033872,
    0.7499990472033872,
    0.09423369779767767,
    0.09423369779767767,
    0.473064111643279,
    0.473064111643279,
    0.5059976405987189,
    0.5059976405987189,
    0.057493594224988336,
    0.057493594224988336
  ],
  "update_norm_history": [
    0.04898966795444215,
    0.04898966795444215,
    0.04166425109670978,
    0.04166425109670978,
    0.037047063298372374,
    0.037047063298372374,
    0.028030836156306225,
    0.028030836156306225,
    0.013781652020272202,
    0.013781652020272202,
    0.013558048161541833,
    0.013558048161541833,
    0.011673287214391379,
    0.011673287214391379,
    0.012751100677394406,
    0.012751100677394406,
    0.005237961284237207,
    0.005237961284237207,
    0.004796678625286845,
    0.004796678625286845
  ],
  "learning_rate_history": [
    0.02,
    0.02,
    0.02,
    0.02,
    0.02,
    0.02,
    0.01,
    0.01,
    0.01,
    0.01,
    0.01,
    0.01,
    0.01,
    0.01,
    0.005,
    0.005,
    0.005,
    0.005,
    0.0025,
    0.0025
  ],
  "validation_reward_history": [
    0.75,
    0.75,
    1.2650000000000001,
    1.2650000000000001,
    1.25,
    1.25,
    0.18,
    0.18,
    0.18,
    0.18,
    1.27,
    1.27,
    0.7,
    0.7,
    0.6799999999999999,
    0.6799999999999999,
    0.73,
    0.73,
    0.18,
    0.18
  ],
  "validation_success_history": [
    0.5,
    0.5,
    1.0,
    1.0,
    1.0,
    1.0,
    0.0,
    0.0,
    0.0,
    0.0,
    1.0,
    1.0,
    0.5,
    0.5,
    0.5,
    0.5,
    0.5,
    0.5,
    0.0,
    0.0
  ],