{
  "model": "Classical RBF SVM",
  "train_n": 20,
  "best_params": null,
  "best_cv_score": null,
  "train_time": 0.003391265869140625,
  "metrics": {
    "accuracy": 0.6140452698781196,
    "precision": 0.8144171779141104,
    "recall": 0.30517241379310345,
    "f1_score": 0.4439799331103679
  },
  "kta": 0.1523442410427075,
  "confusion_matrix": [
    [
      1585,
      121
    ],
    [
      1209,
      531
    ]
  ],
  "classification_report": "              precision    recall  f1-score   support\n\n           4       0.57      0.93      0.70      1706\n           9       0.81      0.31      0.44      1740\n\n    accuracy                           0.61      3446\n   macro avg       0.69      0.62      0.57      3446\nweighted avg       0.69      0.61      0.57      3446\n"
}