{
  "config_path": "config\\experiment_config.yaml",
  "dataset": {
    "source": "openml_mnist_784",
    "digits": [
      4,
      9
    ],
    "train_samples_total": 10336,
    "test_samples_total": 3446,
    "train_samples_used_per_model": 20,
    "pca_components": 8,
    "reps": 3
  },
  "classical": {
    "train_info": {
      "params": {
        "C": 1.0,
        "gamma": "scale",
        "kernel": "rbf"
      },
      "train_time": 0.003391265869140625
    },
    "metrics": {
      "accuracy": 0.6140452698781196,
      "precision": 0.8144171779141104,
      "recall": 0.30517241379310345,
      "f1_score": 0.4439799331103679
    },
    "kta": 0.1523442410427075
  },
  "quantum_exact": {
    "train_info": {
      "train_time": 11.16016936302185,
      "params": {
        "C": 1.0
      }
    },
    "metrics": {
      "accuracy": 0.585316308763784,
      "precision": 0.6608066184074457,
      "recall": 0.36724137931034484,
      "f1_score": 0.47210934613963795
    },
    "kta": 0.2275925168881,
    "kernel_properties": {
      "shape": [
        20,
        20
      ],
      "is_symmetric": true,
      "is_positive_semidefinite": true,
      "min_eigenvalue": 0.9214021408610872,
      "max_eigenvalue": 1.1318160136475064,
      "condition_number": 1.2283626914408718,
      "diagonal_mean": 0.9999999999999997,
      "off_diagonal_mean": 0.006306537828947366,
      "off_diagonal_std": 0.009289688148826965
    }
  },
  "pegasos": {
    "train_info": {
      "train_time": 0.3291325569152832,
      "n_support_vectors": null,
      "params": {
        "lambda_param": 0.001,
        "max_iter": 1500,
        "batch_size": 32
      }
    },
    "metrics": {
      "accuracy": 0.65,
      "precision": 0.6666666666666666,
      "recall": 0.6,
      "f1_score": 0.631578947368421
    },
    "kta": 0.2275925168881,
    "prediction_distribution": {
      "4": 11,
      "9": 9
    }
  },
  "noise": null
}