{
  "config_path": "config\\experiment_config.yaml",
  "dataset": {
    "source": "openml_mnist_784",
    "digits": [
      4,
      9
    ],
    "train_samples_total": 10336,
    "test_samples_total": 3446,
    "train_samples_used_per_model": 20,
    "pca_components": 8,
    "reps": 2
  },
  "classical": {
    "train_info": {
      "params": {
        "C": 1.0,
        "gamma": "scale",
        "kernel": "rbf"
      },
      "train_time": 0.0023937225341796875
    },
    "metrics": {
      "accuracy": 0.7785838653511318,
      "precision": 0.7395782246199117,
      "recall": 0.8666666666666667,
      "f1_score": 0.7980947340566288
    },
    "kta": 0.17660486401083342
  },
  "quantum_exact": {
    "train_info": {
      "train_time": 7.981951475143433,
      "params": {
        "C": 1.0
      }
    },
    "metrics": {
      "accuracy": 0.5992455020313406,
      "precision": 0.7560627674750356,
      "recall": 0.3045977011494253,
      "f1_score": 0.4342482589102827
    },
    "kta": 0.22524046839356412,
    "kernel_properties": {
      "shape": [
        20,
        20
      ],
      "is_symmetric": true,
      "is_positive_semidefinite": true,
      "min_eigenvalue": 0.5708444433770818,
      "max_eigenvalue": 1.443175610675207,
      "condition_number": 2.5281416459753303,
      "diagonal_mean": 0.9999999999999997,
      "off_diagonal_mean": 0.012309827302631514,
      "off_diagonal_std": 0.031940532102059105
    }
  },
  "pegasos": {
    "train_info": {
      "train_time": 0.29323387145996094,
      "n_support_vectors": null,
      "params": {
        "lambda_param": 0.001,
        "max_iter": 1500,
        "batch_size": 32
      }
    },
    "metrics": {
      "accuracy": 0.85,
      "precision": 0.8888888888888888,
      "recall": 0.8,
      "f1_score": 0.8421052631578947
    },
    "kta": 0.22524046839356412,
    "prediction_distribution": {
      "4": 11,
      "9": 9
    }
  },
  "noise": null
}