{
  "seed": 7,
  "mode": "mitigated",
  "episode_rewards": [
    0.12999999999999998,
    0.13,
    1.3,
    0.12999999999999998,
    1.2,
    0.12999999999999998,
    0.12999999999999998,
    1.27,
    1.3,
    -0.07000000000000003,
    1.27,
    0.23,
    0.12999999999999998,
    1.23,
    0.12999999999999998,
    1.3,
    1.13,
    0.12999999999999998,
    -0.07000000000000003,
    0.23
  ],
  "episode_success": [
    false,
    false,
    true,
    false,
    true,
    false,
    false,
    true,
    true,
    false,
    true,
    false,
    false,
    true,
    false,
    true,
    true,
    false,
    false,
    false
  ],
  "episode_lengths": [
    6,
    6,
    5,
    6,
    5,
    6,
    6,
    4,
    5,
    6,
    4,
    6,
    6,
    6,
    6,
    5,
    6,
    6,
    6,
    6
  ],
  "episode_runtime_sec": [
    0.8571131000062451,
    0.8938724999898113,
    0.5986508000059985,
    0.9982466999790631,
    0.5442807999788783,
    1.1232439000159502,
    0.7807667000452057,
    0.8663477000081912,
    0.5516634999657981,
    1.0915388999856077,
    0.4291421000380069,
    0.9539286000072025,
    0.6582765000057407,
    1.0149573999806307,
    0.6201419000281021,
    0.7961565000005066,
    0.6196969000156969,
    1.0134751999867149,
    0.7009183999616653,
    1.0036702000070363
  ],
  "parameter_history": [
    [
      0.01512301161296283,
      0.04487454524371358,
      -0.042413765694130516,
      -0.07405918736768029,
      -0.030467104455043303,
      -0.1141646508137788
    ],
    [
      0.01512301161296283,
      0.04487454524371358,
      -0.042413765694130516,
      -0.07405918736768029,
      -0.030467104455043303,
      -0.1141646508137788
    ],
    [
      0.02485932196095989,
      0.04243146756791026,
      -0.05438261809951174,
      -0.059058606877892564,
      -0.018538133412963148,
      -0.12911544096079622
    ],
    [
      0.02485932196095989,
      0.04243146756791026,
      -0.05438261809951174,
      -0.059058606877892564,
      -0.018538133412963148,
      -0.12911544096079622
    ],
    [
      0.035609689613340746,
      0.032712246978112175,
      -0.059719366353256434,
      -0.04486552386112933,
      -0.007561716507542674,
      -0.1422285611775288
    ],
    [
      0.035609689613340746,
      0.032712246978112175,
      -0.059719366353256434,
      -0.04486552386112933,
      -0.007561716507542674,
      -0.1422285611775288
    ],
    [
      0.04180447446944284,
      0.02995056376154713,
      -0.06445091647299661,
      -0.04283281931177979,
      -0.0014452489136432224,
      -0.14854355745134765
    ],
    [
      0.04180447446944284,
      0.02995056376154713,
      -0.06445091647299661,
      -0.04283281931177979,
      -0.0014452489136432224,
      -0.14854355745134765
    ],
    [
      0.04034600933244926,
      0.028977778618208452,
      -0.07007088981899165,
      -0.038664288368216816,
      0.005029753650116308,
      -0.15525189679374568
    ],
    [
      0.04034600933244926,
      0.028977778618208452,
      -0.07007088981899165,
      -0.038664288368216816,
      0.005029753650116308,
      -0.15525189679374568
    ],
    [
      0.040144811912706566,
      0.028892183338818087,
      -0.07311823726359887,
      -0.03728100285003177,
      0.0079252788637447,
      -0.15832177971604916
    ],
    [
      0.040144811912706566,
      0.028892183338818087,
      -0.07311823726359887,
      -0.03728100285003177,
      0.0079252788637447,
      -0.15832177971604916
    ],
    [
      0.039839481487414716,
      0.02874496346221191,
      -0.07577631447444662,
      -0.035364885700466656,
      0.008742477668169569,
      -0.16064325995778436
    ],
    [
      0.039839481487414716,
      0.02874496346221191,
      -0.07577631447444662,
      -0.035364885700466656,
      0.008742477668169569,
      -0.16064325995778436
    ],
    [
      0.039582955498555686,
      0.028696620817038665,
      -0.07717435322105339,
      -0.034308007521864296,
      0.009011079447566938,
      -0.16161819652278997
    ],
    [
      0.039582955498555686,
      0.028696620817038665,
      -0.07717435322105339,
      -0.034308007521864296,
      0.009011079447566938,
      -0.16161819652278997
    ],
    [
      0.03983903431062421,
      0.028791322567519123,
      -0.07851840737317349,
      -0.03378533981296087,
      0.00918190576864187,
      -0.16285363294097463
    ],
    [
      0.03983903431062421,
      0.028791322567519123,
      -0.07851840737317349,
      -0.03378533981296087,
      0.00918190576864187,
      -0.16285363294097463
    ],
    [
      0.039426406263059516,
      0.02910298730104714,
      -0.07946121771098438,
      -0.03308437839159213,
      0.00971206369257218,
      -0.16409480194371961
    ],
    [
      0.039426406263059516,
      0.02910298730104714,
      -0.07946121771098438,
      -0.03308437839159213,
      0.00971206369257218,
      -0.16409480194371961
    ]
  ],
  "loss_history": [
    -0.2371844270344094,
    -0.30286000642509975,
    0.9818497652112466,
    -0.6930308778343592,
    2.7061848010502625,
    -0.5049823020823211,
    -0.631458274881675,
    0.8682269591236534,
    0.8541068039399949,
    -1.809919449798192,
    0.7445613938578673,
    -0.3947049231391332,
    -1.1223112636221757,
    1.819141663625518,
    -0.7046671239900585,
    0.7712655114628076,
    1.6783246182330769,
    -1.7861714439153826,
    -1.3953146453891,
    -0.36788971470964404
  ],
  "grad_norm_history": [
    0.06996347732260828,
    0.06996347732260828,
    0.13169570014472945,
    0.13169570014472945,
    0.4045081765751635,
    0.4045081765751635,
    0.28328187904577945,
    0.28328187904577945,
    0.7641204872958403,
    0.7641204872958403,
    0.22320480665377823,
    0.22320480665377823,
    0.16968495702872707,
    0.16968495702872707,
    0.11549079197313367,
    0.11549079197313367,
    0.4339545775041413,
    0.4339545775041413,
    0.6917226130576578,
    0.6917226130576578
  ],
  "applied_grad_norm_history": [
    0.06996347732260828,
    0.06996347732260828,
    0.13169570014472945,
    0.13169570014472945,
    0.4045081765751635,
    0.4045081765751635,
    0.28328187904577945,
    0.28328187904577945,
    0.7499990184806835,
    0.7499990184806835,
    0.22320480665377823,
    0.22320480665377823,
    0.16968495702872707,
    0.16968495702872707,
    0.11549079197313367,
    0.11549079197313367,
    0.4339545775041413,
    0.4339545775041413,
    0.6917226130576578,
    0.6917226130576578
  ],
  "update_norm_history": [
    0.03674231912073792,
    0.03674231912073792,
    0.028893973191616677,
    0.028893973191616677,
    0.02706277500329877,
    0.02706277500329877,
    0.012239773759681041,
    0.012239773759681041,
    0.011788199907599151,
    0.011788199907599151,
    0.005390348749937053,
    0.005390348749937053,
    0.004112038928449352,
    0.004112038928449352,
    0.0020401702471613673,
    0.0020401702471613673,
    0.0019260562433753275,
    0.0019260562433753275,
    0.0018625796564908546,
    0.0018625796564908546
  ],
  "learning_rate_history": [
    0.015,
    0.015,
    0.015,
    0.015,
    0.0075,
    0.0075,
    0.0075,
    0.0075,
    0.00375,
    0.00375,
    0.00375,
    0.00375,
    0.002,
    0.002,
    0.002,
    0.002,
    0.002,
    0.002,
    0.002,
    0.002
  ],
  "validation_reward_history": [
    1.27,
    1.27,
    1.2650000000000001,
    1.2650000000000001,
    0.7,
    0.7,
    0.715,
    0.715,
    0.6799999999999999,
    0.6799999999999999,
    0.7,
    0.7,
    0.75,
    0.75,
    1.27,
    1.27,
    0.6799999999999999,
    0.6799999999999999,
    0.45,
    0.45
  ],
  "validation_success_history": [
    1.0,
    1.0,
    1.0,
    1.0,
    0.5,
    0.5,
    0.5,
    0.5,
    0.5,
    0.5,
    0.5,
    0.5,
    0.5,
    0.5,
    1.0,
    1.0,
    0.5,
    0.5,
    0.5,
    0.5
  ],