{
  "seed": 7,
  "mode": "noisy",
  "episode_rewards": [
    0.12999999999999998,
    0.13,
    1.3,
    0.12999999999999998,
    1.2,
    0.12999999999999998,
    0.12999999999999998,
    1.27,
    1.23,
    0.12999999999999998,
    1.27,
    0.12999999999999998,
    0.12999999999999998,
    1.03,
    0.13,
    -0.07000000000000003,
    0.23,
    0.12999999999999998,
    1.23,
    0.12999999999999998
  ],
  "episode_success": [
    false,
    false,
    true,
    false,
    true,
    false,
    false,
    true,
    true,
    false,
    true,
    false,
    false,
    true,
    false,
    false,
    false,
    false,
    true,
    false
  ],
  "episode_lengths": [
    6,
    6,
    5,
    6,
    5,
    6,
    6,
    4,
    6,
    6,
    4,
    6,
    6,
    6,
    6,
    6,
    6,
    6,
    6,
    6
  ],
  "episode_runtime_sec": [
    0.32920760003617033,
    0.32710659998701885,
    0.4251990999910049,
    0.3864072000142187,
    0.31226799997966737,
    0.3369440999813378,
    0.20667729998240247,
    0.26754729996901006,
    0.20901280001271516,
    0.3388476999825798,
    0.1545613000052981,
    0.31706269999267533,
    0.1926027000299655,
    0.29885630001081154,
    0.20426299999235198,
    0.319753399991896,
    0.20469330000923946,
    0.3330530999810435,
    0.19909770000958815,
    0.34508009999990463
  ],
  "parameter_history": [
    [
      0.015123008221378543,
      0.01487456102054103,
      -0.04241377845151038,
      -0.0740591941461458,
      -0.03046708924935511,
      -0.08416467976698985
    ],
    [
      0.015123008221378543,
      0.01487456102054103,
      -0.04241377845151038,
      -0.0740591941461458,
      -0.03046708924935511,
      -0.08416467976698985
    ],
    [
      0.0067936455679804345,
      0.011118503568432393,
      -0.057038432715404076,
      -0.06775578415236293,
      -0.017149977820888992,
      -0.09368880409949737
    ],
    [
      0.0067936455679804345,
      0.011118503568432393,
      -0.057038432715404076,
      -0.06775578415236293,
      -0.017149977820888992,
      -0.09368880409949737
    ],
    [
      0.011840140145402415,
      0.014687552038218176,
      -0.06934711821991091,
      -0.05807550518595202,
      -0.004161774427384541,
      -0.10576090035830354
    ],
    [
      0.011840140145402415,
      0.014687552038218176,
      -0.06934711821991091,
      -0.05807550518595202,
      -0.004161774427384541,
      -0.10576090035830354
    ],
    [
      0.016472573382604355,
      0.01799241139835929,
      -0.07565462949237278,
      -0.060873766458040254,
      0.0019779753737351625,
      -0.11226794905331144
    ],
    [
      0.016472573382604355,
      0.01799241139835929,
      -0.07565462949237278,
      -0.060873766458040254,
      0.0019779753737351625,
      -0.11226794905331144
    ],
    [
      0.02083686390719813,
      0.018094182724266866,
      -0.08157393728294086,
      -0.06542382377839667,
      0.006943750793707652,
      -0.11862921380934083
    ],
    [
      0.02083686390719813,
      0.018094182724266866,
      -0.08157393728294086,
      -0.06542382377839667,
      0.006943750793707652,
      -0.11862921380934083
    ],
    [
      0.023548961544993724,
      0.019297121100192736,
      -0.08446452559639522,
      -0.06556693181252657,
      0.00948317447740713,
      -0.12185715215263138
    ],
    [
      0.023548961544993724,
      0.019297121100192736,
      -0.08446452559639522,
      -0.06556693181252657,
      0.00948317447740713,
      -0.12185715215263138
    ],
    [
      0.026582629143722492,
      0.021071680971528825,
      -0.08758668928498199,
      -0.06676656588659008,
      0.010255428316818598,
      -0.1252558586978146
    ],
    [
      0.026582629143722492,
      0.021071680971528825,
      -0.08758668928498199,
      -0.06676656588659008,
      0.010255428316818598,
      -0.1252558586978146
    ],
    [
      0.02748355763319242,
      0.021469600343463426,
      -0.08865491128884218,
      -0.06650754895537558,
      0.010824204264737597,
      -0.1267136171650707
    ],
    [
      0.02748355763319242,
      0.021469600343463426,
      -0.08865491128884218,
      -0.06650754895537558,
      0.010824204264737597,
      -0.1267136171650707
    ],
    [
      0.028518739160658273,
      0.02153139536339699,
      -0.0899776198112359,
      -0.06598539067194793,
      0.011188213478871119,
      -0.1281195950560777
    ],
    [
      0.028518739160658273,
      0.02153139536339699,
      -0.0899776198112359,
      -0.06598539067194793,
      0.011188213478871119,
      -0.1281195950560777
    ],
    [
      0.029455035890862867,
      0.021454043585169343,
      -0.09141882670766541,
      -0.06534803031522643,
      0.01151224440668524,
      -0.12946294401913697
    ],
    [
      0.029455035890862867,
      0.021454043585169343,
      -0.09141882670766541,
      -0.06534803031522643,
      0.01151224440668524,
      -0.12946294401913697
    ]
  ],
  "loss_history": [
    0.2269612122881026,
    -0.2957816652488114,
    1.254635104098654,
    -0.5951244567177649,
    2.6179886232436753,
    -0.4647427088247691,
    -0.6080959767980348,
    0.832528197112524,
    2.2589442619737534,
    -1.0906679458742905,
    0.7020622295662038,
    -1.3375442634126748,
    -1.536201332477563,
    1.9742285115490776,
    -0.9253171264894532,
    -1.0716723815242672,
    -0.4447928570850461,
    -1.159038513024028,
    1.0830126149075119,
    -0.7274963175640643
  ],
  "grad_norm_history": [
    0.042016805598151956,
    0.042016805598151956,
    0.11410356616819364,
    0.11410356616819364,
    0.198463002289791,
    0.198463002289791,
    0.22866521609987278,
    0.22866521609987278,
    0.07416317175179256,
    0.07416317175179256,
    0.3333995541666623,
    0.3333995541666623,
    0.38850182457507676,
    0.38850182457507676,
    0.26820042840302244,
    0.26820042840302244,
    0.19386137131028464,
    0.19386137131028464,
    0.07273379094094537,
    0.07273379094094537
  ],
  "applied_grad_norm_history": [
    0.042016805598151956,
    0.042016805598151956,
    0.11410356616819364,
    0.11410356616819364,
    0.198463002289791,
    0.198463002289791,
    0.22866521609987278,
    0.22866521609987278,
    0.07416317175179256,
    0.07416317175179256,
    0.3333995541666623,
    0.3333995541666623,
    0.38850182457507676,
    0.38850182457507676,
    0.26820042840302244,
    0.26820042840302244,
    0.19386137131028464,
    0.19386137131028464,
    0.07273379094094537,
    0.07273379094094537
  ],
  "update_norm_history": [
    0.03674231889578234,
    0.03674231889578234,
    0.024599880909930327,
    0.024599880909930327,
    0.02445088320877073,
    0.02445088320877073,
    0.012650482521473303,
    0.012650482521473303,
    0.011828915011181267,
    0.011828915011181267,
    0.005834961322403277,
    0.005834961322403277,
    0.005973843990202136,
    0.005973843990202136,
    0.0021509918218520128,
    0.0021509918218520128,
    0.002281863945425936,
    0.002281863945425936,
    0.0022968506451128672,
    0.0022968506451128672
  ],
  "learning_rate_history": [
    0.015,
    0.015,
    0.015,
    0.015,
    0.0075,
    0.0075,
    0.0075,
    0.0075,
    0.00375,
    0.00375,
    0.00375,
    0.00375,
    0.002,
    0.002,
    0.002,
    0.002,
    0.002,
    0.002,
    0.002,
    0.002
  ],
  "validation_reward_history": [
    1.25,
    1.25,
    0.02999999999999997,
    0.02999999999999997,
    0.7,
    0.7,
    0.715,
    0.715,
    0.6799999999999999,
    0.6799999999999999,
    0.7,
    0.7,
    0.75,
    0.75,
    0.615,
    0.615,
    0.6799999999999999,
    0.6799999999999999,
    0.5149999999999999,
    0.5149999999999999
  ],
  "validation_success_history": [
    1.0,
    1.0,
    0.0,
    0.0,
    0.5,
    0.5,
    0.5,
    0.5,
    0.5,
    0.5,
    0.5,
    0.5,
    0.5,
    0.5,
    0.5,
    0.5,
    0.5,
    0.5,
    0.5,
    0.5
  ],