{
  "seed": 7,
  "mode": "ideal",
  "episode_rewards": [
    0.13,
    0.23,
    1.3,
    0.02999999999999997,
    1.27,
    -0.17000000000000004,
    -0.07000000000000003,
    1.23,
    -0.07000000000000003,
    0.23,
    0.12999999999999998,
    0.23,
    1.3,
    1.3,
    0.22999999999999998,
    0.22999999999999998,
    -0.07000000000000003,
    1.23,
    0.22999999999999998,
    0.02999999999999997
  ],
  "episode_success": [
    false,
    false,
    true,
    false,
    true,
    false,
    false,
    true,
    false,
    false,
    false,
    false,
    true,
    true,
    false,
    false,
    false,
    true,
    false,
    false
  ],
  "episode_lengths": [
    6,
    6,
    5,
    6,
    4,
    6,
    6,
    6,
    6,
    6,
    6,
    6,
    5,
    5,
    6,
    6,
    6,
    6,
    6,
    6
  ],
  "episode_runtime_sec": [
    0.1398693000082858,
    0.17531560000497848,
    0.17815930000506341,
    0.2214488000026904,
    0.09665920003317297,
    0.19054410001263022,
    0.1407113000168465,
    0.19679800001904368,
    0.12690729997120798,
    0.2040811000042595,
    0.13435609999578446,
    0.2048824999947101,
    0.111379100009799,
    0.17260290001286194,
    0.1318765999749303,
    0.1847190000116825,
    0.1472080000094138,
    0.2994433999992907,
    0.13962999999057502,
    0.20531589997699484
  ],
  "parameter_history": [
    [
      -0.019876981283203792,
      0.049874526393183835,
      -0.04741376465907185,
      -0.10905916313775105,
      -0.025467123581265877,
      -0.07916468765458497
    ],
    [
      -0.019876981283203792,
      0.049874526393183835,
      -0.04741376465907185,
      -0.10905916313775105,
      -0.025467123581265877,
      -0.07916468765458497
    ],
    [
      -0.03648591173037029,
      0.03947369404894415,
      -0.0661989704788778,
      -0.09634056941832592,
      -0.03712699959353689,
      -0.07737557685343287
    ],
    [
      -0.03648591173037029,
      0.03947369404894415,
      -0.0661989704788778,
      -0.09634056941832592,
      -0.03712699959353689,
      -0.07737557685343287
    ],
    [
      -0.053171578022051635,
      0.024448904364740977,
      -0.06751204502211573,
      -0.08197279086164434,
      -0.03880264795654247,
      -0.06462737964310944
    ],
    [
      -0.053171578022051635,
      0.024448904364740977,
      -0.06751204502211573,
      -0.08197279086164434,
      -0.03880264795654247,
      -0.06462737964310944
    ],
    [
      -0.0495792103669952,
      0.019203591273660184,
      -0.06759926270100583,
      -0.07678387465585888,
      -0.033540655075902245,
      -0.06676799546649974
    ],
    [
      -0.0495792103669952,
      0.019203591273660184,
      -0.06759926270100583,
      -0.07678387465585888,
      -0.033540655075902245,
      -0.06676799546649974
    ],
    [
      -0.04803288068542657,
      0.015001923190350229,
      -0.07057149226662975,
      -0.07166896701054236,
      -0.027625877966186548,
      -0.06739920397225947
    ],
    [
      -0.04803288068542657,
      0.015001923190350229,
      -0.07057149226662975,
      -0.07166896701054236,
      -0.027625877966186548,
      -0.06739920397225947
    ],
    [
      -0.048869701670626035,
      0.016280001689975173,
      -0.07007678431585239,
      -0.07154445938655546,
      -0.026942444636727646,
      -0.06957075823082268
    ],
    [
      -0.048869701670626035,
      0.016280001689975173,
      -0.07007678431585239,
      -0.07154445938655546,
      -0.026942444636727646,
      -0.06957075823082268
    ],
    [
      -0.05007255560277141,
      0.0165542136679672,
      -0.07052692336647581,
      -0.07066494429182368,
      -0.026974898326928117,
      -0.07028256275308935
    ],
    [
      -0.05007255560277141,
      0.0165542136679672,
      -0.07052692336647581,
      -0.07066494429182368,
      -0.026974898326928117,
      -0.07028256275308935
    ],
    [
      -0.05050721588710113,
      0.016702393403233512,
      -0.07080718343598336,
      -0.07049741506805637,
      -0.026844576114556432,
      -0.07079397237848994
    ],
    [
      -0.05050721588710113,
      0.016702393403233512,
      -0.07080718343598336,
      -0.07049741506805637,
      -0.026844576114556432,
      -0.07079397237848994
    ],
    [
      -0.05123483106851382,
      0.017707970192555236,
      -0.07198746334257342,
      -0.07108565469665118,
      -0.02591179822504748,
      -0.07181937795528093
    ],
    [
      -0.05123483106851382,
      0.017707970192555236,
      -0.07198746334257342,
      -0.07108565469665118,
      -0.02591179822504748,
      -0.07181937795528093
    ],
    [
      -0.05122242632813777,
      0.018009129249843575,
      -0.07280189382799167,
      -0.0712859186201741,
      -0.025631444845321347,
      -0.07257024355345569
    ],
    [
      -0.05122242632813777,
      0.018009129249843575,
      -0.07280189382799167,
      -0.0712859186201741,
      -0.025631444845321347,
      -0.07257024355345569
    ]
  ],
  "loss_history": [
    -0.17484735890166417,
    0.02992755105699282,
    1.0435928005603436,
    -0.49783454228201995,
    0.4836546434046864,
    -0.9239292427739647,
    -0.35379691715215994,
    0.8320962797386413,
    -0.5218775408837768,
    -0.3240444540244098,
    -0.6928309310750818,
    -0.26380041789194664,
    0.8337078581944549,
    0.7484995442202397,
    -0.15898746836162023,
    -0.2062865135353069,
    -0.9097323092516271,
    1.83674596184153,
    -0.1390929619548985,
    -1.190053551694805
  ],
  "grad_norm_history": [
    0.06160939259841664,
    0.06160939259841664,
    0.07684809959635185,
    0.07684809959635185,
    0.3797050925030833,
    0.3797050925030833,
    0.5421070438711852,
    0.5421070438711852,
    0.15924074115794534,
    0.15924074115794534,
    0.4750246075466657,
    0.4750246075466657,
    0.20611185590282993,
    0.20611185590282993,
    0.1010433652871657,
    0.1010433652871657,
    0.4419345112148746,
    0.4419345112148746,
    0.4365698019968364,
    0.4365698019968364
  ],
  "applied_grad_norm_history": [
    0.06160939259841664,
    0.06160939259841664,
    0.07684809959635185,
    0.07684809959635185,
    0.3797050925030833,
    0.3797050925030833,
    0.5421070438711852,
    0.5421070438711852,
    0.15924074115794534,
    0.15924074115794534,
    0.4750246075466657,
    0.4750246075466657,
    0.20611185590282993,
    0.20611185590282993,
    0.1010433652871657,
    0.1010433652871657,
    0.4419345112148746,
    0.4419345112148746,
    0.4365698019968364,
    0.4365698019968364
  ],
  "update_norm_history": [
    0.04898973379280501,
    0.04898973379280501,
    0.03221543254442504,
    0.03221543254442504,
    0.029624944212800958,
    0.029624944212800958,
    0.009981065989461774,
    0.009981065989461774,
    0.009509184581900398,
    0.009509184581900398,
    0.002788677308540057,
    0.002788677308540057,
    0.0017337648853394153,
    0.0017337648853394153,
    0.0007720247587244008,
    0.0007720247587244008,
    0.0022806197048313923,
    0.0022806197048313923,
    0.0011986035516634394,
    0.0011986035516634394
  ],
  "learning_rate_history": [
    0.02,
    0.02,
    0.02,
    0.02,
    0.01,
    0.01,
    0.01,
    0.01,
    0.005,
    0.005,
    0.005,
    0.005,
    0.0025,
    0.0025,
    0.0025,
    0.0025,
    0.0025,
    0.0025,
    0.002,
    0.002
  ],
  "validation_reward_history": [
    1.2349999999999999,
    1.2349999999999999,
    -0.07000000000000003,
    -0.07000000000000003,
    0.7,
    0.7,
    0.7150000000000001,
    0.7150000000000001,
    1.18,
    1.18,
    -0.245,
    -0.245,
    0.6,
    0.6,
    1.27,
    1.27,
    0.6799999999999999,
    0.6799999999999999,
    0.565,
    0.565
  ],
  "validation_success_history": [
    1.0,
    1.0,
    0.0,
    0.0,
    0.5,
    0.5,
    0.5,
    0.5,
    1.0,
    1.0,
    0.0,
    0.0,
    0.5,
    0.5,
    1.0,
    1.0,
    0.5,
    0.5,
    0.5,
    0.5
  ],