{
  "seed": 7,
  "mode": "mitigated",
  "episode_rewards": [
    0.12999999999999998,
    0.13,
    1.3,
    0.12999999999999998,
    1.2,
    0.12999999999999998,
    0.12999999999999998,
    1.23,
    0.22999999999999998,
    1.23,
    -0.17000000000000004,
    0.12999999999999998,
    1.27,
    1.3,
    0.22999999999999998,
    0.22999999999999998,
    -0.07000000000000003,
    1.2,
    1.23,
    0.12999999999999998
  ],
  "episode_success": [
    false,
    false,
    true,
    false,
    true,
    false,
    false,
    true,
    false,
    true,
    false,
    false,
    true,
    true,
    false,
    false,
    false,
    true,
    true,
    false
  ],
  "episode_lengths": [
    6,
    6,
    5,
    6,
    5,
    6,
    6,
    6,
    6,
    6,
    6,
    6,
    4,
    5,
    6,
    6,
    6,
    5,
    6,
    6
  ],
  "episode_runtime_sec": [
    0.8235831999918446,
    0.9134713000385091,
    0.5227229000302032,
    1.1277379999519326,
    0.5539126000367105,
    1.2617987000267021,
    0.7356679000076838,
    0.9964263000292704,
    0.6594808000372723,
    1.0285200000507757,
    0.6193832000135444,
    1.122181799961254,
    0.474990600021556,
    0.8895676999818534,
    0.6401732999947853,
    0.950313700013794,
    0.6443412000080571,
    1.052278000046499,
    0.6705730000394396,
    1.061165900027845
  ],
  "parameter_history": [
    [
      0.02012301037203435,
      0.049874542408002445,
      -0.04741375908010011,
      -0.06905918853166457,
      -0.025467113101000315,
      -0.11916464925182299
    ],
    [
      0.02012301037203435,
      0.049874542408002445,
      -0.04741375908010011,
      -0.06905918853166457,
      -0.025467113101000315,
      -0.11916464925182299
    ],
    [
      0.025726878931537862,
      0.05163953973349651,
      -0.0635656606429002,
      -0.04936258987810339,
      -0.009580061577207172,
      -0.13742297899981015
    ],
    [
      0.025726878931537862,
      0.05163953973349651,
      -0.0635656606429002,
      -0.04936258987810339,
      -0.009580061577207172,
      -0.13742297899981015
    ],
    [
      0.039003129598132416,
      0.03896694579951625,
      -0.06436134129771594,
      -0.030320974978241537,
      0.007268346654587667,
      -0.15431522612205453
    ],
    [
      0.039003129598132416,
      0.03896694579951625,
      -0.06436134129771594,
      -0.030320974978241537,
      0.007268346654587667,
      -0.15431522612205453
    ],
    [
      0.046824741906513805,
      0.03526770130510042,
      -0.06963468343634278,
      -0.02617711790795117,
      0.014581389380230032,
      -0.16243098340064752
    ],
    [
      0.046824741906513805,
      0.03526770130510042,
      -0.06963468343634278,
      -0.02617711790795117,
      0.014581389380230032,
      -0.16243098340064752
    ],
    [
      0.0499010115496288,
      0.032341153814663355,
      -0.07546921008853072,
      -0.0209016380177994,
      0.017646593313212288,
      -0.1656882582799931
    ],
    [
      0.0499010115496288,
      0.032341153814663355,
      -0.07546921008853072,
      -0.0209016380177994,
      0.017646593313212288,
      -0.1656882582799931
    ],
    [
      0.04949647286563373,
      0.03195949676136866,
      -0.07724902807712244,
      -0.018345117239405056,
      0.02027150362203754,
      -0.16810442959161886
    ],
    [
      0.04949647286563373,
      0.03195949676136866,
      -0.07724902807712244,
      -0.018345117239405056,
      0.02027150362203754,
      -0.16810442959161886
    ],
    [
      0.04863196390788638,
      0.03217957327268944,
      -0.07994845381541657,
      -0.016789728906500018,
      0.022340911670342904,
      -0.1704285356134267
    ],
    [
      0.04863196390788638,
      0.03217957327268944,
      -0.07994845381541657,
      -0.016789728906500018,
      0.022340911670342904,
      -0.1704285356134267
    ],
    [
      0.04872345575598543,
      0.03222789565025348,
      -0.08114791049204907,
      -0.016284498589285525,
      0.023247593726731373,
      -0.1712613374220724
    ],
    [
      0.04872345575598543,
      0.03222789565025348,
      -0.08114791049204907,
      -0.016284498589285525,
      0.023247593726731373,
      -0.1712613374220724
    ],
    [
      0.048142350566399775,
      0.03188420571665998,
      -0.08177582227704575,
      -0.015621804251521074,
      0.02427719330842056,
      -0.17215340866089385
    ],
    [
      0.048142350566399775,
      0.03188420571665998,
      -0.08177582227704575,
      -0.015621804251521074,
      0.02427719330842056,
      -0.17215340866089385
    ],
    [
      0.047875432698358804,
      0.03166450135695286,
      -0.08248590479202282,
      -0.015992600067643768,
      0.025421279938156703,
      -0.1733978819795216
    ],
    [
      0.047875432698358804,
      0.03166450135695286,
      -0.08248590479202282,
      -0.015992600067643768,
      0.025421279938156703,
      -0.1733978819795216
    ]
  ],
  "loss_history": [
    -0.2371844270344094,
    -0.30286000642509975,
    1.0548271943284304,
    -0.6950247187898096,
    2.902285488291819,
    -0.5044108136523695,
    -0.6124973868105714,
    1.1142799689030825,
    -0.05832025626963241,
    1.8340005163066124,
    -1.8541318217878577,
    -1.023294485779446,
    0.8061324065306535,
    0.7924821996066648,
    -0.24409810803076662,
    -0.4101693089437052,
    -1.3826046485569405,
    2.028806971938565,
    0.6863196660040544,
    -1.3057365199919624
  ],
  "grad_norm_history": [
    0.06996347732260828,
    0.06996347732260828,
    0.12905640725239184,
    0.12905640725239184,
    0.527785046149188,
    0.527785046149188,
    0.3151843464747516,
    0.3151843464747516,
    0.2535160234305934,
    0.2535160234305934,
    0.36472217160642356,
    0.36472217160642356,
    0.21450798602547944,
    0.21450798602547944,
    0.20998973178125116,
    0.20998973178125116,
    0.40019150991828867,
    0.40019150991828867,
    0.24145757985101965,
    0.24145757985101965
  ],
  "applied_grad_norm_history": [
    0.06996347732260828,
    0.06996347732260828,
    0.12905640725239184,
    0.12905640725239184,
    0.527785046149188,
    0.527785046149188,
    0.3151843464747516,
    0.3151843464747516,
    0.2535160234305934,
    0.2535160234305934,
    0.36472217160642356,
    0.36472217160642356,
    0.21450798602547944,
    0.21450798602547944,
    0.20998973178125116,
    0.20998973178125116,
    0.40019150991828867,
    0.40019150991828867,
    0.24145757985101965,
    0.24145757985101965
  ],
  "update_norm_history": [
    0.048989758827650574,
    0.048989758827650574,
    0.0356247595403946,
    0.0356247595403946,
    0.03562704797286859,
    0.03562704797286859,
    0.01546569842503751,
    0.01546569842503751,
    0.009995289853116169,
    0.009995289853116169,
    0.004768742198164551,
    0.004768742198164551,
    0.004492867688075942,
    0.004492867688075942,
    0.0017945169285502262,
    0.0017945169285502262,
    0.0017734456294475611,
    0.0017734456294475611,
    0.0019023327591148487,
    0.0019023327591148487
  ],
  "learning_rate_history": [
    0.02,
    0.02,
    0.02,
    0.02,
    0.01,
    0.01,
    0.01,
    0.01,
    0.005,
    0.005,
    0.005,
    0.005,
    0.0025,
    0.0025,
    0.0025,
    0.0025,
    0.0025,
    0.0025,
    0.002,
    0.002
  ],
  "validation_reward_history": [
    1.2349999999999999,
    1.2349999999999999,
    0.765,
    0.765,
    0.7,
    0.7,
    0.665,
    0.665,
    0.6299999999999999,
    0.6299999999999999,
    -0.245,
    -0.245,
    0.6,
    0.6,
    1.27,
    1.27,
    0.6799999999999999,
    0.6799999999999999,
    0.565,
    0.565
  ],
  "validation_success_history": [
    1.0,
    1.0,
    0.5,
    0.5,
    0.5,
    0.5,
    0.5,
    0.5,
    0.5,
    0.5,
    0.0,
    0.0,
    0.5,
    0.5,
    1.0,
    1.0,
    0.5,
    0.5,
    0.5,
    0.5
  ],