{
  "seed": 7,
  "mode": "noisy",
  "episode_rewards": [
    0.12999999999999998,
    0.13,
    1.3,
    0.12999999999999998,
    1.2,
    0.12999999999999998,
    0.12999999999999998,
    1.23,
    0.22999999999999998,
    1.23,
    -0.17000000000000004,
    0.12999999999999998,
    1.27,
    1.3,
    0.22999999999999998,
    0.22999999999999998,
    -0.07000000000000003,
    1.13,
    0.22999999999999998,
    0.02999999999999997
  ],
  "episode_success": [
    false,
    false,
    true,
    false,
    true,
    false,
    false,
    true,
    false,
    true,
    false,
    false,
    true,
    true,
    false,
    false,
    false,
    true,
    false,
    false
  ],
  "episode_lengths": [
    6,
    6,
    5,
    6,
    5,
    6,
    6,
    6,
    6,
    6,
    6,
    6,
    4,
    5,
    6,
    6,
    6,
    6,
    6,
    6
  ],
  "episode_runtime_sec": [
    0.36645999999018386,
    0.4571009000064805,
    0.30780730000697076,
    0.3757923999801278,
    0.27696129999822006,
    0.32796299998881295,
    0.22524800000246614,
    0.34344399999827147,
    0.19823209999594837,
    0.3366489000036381,
    0.2103305000346154,
    0.3300551000284031,
    0.13289730000542477,
    0.27503130002878606,
    0.2009396000066772,
    0.3140722999814898,
    0.19653960003051907,
    0.32422710000537336,
    0.19819989998359233,
    0.31680480000795797
  ],
  "parameter_history": [
    [
      0.02012300584992197,
      0.009874563443772376,
      -0.04741377608993992,
      -0.06905919756961859,
      -0.025467092826749388,
      -0.07916468785610438
    ],
    [
      0.02012300584992197,
      0.009874563443772376,
      -0.04741377608993992,
      -0.06905919756961859,
      -0.025467092826749388,
      -0.07916468785610438
    ],
    [
      0.008482817081280644,
      0.006142715616689984,
      -0.06663198189055775,
      -0.06627572472621286,
      -0.007692409941421282,
      -0.09215288811319763
    ],
    [
      0.008482817081280644,
      0.006142715616689984,
      -0.06663198189055775,
      -0.06627572472621286,
      -0.007692409941421282,
      -0.09215288811319763
    ],
    [
      0.014092293178622452,
      0.011995675585869933,
      -0.083743471266382,
      -0.05430621344473824,
      0.01001793079855955,
      -0.10839244832133588
    ],
    [
      0.014092293178622452,
      0.011995675585869933,
      -0.083743471266382,
      -0.05430621344473824,
      0.01001793079855955,
      -0.10839244832133588
    ],
    [
      0.019967285416843866,
      0.01390368323288852,
      -0.09203162216769459,
      -0.05182225534255456,
      0.0169140743913184,
      -0.11722476314839746
    ],
    [
      0.019967285416843866,
      0.01390368323288852,
      -0.09203162216769459,
      -0.05182225534255456,
      0.0169140743913184,
      -0.11722476314839746
    ],
    [
      0.020805371128305307,
      0.017639399373987945,
      -0.09918430942760866,
      -0.04598052434649882,
      0.019355308777780227,
      -0.12052682523238248
    ],
    [
      0.020805371128305307,
      0.017639399373987945,
      -0.09918430942760866,
      -0.04598052434649882,
      0.019355308777780227,
      -0.12052682523238248
    ],
    [
      0.020626762396158824,
      0.0172106557249389,
      -0.10180873566095343,
      -0.04294716817783186,
      0.02154714987360255,
      -0.12194011038571344
    ],
    [
      0.020626762396158824,
      0.0172106557249389,
      -0.10180873566095343,
      -0.04294716817783186,
      0.02154714987360255,
      -0.12194011038571344
    ],
    [
      0.02007240436569786,
      0.017842532623259567,
      -0.10507079460104027,
      -0.04068599281466395,
      0.023773554645136957,
      -0.12420639627763114
    ],
    [
      0.02007240436569786,
      0.017842532623259567,
      -0.10507079460104027,
      -0.04068599281466395,
      0.023773554645136957,
      -0.12420639627763114
    ],
    [
      0.02034935127809539,
      0.01815662307108052,
      -0.10652760737143324,
      -0.040040335156646845,
      0.024570945862710507,
      -0.12501712515969302
    ],
    [
      0.02034935127809539,
      0.01815662307108052,
      -0.10652760737143324,
      -0.040040335156646845,
      0.024570945862710507,
      -0.12501712515969302
    ],
    [
      0.020138465959819187,
      0.017460283055665844,
      -0.10748941813352689,
      -0.039741191751601096,
      0.025729058797498556,
      -0.126060645932878
    ],
    [
      0.020138465959819187,
      0.017460283055665844,
      -0.10748941813352689,
      -0.039741191751601096,
      0.025729058797498556,
      -0.126060645932878
    ],
    [
      0.020670549748008183,
      0.017112282178893757,
      -0.1078851913016819,
      -0.0390802075400787,
      0.02670681277052809,
      -0.12719360167588722
    ],
    [
      0.020670549748008183,
      0.017112282178893757,
      -0.1078851913016819,
      -0.0390802075400787,
      0.02670681277052809,
      -0.12719360167588722
    ]
  ],
  "loss_history": [
    0.2269612122881026,
    -0.2957816652488114,
    1.2569595589917184,
    -0.5942114835407576,
    2.582389881135732,
    -0.4659788678949932,
    -0.6080959767980348,
    1.2249448081114915,
    -0.08261921373527047,
    1.848443711685278,
    -1.6783864394702208,
    -0.9908848875869245,
    0.7461959614536164,
    0.9005172687161802,
    -0.3218411264862712,
    -0.4534405686930624,
    -1.296938819003422,
    2.929592946477317,
    -0.20213567763545964,
    -1.5543419697085723
  ],
  "grad_norm_history": [
    0.042016805598151956,
    0.042016805598151956,
    0.12782523854575592,
    0.12782523854575592,
    0.19157905107270654,
    0.19157905107270654,
    0.2325381593575391,
    0.2325381593575391,
    0.23522171499453323,
    0.23522171499453323,
    0.11027632364533801,
    0.11027632364533801,
    0.11012149848612067,
    0.11012149848612067,
    0.15441272006320805,
    0.15441272006320805,
    0.17778977125959908,
    0.17778977125959908,
    0.36986243098954846,
    0.36986243098954846
  ],
  "applied_grad_norm_history": [
    0.042016805598151956,
    0.042016805598151956,
    0.12782523854575592,
    0.12782523854575592,
    0.19157905107270654,
    0.19157905107270654,
    0.2325381593575391,
    0.2325381593575391,
    0.23522171499453323,
    0.23522171499453323,
    0.11027632364533801,
    0.11027632364533801,
    0.11012149848612067,
    0.11012149848612067,
    0.15441272006320805,
    0.15441272006320805,
    0.17778977125959908,
    0.17778977125959908,
    0.36986243098954846,
    0.36986243098954846
  ],
  "update_norm_history": [
    0.0489897585277098,
    0.0489897585277098,
    0.03179843605637413,
    0.03179843605637413,
    0.032850800847829244,
    0.032850800847829244,
    0.015446232610344073,
    0.015446232610344073,
    0.01080777304310084,
    0.01080777304310084,
    0.0048068833156233665,
    0.0048068833156233665,
    0.005153004341428628,
    0.005153004341428628,
    0.0020019100217311993,
    0.0020019100217311993,
    0.00199351195812457,
    0.00199351195812457,
    0.0017992625833361995,
    0.0017992625833361995
  ],
  "learning_rate_history": [
    0.02,
    0.02,
    0.02,
    0.02,
    0.01,
    0.01,
    0.01,
    0.01,
    0.005,
    0.005,
    0.005,
    0.005,
    0.0025,
    0.0025,
    0.0025,
    0.0025,
    0.002,
    0.002,
    0.002,
    0.002
  ],
  "validation_reward_history": [
    1.2349999999999999,
    1.2349999999999999,
    -0.07000000000000003,
    -0.07000000000000003,
    0.7,
    0.7,
    0.665,
    0.665,
    0.6299999999999999,
    0.6299999999999999,
    -0.245,
    -0.245,
    0.6,
    0.6,
    0.615,
    0.615,
    0.6799999999999999,
    0.6799999999999999,
    0.45,
    0.45
  ],
  "validation_success_history": [
    1.0,
    1.0,
    0.0,
    0.0,
    0.5,
    0.5,
    0.5,
    0.5,
    0.5,
    0.5,
    0.0,
    0.0,
    0.5,
    0.5,
    0.5,
    0.5,
    0.5,
    0.5,
    0.5,
    0.5
  ],