{
  "seed": 7,
  "name": "mlp_reinforce",
  "episode_rewards": [
    -0.37000000000000005,
    -0.07000000000000003,
    0.12999999999999998,
    1.27,
    1.23,
    0.029999999999999978,
    1.23,
    1.27,
    -0.8200000000000001,
    -0.5700000000000001,
    1.27,
    0.12999999999999998,
    -0.07,
    0.22999999999999998,
    1.3,
    1.3,
    1.27,
    1.27,
    1.3,
    1.27
  ],
  "episode_success": [
    false,
    false,
    false,
    true,
    true,
    false,
    true,
    true,
    false,
    false,
    true,
    false,
    false,
    false,
    true,
    true,
    true,
    true,
    true,
    true
  ],
  "episode_lengths": [
    6,
    6,
    6,
    4,
    6,
    6,
    6,
    4,
    6,
    6,
    4,
    6,
    6,
    6,
    5,
    5,
    4,
    4,
    5,
    4
  ],
  "episode_runtime_sec": [
    0.0028560999780893326,
    0.002293800003826618,
    0.0018912999657914042,
    0.0012727999710477889,
    0.002700400014873594,
    0.0022509999689646065,
    0.002112099959049374,
    0.0019216000218875706,
    0.002289599971845746,
    0.0018569999956525862,
    0.0025585999828763306,
    0.0028987000114284456,
    0.0019006000366061926,
    0.002181100018788129,
    0.002211800019722432,
    0.001720600004773587,
    0.0017509000026620924,
    0.0014877999783493578,
    0.0016319999704137444,
    0.0013775000115856528
  ],
  "loss_history": [
    0.0024731580365011177,
    -0.5210671601927528,
    -0.012764109279067416,
    3.28341567200832,
    4.018051190366321,
    -0.892090176052814,
    3.1182298489333387,
    1.580701269230013,
    -3.4191503362298863,
    -1.1129399635290274,
    1.067783123489975,
    -1.5167516636556626,
    -0.6097094926975335,
    -0.7597341194342906,
    0.9051655411983123,
    0.6397736360406271,
    0.20379652920116528,
    0.1282221880965463,
    0.17382740860971507,
    0.04772445732450512
  ],
  "grad_norm_history": [
    0.7556791249364384,
    0.6486618792708908,
    0.14223386627522427,
    2.3254869530613838,
    2.3150951409327405,
    0.9531900340405906,
    1.6728360054520333,
    1.2826421541218225,
    2.4709086810312035,
    2.187742852853126,
    1.103109484513659,
    1.8368176960608438,
    1.0422784208900735,
    0.8290313818718426,
    1.7236608154946045,
    1.3629856278739514,
    0.4368652427653282,
    0.28803000166208576,
    0.43467299640226137,
    0.11295483722478035
  ],
  "total_runtime_sec": 0.04302310000639409,
  "final_parameters": [
    0.00012301533574825743,
    0.02987455375084699,
    -0.027413785536221758,
    -0.08905918387572742,
    -0.04546707851717226,
    -0.09916465549964625,
    0.006014360259743849,
    0.13402152455545335,
    -0.04922065185513297,
    -0.062047489981994046,
    0.04898420501851983,
    0.03568870081600608,
    0.010541424899789856,
    -0.09304680447082048,
    -0.0029251822463273493,
    0.06953031944582878,
    0.12091654706978175,
    -0.34132953980840813,
    0.20014084514998642,
    -0.5196817024175427,
    0.13837836410097687,
    0.25161630872969465,
    -0.571557929777658,
    0.42057486590502646,
    0.23928045493188502,
    0.3718785912523962,
    -0.5791806137445538,
    -0.4436977835654604,
    0.32953035703118294,
    -0.38610186523312806,
    0.1728663858992171,
    -0.3785305618473326,
    0.22460230708138834,
    -0.12521931963357383,
    0.4569667423483603,
    -0.4401607554157073,
    0.0937067579263127,
    0.17245735983716348,
    -0.3986802753279212,
    0.3331512793229034,
    -0.04220452123471799,
    0.33617991742319836,
    -0.24220456732045587,
    -0.3356892632276486,
    0.32029333883947153,
    -0.5059434153021408,
    0.20168840696439697,
    -0.17759207411526737,
    -0.06414703941072214,
    0.20004165463424228,
    0.07622597120847119,
    -0.11992889021052233,
    0.007451622877146343,
    0.05766895836701853,
    -0.018878212535074934,
    0.0682910267195206,
    -0.006651732014941557,
    0.0667247560834328,
    0.1438522591656152,
    -0.06756622510056529,
    0.020313861038960906,
    -0.046330757653841516,
    0.012726841122583083,
    -0.118719452785014,
    -0.2851555820562275,
    0.10883528175511842,
    -0.26208109252365225,
    0.4619775100994212,
    -0.46326373663729675,
    -0.1995875453605927,
    0.3170034905797016,
    -0.5410311329948073,
    -0.12835602157844436,
    -0.35798795438468733,
    0.4630777137579153,
    0.41477081876258076,
    -0.3846747920738193,
    0.30888125648048537,
    -0.3637719335721597,
    0.4956359434581618,
    -0.22248752086274637,
    0.16785541148301542,
    -0.308940787751543,
    0.32950428927299397,
    -0.35492899401935823,
    -0.29396223450018266,
    0.3346108538290515,
    -0.3888753055065075,
    -0.014879575697267385,
    -0.2835655009074372,
    0.3369143455520397,
    0.41058156038394117,
    -0.3794590266542529,
    0.45289644673993595,
    -0.336559172502424,
    0.3983521845872569,
    -0.2499957907982693,
    0.2571283162264685,
    -0.4674731291765137,
    0.10115560591799565,
    -0.3239448043345476,
    -0.28931261932740787,
    0.32426999073342194,
    -0.07062706897616486,
    -0.23053201102781698,
    -0.36847310366049224,
    0.3237886132632511,
    0.3436613344460475,
    -0.3283019346780006,
    0.279450663342583,
    -0.22257145275580012,
    0.3529599596841666,
    -0.10336758320736888,
    -0.007918131861584184,
    0.0035286848661474136,
    -0.10544846220491105,
    0.025983910067436333,
    -0.0857956477176544,
    0.09720667079170428,
    0.01927459126050724,
    0.008930648576905028,
    -0.0591028352856274,
    -0.011860982387769404,
    -0.1997746292907055,
    -0.11314074705230587,
    0.036283979918875435,
    -0.21285670418221447,
    0.08466085214811635,
    0.007884922527339222,
    0.12618343814536906,
    -0.13679073454492333,
    0.1436661040513273,
    -0.13628918741014512,
    -0.08213830338072764,
    0.06615374347052866,
    0.05528898525164709,
    -0.11629685262349061,
    -0.02728656843184913,
    0.13160329878879112,
    -0.020494382676673712,
    -0.03917111881308147,
    0.024267500318084823,
    -0.17463615207170324,
    0.0677597278614914,
    0.012804754886700803,
    -0.2031845800238376,
    -0.15194580185475123,
    0.2622439759055891,
    0.4789948020788969,
    -0.3810701805146901,
    -0.5762444364235915,
    0.4741355576530766,
    0.19917945947327945,
    -0.25440665460507794,
    0.2030016244331917,
    -0.2705204799950671,
    -0.5471254948901653,
    0.32858343371446175,
    0.562377457750058,
    -0.4640950244951866,
    -0.04759542224112688,
    -0.02408132326371935,
    0.49152818693565,
    -0.4962033972281175,
    -0.5008143990353531,
    0.41675695881673525,
    -0.6192809236907343,
    0.516671647183833,
    0.4225092876195631,
    -0.41770949504578725,
    -0.46418578626442797,
    0.43443305531956067,
    0.20092161737831196,
    -0.26914167317672016,
    -0.5692597586726008,
    0.33682340343362993,
    0.04119842812383486,
    0.04164428695231985
  ],
  "evaluation": {
    "avg_reward": 1.28125,
    "std_reward": 0.014523687548277828,
    "success_rate": 1.0,
    "avg_length": 4.375
  },
  "summary_metrics": {
    "convergence_episode": 17,
    "convergence_runtime_sec": 0.03666799992788583,
    "final_avg_reward": 1.2774999999999999,
    "final_success_rate": 1.0,
    "reward_auc": 0.6394736842105263,
    "success_auc": 0.5526315789473685,
    "grad_norm_final": 0.3181307695136139,
    "total_runtime_sec": 0.04302310000639409
  }
}