{
  "seed": 7,
  "name": "tabular_reinforce",
  "episode_rewards": [
    -0.8700000000000001,
    -0.07000000000000003,
    -0.27,
    0.02999999999999997,
    -0.6200000000000001,
    1.27,
    -0.07000000000000003,
    0.12999999999999998,
    -0.17000000000000004,
    -0.42000000000000004,
    -0.37000000000000005,
    1.23,
    0.12999999999999998,
    0.12999999999999998,
    0.12999999999999998,
    1.23,
    -0.6200000000000001,
    0.12999999999999998,
    -0.17000000000000004,
    0.23
  ],
  "episode_success": [
    false,
    false,
    false,
    false,
    false,
    true,
    false,
    false,
    false,
    false,
    false,
    true,
    false,
    false,
    false,
    true,
    false,
    false,
    false,
    false
  ],
  "episode_lengths": [
    6,
    6,
    6,
    6,
    6,
    4,
    6,
    6,
    6,
    6,
    6,
    6,
    6,
    6,
    6,
    6,
    6,
    6,
    6,
    6
  ],
  "episode_runtime_sec": [
    0.0018198000034317374,
    0.0016885999939404428,
    0.0014897999935783446,
    0.0013420999748632312,
    0.0012284000404179096,
    0.0009367000311613083,
    0.0015591999981552362,
    0.0014394000172615051,
    0.0013566999696195126,
    0.0013126999838277698,
    0.0015735000488348305,
    0.0016858999733813107,
    0.0019526000251062214,
    0.0013791999663226306,
    0.001429900003131479,
    0.0017216999549418688,
    0.0014604000025428832,
    0.00134680001065135,
    0.0012930999509990215,
    0.0016571000451222062
  ],
  "loss_history": [
    -1.0930926039918891,
    0.22350684095666962,
    -0.4938745780564673,
    0.04778218288415545,
    -2.353074225431421,
    2.7874357688617275,
    -0.8103164340054305,
    0.5998937759832242,
    -0.3259957097947133,
    -1.739822198795495,
    -0.776047041305631,
    3.251189290389556,
    -0.39385122818642027,
    -0.28838580099241146,
    -0.2529281088199574,
    3.511937510578483,
    -2.391813640476578,
    -0.24288921909785682,
    -0.9172671740603315,
    -0.1776422219078215
  ],
  "grad_norm_history": [
    1.483614381455563,
    0.21367987599368918,
    0.3632877394160122,
    0.12088576226992279,
    0.9721258982067705,
    1.4995537977684035,
    0.29269056604186183,
    0.253417423720401,
    0.22361366241802752,
    1.0097828655179064,
    0.5712701132094662,
    1.3058576330291,
    0.16879162053309382,
    0.12032762881917027,
    0.12615011545307095,
    1.2109748086877767,
    1.2098974841291248,
    0.19434284563952528,
    0.42297327036452625,
    0.15272110109904832
  ],
  "total_runtime_sec": 0.03146630001720041,
  "final_parameters": [
    [
      6.150766787412872e-05,
      0.014937276875423495
    ],
    [
      0.545698492763902,
      -0.6039349774698767
    ],
    [
      0.5010163721803096,
      -0.5733322391887188
    ],
    [
      0.0030071801298719243,
      0.06701076227772668
    ],
    [
      -0.583402742265633,
      0.5277686713470695
    ],
    [
      -0.5315641320002202,
      0.5739005849174832
    ],
    [
      -0.27596812851123154,
      0.2347154387257162
    ],
    [
      -0.0014625911231636746,
      0.03476515972291439
    ]
  ],
  "evaluation": {
    "avg_reward": 0.44875,
    "std_reward": 0.6663789743831958,
    "success_rate": 0.375,
    "avg_length": 5.6875
  },
  "summary_metrics": {
    "convergence_episode": null,
    "convergence_runtime_sec": 0.0296735999872908,
    "final_avg_reward": -0.10750000000000004,
    "final_success_rate": 0.0,
    "reward_auc": 0.0689473684210526,
    "success_auc": 0.15789473684210525,
    "grad_norm_final": 0.4949836753080562,
    "total_runtime_sec": 0.03146630001720041
  }
}