{
  "model": "Classical RBF SVM",
  "best_params": null,
  "best_cv_score": null,
  "train_time": 1.0542840957641602,
  "metrics": {
    "accuracy": 0.9454439930354034,
    "precision": 0.9424173318129989,
    "recall": 0.95,
    "f1_score": 0.9461934745277619
  },
  "confusion_matrix": [
    [
      1605,
      101
    ],
    [
      87,
      1653
    ]
  ],
  "classification_report": "              precision    recall  f1-score   support\n\n           4       0.95      0.94      0.94      1706\n           9       0.94      0.95      0.95      1740\n\n    accuracy                           0.95      3446\n   macro avg       0.95      0.95      0.95      3446\nweighted avg       0.95      0.95      0.95      3446\n"
}