{
  "config_path": "config\\experiment_config.yaml",
  "dataset": {
    "source": "openml_mnist_784",
    "digits": [
      4,
      9
    ],
    "train_samples": 10336,
    "test_samples": 3446,
    "pca_components": 8
  },
  "classical": {
    "train_info": {
      "params": {
        "C": 1.0,
        "gamma": "scale",
        "kernel": "rbf"
      },
      "train_time": 1.0542840957641602
    },
    "metrics": {
      "accuracy": 0.9454439930354034,
      "precision": 0.9424173318129989,
      "recall": 0.95,
      "f1_score": 0.9461934745277619
    }
  },
  "quantum": {
    "train_subset_size": 30,
    "train_info": {
      "train_time": 9.924031257629395,
      "params": {
        "C": 1.0
      }
    },
    "metrics": {
      "accuracy": 0.7251886244921648,
      "precision": 0.7978963185574756,
      "recall": 0.6103448275862069,
      "f1_score": 0.6916313904265712
    },
    "kernel_properties": {
      "shape": [
        30,
        30
      ],
      "is_symmetric": true,
      "is_positive_semidefinite": true,
      "min_eigenvalue": 0.4547137348590558,
      "max_eigenvalue": 3.070716182192114,
      "condition_number": 6.753075499564403,
      "diagonal_mean": 1.0000000000000002,
      "off_diagonal_mean": 0.06325206537356323,
      "off_diagonal_std": 0.0647131025772707,
      "kta": 0.17155018259077173
    }
  },
  "noise": null
}