Model,accuracy,precision,recall,f1_score,train_time
Classical RBF SVM,0.9454439930354034,0.9424173318129989,0.95,0.9461934745277619,1.0542840957641602
Exact QSVC,0.7251886244921648,0.7978963185574756,0.6103448275862069,0.6916313904265712,9.924031257629395
Pegasos QSVC,0.6333333333333333,0.5833333333333334,0.9333333333333333,0.717948717948718,0.20150518417358398
