{
  "seed": 21,
  "mode": "ideal",
  "episode_rewards": [
    1.23,
    0.23,
    -0.07000000000000003,
    0.02999999999999997,
    1.3,
    1.3,
    0.12999999999999998,
    1.27,
    -0.07000000000000003,
    -0.37000000000000005,
    -0.07000000000000003,
    1.3,
    0.13,
    1.27,
    0.12999999999999998,
    1.03,
    0.22999999999999998,
    1.23,
    0.13,
    1.3
  ],
  "episode_success": [
    true,
    false,
    false,
    false,
    true,
    true,
    false,
    true,
    false,
    false,
    false,
    true,
    false,
    true,
    false,
    true,
    false,
    true,
    false,
    true
  ],
  "episode_lengths": [
    6,
    6,
    6,
    6,
    5,
    5,
    6,
    4,
    6,
    6,
    6,
    5,
    6,
    4,
    6,
    6,
    6,
    6,
    6,
    5
  ],
  "episode_runtime_sec": [
    0.12605949997669086,
    0.17571189999580383,
    0.12489209999330342,
    0.189691599982325,
    0.1072965000057593,
    0.1631442999932915,
    0.12611610000021756,
    0.2609663000330329,
    0.2061041000415571,
    0.33673090004594997,
    0.15865610004402697,
    0.16847150004468858,
    0.1331410999991931,
    0.14818110002670437,
    0.13446529995417222,
    0.21189829998183995,
    0.22285249998094514,
    0.18871209997450933,
    0.12634950003121048,
    0.16039010003441945
  ],
  "parameter_history": [
    [
      0.02087734141989197,
      0.1660677285925507,
      -0.1636331267976635,
      0.1536613566394005,
      -0.019731683155541302,
      -0.0649978682650808
    ],
    [
      0.02087734141989197,
      0.1660677285925507,
      -0.1636331267976635,
      0.1536613566394005,
      -0.019731683155541302,
      -0.0649978682650808
    ],
    [
      0.005857393110742555,
      0.1799711303942615,
      -0.15064532334831998,
      0.1413672274346736,
      -0.00997276494760237,
      -0.05836297432633414
    ],
    [
      0.005857393110742555,
      0.1799711303942615,
      -0.15064532334831998,
      0.1413672274346736,
      -0.00997276494760237,
      -0.05836297432633414
    ],
    [
      -0.009029441024749797,
      0.1930468174594876,
      -0.13741325721976705,
      0.12894192787147293,
      -0.017377629919944453,
      -0.04767981002520377
    ],
    [
      -0.009029441024749797,
      0.1930468174594876,
      -0.13741325721976705,
      0.12894192787147293,
      -0.017377629919944453,
      -0.04767981002520377
    ],
    [
      -0.01771587788844072,
      0.20325129847540743,
      -0.1271052802598278,
      0.11645102588199621,
      -0.023371841064113795,
      -0.04493088614585032
    ],
    [
      -0.01771587788844072,
      0.20325129847540743,
      -0.1271052802598278,
      0.11645102588199621,
      -0.023371841064113795,
      -0.04493088614585032
    ],
    [
      -0.023166177137171607,
      0.20555750500983094,
      -0.12419243954168038,
      0.10979539457950035,
      -0.025320477921624333,
      -0.04201924246138378
    ],
    [
      -0.023166177137171607,
      0.20555750500983094,
      -0.12419243954168038,
      0.10979539457950035,
      -0.025320477921624333,
      -0.04201924246138378
    ],
    [
      -0.02922826144109146,
      0.20905995291005894,
      -0.12062242878398369,
      0.10339000949174351,
      -0.02823727473242595,
      -0.0377005767738894
    ],
    [
      -0.02922826144109146,
      0.20905995291005894,
      -0.12062242878398369,
      0.10339000949174351,
      -0.02823727473242595,
      -0.0377005767738894
    ],
    [
      -0.03296290102156338,
      0.21280809584060828,
      -0.11606539978837759,
      0.09696985215925581,
      -0.03226040834772784,
      -0.035185055441838815
    ],
    [
      -0.03296290102156338,
      0.21280809584060828,
      -0.11606539978837759,
      0.09696985215925581,
      -0.03226040834772784,
      -0.035185055441838815
    ],
    [
      -0.03324875169638028,
      0.2153226457294868,
      -0.11289262335883982,
      0.09088523332622733,
      -0.03686168289485396,
      -0.034696401094578624
    ],
    [
      -0.03324875169638028,
      0.2153226457294868,
      -0.11289262335883982,
      0.09088523332622733,
      -0.03686168289485396,
      -0.034696401094578624
    ],
    [
      -0.03412372042812675,
      0.21661023200548057,
      -0.11221150663290849,
      0.08762946842810987,
      -0.03865362150331265,
      -0.03480609985616173
    ],
    [
      -0.03412372042812675,
      0.21661023200548057,
      -0.11221150663290849,
      0.08762946842810987,
      -0.03865362150331265,
      -0.03480609985616173
    ],
    [
      -0.03481451537172785,
      0.21778885122487623,
      -0.11188174606788553,
      0.08463533610663634,
      -0.04063665923317459,
      -0.03442681316269081
    ],
    [
      -0.03481451537172785,
      0.21778885122487623,
      -0.11188174606788553,
      0.08463533610663634,
      -0.04063665923317459,
      -0.03442681316269081
    ]
  ],
  "loss_history": [
    1.9557758622968713,
    -0.1742778057585859,
    -0.5706274843415985,
    -0.5575184593677412,
    0.8084714703530669,
    0.7257974341285205,
    -0.3008089380063213,
    0.4228001345874549,
    -0.33472073006158737,
    -2.553267451190751,
    -0.6401246866510264,
    0.672253418369051,
    -0.619901369966444,
    0.40632433427644427,
    -1.1668156909170735,
    1.6492077755790533,
    -0.876636197745946,
    1.9957735923802602,
    -1.0378263337427778,
    0.5512856700113298
  ],
  "grad_norm_history": [
    0.25787888915601753,
    0.25787888915601753,
    0.3433637584481743,
    0.3433637584481743,
    0.7093845170479215,
    0.7093845170479215,
    0.2770220769322835,
    0.2770220769322835,
    2.0055759840079963,
    2.0055759840079963,
    0.5162626591568745,
    0.5162626591568745,
    0.40775924371937206,
    0.40775924371937206,
    0.8473298676694493,
    0.8473298676694493,
    0.9483926783202039,
    0.9483926783202039,
    0.09764787665698248,
    0.09764787665698248
  ],
  "applied_grad_norm_history": [
    0.25787888915601753,
    0.25787888915601753,
    0.3433637584481743,
    0.3433637584481743,
    0.7093845170479215,
    0.7093845170479215,
    0.2770220769322835,
    0.2770220769322835,
    0.7499996260427766,
    0.7499996260427766,
    0.5162626591568745,
    0.5162626591568745,
    0.40775924371937206,
    0.40775924371937206,
    0.7499991148676054,
    0.7499991148676054,
    0.7499992091891614,
    0.7499992091891614,
    0.09764787665698248,
    0.09764787665698248
  ],
  "update_norm_history": [
    0.036742321823103,
    0.036742321823103,
    0.029630902490108083,
    0.029630902490108083,
    0.029850110398700683,
    0.029850110398700683,
    0.02203065567439771,
    0.02203065567439771,
    0.010004062880247052,
    0.010004062880247052,
    0.011399496448967147,
    0.011399496448967147,
    0.010606342127383896,
    0.010606342127383896,
    0.008654725812881342,
    0.008654725812881342,
    0.004087841919717109,
    0.004087841919717109,
    0.0038750752690845224,
    0.0038750752690845224
  ],
  "learning_rate_history": [
    0.015,
    0.015,
    0.015,
    0.015,
    0.015,
    0.015,
    0.0075,
    0.0075,
    0.0075,
    0.0075,
    0.0075,
    0.0075,
    0.0075,
    0.0075,
    0.00375,
    0.00375,
    0.00375,
    0.00375,
    0.002,
    0.002
  ],
  "validation_reward_history": [
    1.25,
    1.25,
    1.2650000000000001,
    1.2650000000000001,
    1.25,
    1.25,
    1.13,
    1.13,
    0.18,
    0.18,
    1.27,
    1.27,
    0.7,
    0.7,
    1.23,
    1.23,
    0.73,
    0.73,
    0.75,
    0.75
  ],
  "validation_success_history": [
    1.0,
    1.0,
    1.0,
    1.0,
    1.0,
    1.0,
    1.0,
    1.0,
    0.0,
    0.0,
    1.0,
    1.0,
    0.5,
    0.5,
    1.0,
    1.0,
    0.5,
    0.5,
    0.5,
    0.5
  ],
  "optimizer_clipped_history": [
    false,
    false,
    false,
    false,
    false,
    false,
    false,
    false,
    true,
    true,
    false,
    false,
    false,
    false,
    true,
    true,
    true,
    true,
    false,
    false
  ],