{
  "seed": 21,
  "mode": "mitigated",
  "episode_rewards": [
    1.23,
    0.23,
    -0.07000000000000003,
    0.02999999999999997,
    1.3,
    1.3,
    0.12999999999999998,
    1.27,
    -0.07000000000000003,
    -0.37000000000000005,
    -0.07000000000000003,
    1.23,
    0.12999999999999998,
    0.12999999999999998,
    1.2,
    1.3,
    1.03,
    1.2,
    1.3,
    1.3
  ],
  "episode_success": [
    true,
    false,
    false,
    false,
    true,
    true,
    false,
    true,
    false,
    false,
    false,
    true,
    false,
    false,
    true,
    true,
    true,
    true,
    true,
    true
  ],
  "episode_lengths": [
    6,
    6,
    6,
    6,
    5,
    5,
    6,
    4,
    6,
    6,
    6,
    6,
    6,
    6,
    5,
    5,
    6,
    5,
    5,
    5
  ],
  "episode_runtime_sec": [
    0.7894717000308447,
    1.2233180000330321,
    0.7536659999750555,
    1.0001791000249796,
    0.5574348000227474,
    0.9707556000212207,
    0.7224876999971457,
    0.9310285999672487,
    0.6822277999599464,
    1.105859600007534,
    0.6678414999623783,
    0.9568444000324234,
    0.5977519000298344,
    0.9692961999680847,
    0.5293663999764249,
    0.914321199990809,
    0.709605099982582,
    0.9316785000264645,
    0.5280109000159428,
    0.940097099984996
  ],
  "parameter_history": [
    [
      0.02087734182919981,
      0.16606772871362876,
      -0.16363312604737756,
      0.15366135180759008,
      -0.019731719102261833,
      -0.06499786126947187
    ],
    [
      0.02087734182919981,
      0.16606772871362876,
      -0.16363312604737756,
      0.15366135180759008,
      -0.019731719102261833,
      -0.06499786126947187
    ],
    [
      0.006373735518168661,
      0.17961085203810173,
      -0.15853125505936344,
      0.14887461386077283,
      -0.029030566219535377,
      -0.05886477905895013
    ],
    [
      0.006373735518168661,
      0.17961085203810173,
      -0.15853125505936344,
      0.14887461386077283,
      -0.029030566219535377,
      -0.05886477905895013
    ],
    [
      -0.00794178365043898,
      0.19271852398319364,
      -0.1543018337443292,
      0.13860661348842618,
      -0.04099777863453855,
      -0.05259810471917927
    ],
    [
      -0.00794178365043898,
      0.19271852398319364,
      -0.1543018337443292,
      0.13860661348842618,
      -0.04099777863453855,
      -0.05259810471917927
    ],
    [
      -0.019415689480589436,
      0.20608458758517184,
      -0.15585141609231554,
      0.12873673920059897,
      -0.04825362882300297,
      -0.044979520037472805
    ],
    [
      -0.019415689480589436,
      0.20608458758517184,
      -0.15585141609231554,
      0.12873673920059897,
      -0.04825362882300297,
      -0.044979520037472805
    ],
    [
      -0.02313430298625921,
      0.2121967230048852,
      -0.15863554491501725,
      0.1231770141531523,
      -0.05282153338531503,
      -0.03981093208446632
    ],
    [
      -0.02313430298625921,
      0.2121967230048852,
      -0.15863554491501725,
      0.1231770141531523,
      -0.05282153338531503,
      -0.03981093208446632
    ],
    [
      -0.02747725512316918,
      0.21821169735010332,
      -0.16026470214845454,
      0.12236957086601793,
      -0.05555234600430424,
      -0.03483227212515248
    ],
    [
      -0.02747725512316918,
      0.21821169735010332,
      -0.16026470214845454,
      0.12236957086601793,
      -0.05555234600430424,
      -0.03483227212515248
    ],
    [
      -0.031192810772258054,
      0.22352475733474286,
      -0.16337702287681397,
      0.1210349124749427,
      -0.05791847806857081,
      -0.029785799686690456
    ],
    [
      -0.031192810772258054,
      0.22352475733474286,
      -0.16337702287681397,
      0.1210349124749427,
      -0.05791847806857081,
      -0.029785799686690456
    ],
    [
      -0.035997810852469794,
      0.22777745422162834,
      -0.167860200920485,
      0.11867530741525828,
      -0.06065733242163479,
      -0.025773856854163574
    ],
    [
      -0.035997810852469794,
      0.22777745422162834,
      -0.167860200920485,
      0.11867530741525828,
      -0.06065733242163479,
      -0.025773856854163574
    ],
    [
      -0.03675279094363661,
      0.22972621770594,
      -0.16900272441720288,
      0.117068713816802,
      -0.06260831109413233,
      -0.023369174656135347
    ],
    [
      -0.03675279094363661,
      0.22972621770594,
      -0.16900272441720288,
      0.117068713816802,
      -0.06260831109413233,
      -0.023369174656135347
    ],
    [
      -0.038103624872859,
      0.2313033447355148,
      -0.17064060885677862,
      0.11528886707345287,
      -0.0646034058682771,
      -0.021104271405305207
    ],
    [
      -0.038103624872859,
      0.2313033447355148,
      -0.17064060885677862,
      0.11528886707345287,
      -0.0646034058682771,
      -0.021104271405305207
    ]
  ],
  "loss_history": [
    2.2464410059641295,
    -0.23675060115500166,
    -0.19756754825357387,
    -0.4009386153768674,
    1.0809018785483335,
    0.9705617476475151,
    -0.319466426964335,
    0.6900056319749431,
    -0.3092754703918425,
    -1.334513540090681,
    -0.7046406516306374,
    3.581001519149875,
    -0.7509430801623526,
    -0.7486200045593177,
    0.6987256420666345,
    1.4781186089637084,
    1.931855140515482,
    1.4595707594089617,
    1.0586028829606973,
    0.5204046974297633
  ],
  "grad_norm_history": [
    0.2525911765162182,
    0.2525911765162182,
    0.2982241377678353,
    0.2982241377678353,
    0.6402256515280232,
    0.6402256515280232,
    0.13060731636426398,
    0.13060731636426398,
    0.2956601781657561,
    0.2956601781657561,
    1.4550203187829394,
    1.4550203187829394,
    0.16062430630945077,
    0.16062430630945077,
    0.500751104397345,
    0.500751104397345,
    0.6066376654619203,
    0.6066376654619203,
    0.4336189568674117,
    0.4336189568674117
  ],
  "applied_grad_norm_history": [
    0.2525911765162182,
    0.2525911765162182,
    0.2982241377678353,
    0.2982241377678353,
    0.6402256515280232,
    0.6402256515280232,
    0.13060731636426398,
    0.13060731636426398,
    0.2956601781657561,
    0.2956601781657561,
    0.7499994845436351,
    0.7499994845436351,
    0.16062430630945077,
    0.16062430630945077,
    0.500751104397345,
    0.500751104397345,
    0.6066376654619203,
    0.6066376654619203,
    0.4336189568674117,
    0.4336189568674117
  ],
  "update_norm_history": [
    0.03674234151543398,
    0.03674234151543398,
    0.023807477570472503,
    0.023807477570472503,
    0.026125664957279995,
    0.026125664957279995,
    0.022821217969945472,
    0.022821217969945472,
    0.011722979792545224,
    0.011722979792545224,
    0.009517965126056509,
    0.009517965126056509,
    0.009196046897259972,
    0.009196046897259972,
    0.009509841557579396,
    0.009509841557579396,
    0.004224096499969196,
    0.004224096499969196,
    0.004390078784305522,
    0.004390078784305522
  ],
  "learning_rate_history": [
    0.015,
    0.015,
    0.015,
    0.015,
    0.015,
    0.015,
    0.0075,
    0.0075,
    0.0075,
    0.0075,
    0.0075,
    0.0075,
    0.0075,
    0.0075,
    0.00375,
    0.00375,
    0.00375,
    0.00375,
    0.002,
    0.002
  ],
  "validation_reward_history": [
    0.75,
    0.75,
    1.2650000000000001,
    1.2650000000000001,
    1.25,
    1.25,
    0.73,
    0.73,
    0.18,
    0.18,
    1.27,
    1.27,
    0.7,
    0.7,
    0.6799999999999999,
    0.6799999999999999,
    0.73,
    0.73,
    0.18,
    0.18
  ],
  "validation_success_history": [
    0.5,
    0.5,
    1.0,
    1.0,
    1.0,
    1.0,
    0.5,
    0.5,
    0.0,
    0.0,
    1.0,
    1.0,
    0.5,
    0.5,
    0.5,
    0.5,
    0.5,
    0.5,
    0.0,
    0.0
  ],
  "optimizer_clipped_history": [
    false,
    false,
    false,
    false,
    false,
    false,
    false,
    false,
    false,
    false,
    true,
    true,
    false,
    false,
    false,
    false,
    false,
    false,
    false,
    false
  ],