{
  "seed": 21,
  "mode": "noisy",
  "episode_rewards": [
    1.23,
    0.23,
    -0.07000000000000003,
    0.02999999999999997,
    1.3,
    1.3,
    0.12999999999999998,
    1.27,
    -0.07000000000000003,
    -0.37000000000000005,
    -0.07000000000000003,
    1.23,
    0.12999999999999998,
    -0.6700000000000002,
    1.2,
    1.3,
    1.03,
    1.2,
    0.02999999999999997,
    1.3
  ],
  "episode_success": [
    true,
    false,
    false,
    false,
    true,
    true,
    false,
    true,
    false,
    false,
    false,
    true,
    false,
    false,
    true,
    true,
    true,
    true,
    false,
    true
  ],
  "episode_lengths": [
    6,
    6,
    6,
    6,
    5,
    5,
    6,
    4,
    6,
    6,
    6,
    6,
    6,
    6,
    5,
    5,
    6,
    5,
    6,
    5
  ],
  "episode_runtime_sec": [
    0.3278664000099525,
    0.32374250004068017,
    0.20332470000721514,
    0.3101463000057265,
    0.17242389998864383,
    0.2646750000421889,
    0.19022080005379394,
    0.2681966000236571,
    0.21134099998744205,
    0.5121857000049204,
    0.1971225999877788,
    0.32629050000105053,
    0.2247312999679707,
    0.3333917999989353,
    0.17855760001111776,
    0.30757380003342405,
    0.207126299967058,
    0.30096490000141785,
    0.20456339995143935,
    0.2976807000231929
  ],
  "parameter_history": [
    [
      0.020877341750097506,
      0.13606773786334506,
      -0.1636331269462209,
      0.1536613522376781,
      -0.01973171999055172,
      -0.09499785280012533
    ],
    [
      0.020877341750097506,
      0.13606773786334506,
      -0.1636331269462209,
      0.1536613522376781,
      -0.01973171999055172,
      -0.09499785280012533
    ],
    [
      0.0059156695699217,
      0.13521869682783522,
      -0.15756893078022546,
      0.14540877093971227,
      -0.029080527039955152,
      -0.10558613214702282
    ],
    [
      0.0059156695699217,
      0.13521869682783522,
      -0.15756893078022546,
      0.14540877093971227,
      -0.029080527039955152,
      -0.10558613214702282
    ],
    [
      -0.007470629874918951,
      0.14440714373020647,
      -0.15584610838971227,
      0.13436129422363194,
      -0.04104749065959819,
      -0.11165100844892847
    ],
    [
      -0.007470629874918951,
      0.14440714373020647,
      -0.15584610838971227,
      0.13436129422363194,
      -0.04104749065959819,
      -0.11165100844892847
    ],
    [
      -0.017037667476497327,
      0.15356689443339652,
      -0.1596272166668823,
      0.12347601793938069,
      -0.04947247533572166,
      -0.1187089287692309
    ],
    [
      -0.017037667476497327,
      0.15356689443339652,
      -0.1596272166668823,
      0.12347601793938069,
      -0.04947247533572166,
      -0.1187089287692309
    ],
    [
      -0.02083940156309006,
      0.15708803636125013,
      -0.16298381099194323,
      0.11751550504875607,
      -0.054070231198873095,
      -0.11585317407577382
    ],
    [
      -0.02083940156309006,
      0.15708803636125013,
      -0.16298381099194323,
      0.11751550504875607,
      -0.054070231198873095,
      -0.11585317407577382
    ],
    [
      -0.025525835895377946,
      0.16203878916249345,
      -0.16245722844322893,
      0.11275052548837453,
      -0.059546901167367466,
      -0.11131676046869018
    ],
    [
      -0.025525835895377946,
      0.16203878916249345,
      -0.16245722844322893,
      0.11275052548837453,
      -0.059546901167367466,
      -0.11131676046869018
    ],
    [
      -0.031064190192171316,
      0.16758521875282084,
      -0.16036830634047144,
      0.10790524798024548,
      -0.06398458676248336,
      -0.10777432674397672
    ],
    [
      -0.031064190192171316,
      0.16758521875282084,
      -0.16036830634047144,
      0.10790524798024548,
      -0.06398458676248336,
      -0.10777432674397672
    ],
    [
      -0.037013160637571464,
      0.17211745404547735,
      -0.16057546393373087,
      0.10256687289717319,
      -0.06847621512813992,
      -0.10525830228919848
    ],
    [
      -0.037013160637571464,
      0.17211745404547735,
      -0.16057546393373087,
      0.10256687289717319,
      -0.06847621512813992,
      -0.10525830228919848
    ],
    [
      -0.039023203804870794,
      0.1742022823637378,
      -0.159837279003328,
      0.09957781249637714,
      -0.07081713861734196,
      -0.10331100510695204
    ],
    [
      -0.039023203804870794,
      0.1742022823637378,
      -0.159837279003328,
      0.09957781249637714,
      -0.07081713861734196,
      -0.10331100510695204
    ],
    [
      -0.04087199732067987,
      0.1751223098108203,
      -0.1601724447913335,
      0.09635321342332442,
      -0.07280051800214975,
      -0.10286275518932247
    ],
    [
      -0.04087199732067987,
      0.1751223098108203,
      -0.1601724447913335,
      0.09635321342332442,
      -0.07280051800214975,
      -0.10286275518932247
    ]
  ],
  "loss_history": [
    2.397639275096118,
    -0.19505741168680107,
    -0.08745523835389529,
    -0.41578938914868535,
    1.383956834907847,
    1.242903945447498,
    -0.454401231428169,
    0.7754334420501904,
    -0.47869199771032417,
    -1.4969279298944926,
    -0.5838226193338749,
    2.968608389258588,
    -0.8163144826408173,
    -3.593836792898403,
    0.8349238446787722,
    1.5475697313653767,
    1.8427080692685538,
    1.5805644848764706,
    -2.804782070810041,
    0.8431328220692041
  ],
  "grad_norm_history": [
    0.2350414054566915,
    0.2350414054566915,
    0.14976777216438908,
    0.14976777216438908,
    0.6381476645089609,
    0.6381476645089609,
    0.13296337524406526,
    0.13296337524406526,
    0.22395427984932217,
    0.22395427984932217,
    0.4213484829499916,
    0.4213484829499916,
    1.0272108237938309,
    1.0272108237938309,
    0.45116436227148554,
    0.45116436227148554,
    0.47789081080831797,
    0.47789081080831797,
    0.42498848023005165,
    0.42498848023005165
  ],
  "applied_grad_norm_history": [
    0.2350414054566915,
    0.2350414054566915,
    0.14976777216438908,
    0.14976777216438908,
    0.6381476645089609,
    0.6381476645089609,
    0.13296337524406526,
    0.13296337524406526,
    0.22395427984932217,
    0.22395427984932217,
    0.4213484829499916,
    0.4213484829499916,
    0.7499992698682175,
    0.7499992698682175,
    0.45116436227148554,
    0.45116436227148554,
    0.47789081080831797,
    0.47789081080831797,
    0.42498848023005165,
    0.42498848023005165
  ],
  "update_norm_history": [
    0.036742338202395426,
    0.036742338202395426,
    0.022999215880137012,
    0.022999215880137012,
    0.023845887924703168,
    0.023845887924703168,
    0.020712553368511202,
    0.020712553368511202,
    0.010145972391541818,
    0.010145972391541818,
    0.01095572461317239,
    0.01095572461317239,
    0.011023540689566366,
    0.011023540689566366,
    0.010534594123005902,
    0.010534594123005902,
    0.005209421351780938,
    0.005209421351780938,
    0.004348515267030808,
    0.004348515267030808
  ],
  "learning_rate_history": [
    0.015,
    0.015,
    0.015,
    0.015,
    0.015,
    0.015,
    0.0075,
    0.0075,
    0.0075,
    0.0075,
    0.0075,
    0.0075,
    0.0075,
    0.0075,
    0.00375,
    0.00375,
    0.00375,
    0.00375,
    0.002,
    0.002
  ],
  "validation_reward_history": [
    0.75,
    0.75,
    1.2650000000000001,
    1.2650000000000001,
    1.25,
    1.25,
    0.58,
    0.58,
    0.18,
    0.18,
    1.27,
    1.27,
    0.7,
    0.7,
    0.6799999999999999,
    0.6799999999999999,
    0.73,
    0.73,
    0.18,
    0.18
  ],
  "validation_success_history": [
    0.5,
    0.5,
    1.0,
    1.0,
    1.0,
    1.0,
    0.5,
    0.5,
    0.0,
    0.0,
    1.0,
    1.0,
    0.5,
    0.5,
    0.5,
    0.5,
    0.5,
    0.5,
    0.0,
    0.0
  ],