{
  "molecule": "H2",
  "n_seeds": 10,
  "seeds": [
    7,
    9449,
    6251,
    6842,
    8972,
    5783,
    7757,
    8336,
    2252,
    556
  ],
  "distances": [
    0.5,
    0.6,
    0.7,
    0.8,
    0.9,
    1.0,
    1.1,
    1.2,
    1.3,
    1.4,
    1.5,
    1.6,
    1.7,
    1.8,
    1.9,
    2.0,
    2.1,
    2.2,
    2.3,
    2.4,
    2.5
  ],
  "ansatz_names": [
    "UCCSD",
    "EfficientSU2"
  ],
  "speedup_by_ansatz": {
    "UCCSD": {
      "distances": [
        0.5,
        0.6,
        0.7,
        0.8,
        0.9,
        1.0,
        1.1,
        1.2,
        1.3,
        1.4,
        1.5,
        1.6,
        1.7,
        1.8,
        1.9,
        2.0,
        2.1,
        2.2,
        2.3,
        2.4,
        2.5
      ],
      "ansatz": "UCCSD",
      "cold_iterations": [
        38.9,
        46.7,
        44.1,
        40.9,
        56.8,
        43.9,
        48.9,
        42.8,
        41.5,
        45.1,
        45.9,
        48.3,
        43.0,
        45.0,
        42.1,
        46.1,
        38.1,
        44.6,
        50.4,
        44.7,
        43.5
      ],
      "warm_iterations": [
        40.7,
        5.3,
        4.8,
        4.5,
        4.9,
        4.3,
        4.3,
        4.2,
        4.4,
        4.1,
        4.1,
        4.3,
        4.1,
        4.1,
        4.2,
        4.2,
        4.0,
        4.0,
        4.0,
        4.0,
        4.0
      ],
      "speedup_ratio": [
        0.9557739557739556,
        8.811320754716983,
        9.1875,
        9.088888888888889,
        11.591836734693876,
        10.209302325581396,
        11.372093023255815,
        10.19047619047619,
        9.431818181818182,
        11.000000000000002,
        11.195121951219512,
        11.232558139534884,
        10.487804878048781,
        10.975609756097562,
        10.023809523809524,
        10.976190476190476,
        9.525,
        11.15,
        12.6,
        11.175,
        10.875
      ],
      "cold_chem_acc_rate": [
        1.0,
        1.0,
        1.0,
        1.0,
        1.0,
        1.0,
        1.0,
        1.0,
        1.0,
        1.0,
        1.0,
        1.0,
        1.0,
        1.0,
        1.0,
        1.0,
        1.0,
        1.0,
        1.0,
        1.0,
        1.0
      ],
      "warm_chem_acc_rate": [
        1.0,
        1.0,
        1.0,
        1.0,
        1.0,
        1.0,
        1.0,
        1.0,
        1.0,
        1.0,
        1.0,
        1.0,
        1.0,
        1.0,
        1.0,
        1.0,
        1.0,
        1.0,
        1.0,
        1.0,
        1.0
      ],
      "mean_speedup": 10.097862132386004
    },
    "EfficientSU2": {
      "distances": [
        0.5,
        0.6,
        0.7,
        0.8,
        0.9,
        1.0,
        1.1,
        1.2,
        1.3,
        1.4,
        1.5,
        1.6,
        1.7,
        1.8,
        1.9,
        2.0,
        2.1,
        2.2,
        2.3,
        2.4,
        2.5
      ],
      "ansatz": "EfficientSU2",
      "cold_iterations": [
        69.9,
        68.1,
        69.9,
        58.0,
        62.5,
        75.1,
        71.7,
        72.4,
        81.5,
        71.3,
        76.0,
        73.0,
        76.1,
        82.4,
        89.2,
        71.5,
        75.2,
        84.8,
        74.5,
        90.0,
        81.3
      ],
      "warm_iterations": [
        80.0,
        9.9,
        10.1,
        10.4,
        9.2,
        9.3,
        9.5,
        9.1,
        9.1,
        9.3,
        9.4,
        9.1,
        9.1,
        9.0,
        9.1,
        9.1,
        9.1,
        9.1,
        9.0,
        9.2,
        9.2
      ],
      "speedup_ratio": [
        0.87375,
        6.878787878787878,
        6.920792079207922,
        5.576923076923077,
        6.793478260869565,
        8.0752688172043,
        7.5473684210526315,
        7.956043956043957,
        8.956043956043956,
        7.666666666666666,
        8.085106382978724,
        8.021978021978022,
        8.362637362637363,
        9.155555555555557,
        9.802197802197803,
        7.857142857142858,
        8.263736263736265,
        9.31868131868132,
        8.277777777777779,
        9.782608695652174,
        8.83695652173913
      ],
      "cold_chem_acc_rate": [
        1.0,
        1.0,
        1.0,
        1.0,
        1.0,
        1.0,
        1.0,
        1.0,
        1.0,
        1.0,
        1.0,
        1.0,
        1.0,
        1.0,
        1.0,
        1.0,
        1.0,
        1.0,
        1.0,
        1.0,
        1.0
      ],
      "warm_chem_acc_rate": [
        1.0,
        1.0,
        1.0,
        1.0,
        1.0,
        1.0,
        1.0,
        1.0,
        1.0,
        1.0,
        1.0,
        1.0,
        1.0,
        1.0,
        1.0,
        1.0,
        1.0,
        1.0,
        1.0,
        1.0,
        1.0
      ],
      "mean_speedup": 7.762357222517949
    }
  },
  "threshold_hartree": 0.0016,
  "timestamp": "20260504_000603"
}