{
  "molecule": "H2",
  "n_seeds": 1,
  "seeds": [
    7
  ],
  "distances": [
    0.5,
    0.6,
    0.7,
    0.8,
    0.9,
    1.0,
    1.1,
    1.2,
    1.3,
    1.4,
    1.5,
    1.6,
    1.7,
    1.8,
    1.9,
    2.0,
    2.1,
    2.2,
    2.3,
    2.4,
    2.5
  ],
  "ansatz_names": [
    "UCCSD",
    "EfficientSU2"
  ],
  "speedup_by_ansatz": {
    "UCCSD": {
      "distances": [
        0.5,
        0.6,
        0.7,
        0.8,
        0.9,
        1.0,
        1.1,
        1.2,
        1.3,
        1.4,
        1.5,
        1.6,
        1.7,
        1.8,
        1.9,
        2.0,
        2.1,
        2.2,
        2.3,
        2.4,
        2.5
      ],
      "ansatz": "UCCSD",
      "cold_iterations": [
        39.0,
        31.0,
        32.0,
        44.0,
        33.0,
        55.0,
        88.0,
        68.0,
        33.0,
        28.0,
        31.0,
        33.0,
        29.0,
        29.0,
        37.0,
        46.0,
        41.0,
        28.0,
        33.0,
        54.0,
        41.0
      ],
      "warm_iterations": [
        33.0,
        5.0,
        6.0,
        5.0,
        6.0,
        4.0,
        5.0,
        4.0,
        4.0,
        4.0,
        4.0,
        5.0,
        4.0,
        4.0,
        4.0,
        4.0,
        4.0,
        4.0,
        4.0,
        4.0,
        5.0
      ],
      "speedup_ratio": [
        1.1818181818181819,
        6.2,
        5.333333333333333,
        8.8,
        5.5,
        13.75,
        17.6,
        17.0,
        8.25,
        7.0,
        7.75,
        6.6,
        7.25,
        7.25,
        9.25,
        11.5,
        10.25,
        7.0,
        8.25,
        13.5,
        8.2
      ],
      "cold_chem_acc_rate": [
        1.0,
        1.0,
        1.0,
        1.0,
        1.0,
        1.0,
        1.0,
        1.0,
        1.0,
        1.0,
        1.0,
        1.0,
        1.0,
        1.0,
        1.0,
        1.0,
        1.0,
        1.0,
        1.0,
        1.0,
        1.0
      ],
      "warm_chem_acc_rate": [
        1.0,
        1.0,
        1.0,
        1.0,
        1.0,
        1.0,
        1.0,
        1.0,
        1.0,
        1.0,
        1.0,
        1.0,
        1.0,
        1.0,
        1.0,
        1.0,
        1.0,
        1.0,
        1.0,
        1.0,
        1.0
      ],
      "mean_speedup": 8.924531024531024
    },
    "EfficientSU2": {
      "distances": [
        0.5,
        0.6,
        0.7,
        0.8,
        0.9,
        1.0,
        1.1,
        1.2,
        1.3,
        1.4,
        1.5,
        1.6,
        1.7,
        1.8,
        1.9,
        2.0,
        2.1,
        2.2,
        2.3,
        2.4,
        2.5
      ],
      "ansatz": "EfficientSU2",
      "cold_iterations": [
        88.0,
        63.0,
        85.0,
        66.0,
        74.0,
        92.0,
        73.0,
        65.0,
        84.0,
        73.0,
        81.0,
        73.0,
        74.0,
        63.0,
        46.0,
        65.0,
        65.0,
        73.0,
        73.0,
        72.0,
        73.0
      ],
      "warm_iterations": [
        55.0,
        10.0,
        9.0,
        9.0,
        18.0,
        9.0,
        9.0,
        10.0,
        9.0,
        9.0,
        9.0,
        9.0,
        10.0,
        9.0,
        9.0,
        9.0,
        9.0,
        9.0,
        9.0,
        9.0,
        9.0
      ],
      "speedup_ratio": [
        1.6,
        6.3,
        9.444444444444445,
        7.333333333333333,
        4.111111111111111,
        10.222222222222221,
        8.11111111111111,
        6.5,
        9.333333333333334,
        8.11111111111111,
        9.0,
        8.11111111111111,
        7.4,
        7.0,
        5.111111111111111,
        7.222222222222222,
        7.222222222222222,
        8.11111111111111,
        8.11111111111111,
        8.0,
        8.11111111111111
      ],
      "cold_chem_acc_rate": [
        1.0,
        1.0,
        1.0,
        1.0,
        1.0,
        1.0,
        1.0,
        1.0,
        1.0,
        1.0,
        1.0,
        1.0,
        1.0,
        1.0,
        1.0,
        1.0,
        1.0,
        1.0,
        1.0,
        1.0,
        1.0
      ],
      "warm_chem_acc_rate": [
        1.0,
        1.0,
        1.0,
        1.0,
        1.0,
        1.0,
        1.0,
        1.0,
        1.0,
        1.0,
        1.0,
        1.0,
        1.0,
        1.0,
        1.0,
        1.0,
        1.0,
        1.0,
        1.0,
        1.0,
        1.0
      ],
      "mean_speedup": 7.355555555555556
    }
  },
  "threshold_hartree": 0.0016,
  "timestamp": "20260503_234647"
}