{
  "model": "Classical RBF SVM",
  "best_params": null,
  "best_cv_score": null,
  "train_time": 2.200650930404663,
  "metrics": {
    "accuracy": 0.8508415554265816,
    "precision": 0.8302801724137931,
    "recall": 0.885632183908046,
    "f1_score": 0.85706340378198
  },
  "confusion_matrix": [
    [
      1391,
      315
    ],
    [
      199,
      1541
    ]
  ],
  "classification_report": "              precision    recall  f1-score   support\n\n           4       0.87      0.82      0.84      1706\n           9       0.83      0.89      0.86      1740\n\n    accuracy                           0.85      3446\n   macro avg       0.85      0.85      0.85      3446\nweighted avg       0.85      0.85      0.85      3446\n"
}