{
  "config_path": "config\\experiment_config.yaml",
  "dataset": {
    "source": "openml_mnist_784",
    "digits": [
      4,
      9
    ],
    "train_samples": 10336,
    "test_samples": 3446,
    "pca_components": 6
  },
  "classical": {
    "train_info": {
      "params": {
        "C": 1.0,
        "gamma": "scale",
        "kernel": "rbf"
      },
      "train_time": 2.200650930404663
    },
    "metrics": {
      "accuracy": 0.8508415554265816,
      "precision": 0.8302801724137931,
      "recall": 0.885632183908046,
      "f1_score": 0.85706340378198
    }
  },
  "quantum": {
    "train_subset_size": 30,
    "train_info": {
      "train_time": 6.2573559284210205,
      "params": {
        "C": 1.0
      }
    },
    "metrics": {
      "accuracy": 0.687463726059199,
      "precision": 0.6897538637664568,
      "recall": 0.6925287356321839,
      "f1_score": 0.6911385144823631
    },
    "kernel_properties": {
      "shape": [
        30,
        30
      ],
      "is_symmetric": true,
      "is_positive_semidefinite": true,
      "min_eigenvalue": 0.10185598949932533,
      "max_eigenvalue": 4.436815415819405,
      "condition_number": 43.55969086971359,
      "diagonal_mean": 0.9999999999999998,
      "off_diagonal_mean": 0.10760371767241396,
      "off_diagonal_std": 0.11849425127589401,
      "kta": 0.14793398160837518
    }
  },
  "noise": null
}