Model,accuracy,precision,recall,f1_score,train_time
Classical RBF SVM,0.8508415554265816,0.8302801724137931,0.885632183908046,0.85706340378198,2.200650930404663
Exact QSVC,0.687463726059199,0.6897538637664568,0.6925287356321839,0.6911385144823631,6.2573559284210205
Pegasos QSVC,0.7333333333333333,0.6842105263157895,0.8666666666666667,0.7647058823529411,0.16575121879577637
