{
  "seed": 7,
  "mode": "mitigated",
  "episode_rewards": [
    0.12999999999999998,
    0.13,
    1.3,
    0.12999999999999998,
    1.2,
    0.12999999999999998,
    0.12999999999999998,
    1.27,
    1.3,
    -0.07000000000000003,
    1.27,
    0.23,
    0.12999999999999998,
    1.23,
    0.12999999999999998,
    1.3,
    1.13,
    0.12999999999999998,
    -0.07000000000000003,
    0.23
  ],
  "episode_success": [
    false,
    false,
    true,
    false,
    true,
    false,
    false,
    true,
    true,
    false,
    true,
    false,
    false,
    true,
    false,
    true,
    true,
    false,
    false,
    false
  ],
  "episode_lengths": [
    6,
    6,
    5,
    6,
    5,
    6,
    6,
    4,
    5,
    6,
    4,
    6,
    6,
    6,
    6,
    5,
    6,
    6,
    6,
    6
  ],
  "episode_runtime_sec": [
    0.8493319999543019,
    0.9519519999739714,
    0.5695116000133567,
    1.1330258999951184,
    0.6264864999684505,
    1.3534028999856673,
    0.6860337000107393,
    0.797915400005877,
    0.6508840000024065,
    0.9996779999928549,
    0.4452910000109114,
    0.9739202000200748,
    0.7957437000004575,
    1.1165858000167646,
    0.6220515000168234,
    0.7920366000034846,
    0.6926213999977335,
    1.0344242000137456,
    0.618513899971731,
    0.9683257999713533
  ],
  "parameter_history": [
    [
      0.02012301037203435,
      0.049874542408002445,
      -0.04741375908010011,
      -0.06905918853166457,
      -0.025467113101000315,
      -0.11916464925182299
    ],
    [
      0.02012301037203435,
      0.049874542408002445,
      -0.04741375908010011,
      -0.06905918853166457,
      -0.025467113101000315,
      -0.11916464925182299
    ],
    [
      0.025726878931537862,
      0.05163953973349651,
      -0.0635656606429002,
      -0.04936258987810339,
      -0.009580061577207172,
      -0.13742297899981015
    ],
    [
      0.025726878931537862,
      0.05163953973349651,
      -0.0635656606429002,
      -0.04936258987810339,
      -0.009580061577207172,
      -0.13742297899981015
    ],
    [
      0.039003129598132416,
      0.03896694579951625,
      -0.06436134129771594,
      -0.030320974978241537,
      0.007268346654587667,
      -0.15431522612205453
    ],
    [
      0.039003129598132416,
      0.03896694579951625,
      -0.06436134129771594,
      -0.030320974978241537,
      0.007268346654587667,
      -0.15431522612205453
    ],
    [
      0.046711513416760136,
      0.03531284172960602,
      -0.0689424920956739,
      -0.02682902822816715,
      0.01519303162314618,
      -0.16271451519501992
    ],
    [
      0.046711513416760136,
      0.03531284172960602,
      -0.0689424920956739,
      -0.02682902822816715,
      0.01519303162314618,
      -0.16271451519501992
    ],
    [
      0.044827885155658234,
      0.033406069957904995,
      -0.07560557487330999,
      -0.021200705555677265,
      0.023760586473227735,
      -0.17166725987923254
    ],
    [
      0.044827885155658234,
      0.033406069957904995,
      -0.07560557487330999,
      -0.021200705555677265,
      0.023760586473227735,
      -0.17166725987923254
    ],
    [
      0.04458777942128049,
      0.032925562112624006,
      -0.07933777695828255,
      -0.01955574564491231,
      0.027328914516462934,
      -0.17570728329003749
    ],
    [
      0.04458777942128049,
      0.032925562112624006,
      -0.07933777695828255,
      -0.01955574564491231,
      0.027328914516462934,
      -0.17570728329003749
    ],
    [
      0.04407473250846662,
      0.03248358729292145,
      -0.08282983711706174,
      -0.017903555325837123,
      0.02942207314879139,
      -0.17833253024354828
    ],
    [
      0.04407473250846662,
      0.03248358729292145,
      -0.08282983711706174,
      -0.017903555325837123,
      0.02942207314879139,
      -0.17833253024354828
    ],
    [
      0.043680007935268404,
      0.03228008801112174,
      -0.08450432477430911,
      -0.016994317727958216,
      0.030164909564961685,
      -0.17927203634442715
    ],
    [
      0.043680007935268404,
      0.03228008801112174,
      -0.08450432477430911,
      -0.016994317727958216,
      0.030164909564961685,
      -0.17927203634442715
    ],
    [
      0.04381687880681752,
      0.0321935063442007,
      -0.08618632924398101,
      -0.01699261742819619,
      0.031048853955805422,
      -0.18061107163644702
    ],
    [
      0.04381687880681752,
      0.0321935063442007,
      -0.08618632924398101,
      -0.01699261742819619,
      0.031048853955805422,
      -0.18061107163644702
    ],
    [
      0.04331081796281289,
      0.0323053072504285,
      -0.08699881721006292,
      -0.016751314387254367,
      0.03202504513301576,
      -0.18135151014983308
    ],
    [
      0.04331081796281289,
      0.0323053072504285,
      -0.08699881721006292,
      -0.016751314387254367,
      0.03202504513301576,
      -0.18135151014983308
    ]
  ],
  "loss_history": [
    -0.2371844270344094,
    -0.30286000642509975,
    1.0548271943284304,
    -0.6950247187898096,
    2.902285488291819,
    -0.5044108136523695,
    -0.6124973868105714,
    0.920118245631587,
    0.8760290700270267,
    -1.818793968078211,
    0.78406245517948,
    -0.40554649035419266,
    -1.097556437353094,
    1.7583325719254284,
    -0.6922326327781358,
    0.7907116264912266,
    1.6247369465772203,
    -1.7715020642348067,
    -1.398485156952715,
    -0.37587603707359857
  ],
  "grad_norm_history": [
    0.06996347732260828,
    0.06996347732260828,
    0.12905640725239184,
    0.12905640725239184,
    0.527785046149188,
    0.527785046149188,
    0.264034755185708,
    0.264034755185708,
    0.7846555338647206,
    0.7846555338647206,
    0.22129717125756956,
    0.22129717125756956,
    0.1320887306476626,
    0.1320887306476626,
    0.1277240012622152,
    0.1277240012622152,
    0.38201306928419354,
    0.38201306928419354,
    0.6875830308152118,
    0.6875830308152118
  ],
  "applied_grad_norm_history": [
    0.06996347732260828,
    0.06996347732260828,
    0.12905640725239184,
    0.12905640725239184,
    0.527785046149188,
    0.527785046149188,
    0.264034755185708,
    0.264034755185708,
    0.7499990441677759,
    0.7499990441677759,
    0.22129717125756956,
    0.22129717125756956,
    0.1320887306476626,
    0.1320887306476626,
    0.1277240012622152,
    0.1277240012622152,
    0.38201306928419354,
    0.38201306928419354,
    0.6875830308152118,
    0.6875830308152118
  ],
  "update_norm_history": [
    0.048989758827650574,
    0.048989758827650574,
    0.0356247595403946,
    0.0356247595403946,
    0.03562704797286859,
    0.03562704797286859,
    0.01546935619766172,
    0.01546935619766172,
    0.015388734701479693,
    0.015388734701479693,
    0.006780746142434904,
    0.006780746142434904,
    0.005162945913525194,
    0.005162945913525194,
    0.0022939745039619,
    0.0022939745039619,
    0.002330181354942102,
    0.002330181354942102,
    0.0015773900214063716,
    0.0015773900214063716
  ],
  "learning_rate_history": [
    0.02,
    0.02,
    0.02,
    0.02,
    0.01,
    0.01,
    0.01,
    0.01,
    0.005,
    0.005,
    0.005,
    0.005,
    0.0025,
    0.0025,
    0.0025,
    0.0025,
    0.002,
    0.002,
    0.002,
    0.002
  ],
  "validation_reward_history": [
    1.27,
    1.27,
    1.2650000000000001,
    1.2650000000000001,
    0.7,
    0.7,
    0.715,
    0.715,
    0.6799999999999999,
    0.6799999999999999,
    0.7,
    0.7,
    0.75,
    0.75,
    1.27,
    1.27,
    0.6799999999999999,
    0.6799999999999999,
    0.45,
    0.45
  ],
  "validation_success_history": [
    1.0,
    1.0,
    1.0,
    1.0,
    0.5,
    0.5,
    0.5,
    0.5,
    0.5,
    0.5,
    0.5,
    0.5,
    0.5,
    0.5,
    1.0,
    1.0,
    0.5,
    0.5,
    0.5,
    0.5
  ],