Model,accuracy,precision,recall,f1_score,train_time
Classical RBF SVM,0.7666860127684272,0.7836363636363637,0.743103448275862,0.7628318584070797,2.8947603702545166
Exact QSVC,0.6430644225188624,0.6401098901098901,0.6695402298850575,0.6544943820224719,4.075254201889038
Pegasos QSVC,0.8,0.8,0.8,0.8,0.1876368522644043
