{
  "model": "Classical RBF SVM",
  "train_n": 20,
  "best_params": {
    "C": 1,
    "gamma": "scale"
  },
  "best_cv_score": 0.9523809523809524,
  "train_time": 0.11366820335388184,
  "metrics": {
    "accuracy": 0.9560439560439561,
    "precision": 0.9183673469387755,
    "recall": 1.0,
    "f1_score": 0.9574468085106383
  },
  "kta": 0.4503020844696144,
  "ckta": 0.6346393784120264,
  "confusion_matrix": [
    [
      42,
      4
    ],
    [
      0,
      45
    ]
  ],
  "classification_report": "              precision    recall  f1-score   support\n\n           4       1.00      0.91      0.95        46\n           9       0.92      1.00      0.96        45\n\n    accuracy                           0.96        91\n   macro avg       0.96      0.96      0.96        91\nweighted avg       0.96      0.96      0.96        91\n"
}