{
  "config_path": "config\\experiment_config.yaml",
  "dataset": {
    "source": "openml_mnist_784",
    "digits": [
      4,
      9
    ],
    "train_samples_total": 10336,
    "test_samples_total": 3446,
    "train_samples_used_per_model": 20,
    "pca_components": 4,
    "reps": 1
  },
  "classical": {
    "train_info": {
      "params": {
        "C": 1.0,
        "gamma": "scale",
        "kernel": "rbf"
      },
      "train_time": 0.002008676528930664
    },
    "metrics": {
      "accuracy": 0.6436448055716774,
      "precision": 0.6590062111801243,
      "recall": 0.6097701149425288,
      "f1_score": 0.6334328358208955
    },
    "kta": 0.14214750612808713
  },
  "quantum_exact": {
    "train_info": {
      "train_time": 1.7579326629638672,
      "params": {
        "C": 1.0
      }
    },
    "metrics": {
      "accuracy": 0.632617527568195,
      "precision": 0.6399055489964581,
      "recall": 0.6229885057471264,
      "f1_score": 0.6313337216074548
    },
    "kta": 0.13176149642392343,
    "kernel_properties": {
      "shape": [
        20,
        20
      ],
      "is_symmetric": true,
      "is_positive_semidefinite": true,
      "min_eigenvalue": 0.03673652672244985,
      "max_eigenvalue": 4.813488185676723,
      "condition_number": 131.02730756348777,
      "diagonal_mean": 0.9999999999999997,
      "off_diagonal_mean": 0.1895610608552631,
      "off_diagonal_std": 0.16129450555355154
    }
  },
  "pegasos": {
    "train_info": {
      "train_time": 0.2972545623779297,
      "n_support_vectors": null,
      "params": {
        "lambda_param": 0.001,
        "max_iter": 1500,
        "batch_size": 32
      }
    },
    "metrics": {
      "accuracy": 0.65,
      "precision": 0.6363636363636364,
      "recall": 0.7,
      "f1_score": 0.6666666666666666
    },
    "kta": 0.13176149642392343,
    "prediction_distribution": {
      "4": 9,
      "9": 11
    }
  },
  "noise": null
}