{
  "ablation_stats": [
    {
      "dimension": 4,
      "classical_mean_f1": 0.5692777055028602,
      "classical_std_f1": 0.09866333921319335,
      "quantum_mean_f1": 0.6164251207729469,
      "quantum_std_f1": 0.16018845817246538,
      "mean_kta_quantum": 0.1280726251505351,
      "std_kta_quantum": 0.00971768361395556,
      "mean_kta_classical": 0.12562527991552133,
      "std_kta_classical": 0.021756178730834266,
      "significance": {
        "paired_t_test_p_value": 0.43741959617591875,
        "wilcoxon_p_value": 0.5,
        "t_statistic": -0.9623416753812324,
        "w_statistic": 1.0,
        "significant_advantage": false
      }
    },
    {
      "dimension": 6,
      "classical_mean_f1": 0.6414848255588851,
      "classical_std_f1": 0.1446771244434144,
      "quantum_mean_f1": 0.6984126984126983,
      "quantum_std_f1": 0.04489566864676491,
      "mean_kta_quantum": 0.1875747950077538,
      "std_kta_quantum": 0.009060347176000577,
      "mean_kta_classical": 0.16610598013380087,
      "std_kta_classical": 0.024891157363105047,
      "significance": {
        "paired_t_test_p_value": 0.5957964354909427,
        "wilcoxon_p_value": 0.75,
        "t_statistic": -0.6249584594085474,
        "w_statistic": 2.0,
        "significant_advantage": false
      }
    },
    {
      "dimension": 8,
      "classical_mean_f1": 0.6840343660953829,
      "classical_std_f1": 0.1698140186168638,
      "quantum_mean_f1": 0.8122807017543859,
      "quantum_std_f1": 0.06717259550553212,
      "mean_kta_quantum": 0.22704927156169574,
      "std_kta_quantum": 0.004176266917292404,
      "mean_kta_classical": 0.18318405057366316,
      "std_kta_classical": 0.028252202370793872,
      "significance": {
        "paired_t_test_p_value": 0.4115473054371939,
        "wilcoxon_p_value": 0.5,
        "t_statistic": -1.0292705093752763,
        "w_statistic": 1.0,
        "significant_advantage": false
      }
    }
  ]
}