{
  "best_pca_dim": 8,
  "depth_stats": [
    {
      "reps": 1,
      "mean_f1": 0.862962962962963,
      "std_f1": 0.044752022124424314,
      "mean_kta": 0.225138240906949,
      "std_kta": 0.0066337460200586095
    },
    {
      "reps": 2,
      "mean_f1": 0.7997493734335839,
      "std_f1": 0.07080011974334781,
      "mean_kta": 0.22853720399287744,
      "std_kta": 0.002702317779098818
    },
    {
      "reps": 3,
      "mean_f1": 0.6877192982456141,
      "std_f1": 0.07939444560691064,
      "mean_kta": 0.22635501520845966,
      "std_kta": 0.0010782218690212344
    }
  ]
}