{
  "seed": 7,
  "mode": "mitigated",
  "episode_rewards": [
    0.12999999999999998,
    0.13,
    1.3,
    0.12999999999999998,
    1.2,
    0.12999999999999998,
    0.12999999999999998,
    1.27,
    1.23,
    0.12999999999999998,
    1.27,
    0.12999999999999998,
    0.12999999999999998,
    1.03,
    0.13,
    -0.07000000000000003,
    0.23,
    0.12999999999999998,
    1.23,
    0.12999999999999998
  ],
  "episode_success": [
    false,
    false,
    true,
    false,
    true,
    false,
    false,
    true,
    true,
    false,
    true,
    false,
    false,
    true,
    false,
    false,
    false,
    false,
    true,
    false
  ],
  "episode_lengths": [
    6,
    6,
    5,
    6,
    5,
    6,
    6,
    4,
    6,
    6,
    4,
    6,
    6,
    6,
    6,
    6,
    6,
    6,
    6,
    6
  ],
  "episode_runtime_sec": [
    0.3895390999969095,
    0.31580410001333803,
    0.17332620004890487,
    0.5741046000039205,
    0.1882447000243701,
    0.34745940001448616,
    0.2243948999675922,
    0.2778558999998495,
    0.22733979998156428,
    0.33604289998766035,
    0.15278970001963899,
    0.33817080000881106,
    0.21572869998635724,
    0.39127259998349473,
    0.2212803000002168,
    0.3492936000111513,
    0.22064950002823025,
    0.3630511999945156,
    0.21880530001362786,
    0.3802974999998696
  ],
  "parameter_history": [
    [
      0.02012300561909072,
      0.049874477836997375,
      -0.007413860082427049,
      -0.06905919523774015,
      -0.025467101834544297,
      -0.11916464514190392
    ],
    [
      0.02012300561909072,
      0.049874477836997375,
      -0.007413860082427049,
      -0.06905919523774015,
      -0.025467101834544297,
      -0.11916464514190392
    ],
    [
      0.008944108516117964,
      0.06587895804821886,
      -0.021249932812070937,
      -0.07226185661493147,
      -0.00808397036182407,
      -0.13752363350303884
    ],
    [
      0.008944108516117964,
      0.06587895804821886,
      -0.021249932812070937,
      -0.07226185661493147,
      -0.00808397036182407,
      -0.13752363350303884
    ],
    [
      0.01835296199551153,
      0.0836351664194174,
      -0.037430595870932934,
      -0.06050650881631253,
      0.00820419134326544,
      -0.15638129063817696
    ],
    [
      0.01835296199551153,
      0.0836351664194174,
      -0.037430595870932934,
      -0.06050650881631253,
      0.00820419134326544,
      -0.15638129063817696
    ],
    [
      0.03150033182460836,
      0.09837999026954002,
      -0.05468456568721983,
      -0.05805270431855854,
      0.02428664590699177,
      -0.175709054706292
    ],
    [
      0.03150033182460836,
      0.09837999026954002,
      -0.05468456568721983,
      -0.05805270431855854,
      0.02428664590699177,
      -0.175709054706292
    ],
    [
      0.038186220542744245,
      0.10175497020665406,
      -0.062418766641824594,
      -0.05934166302506736,
      0.03132217321887508,
      -0.1848642614517081
    ],
    [
      0.038186220542744245,
      0.10175497020665406,
      -0.062418766641824594,
      -0.05934166302506736,
      0.03132217321887508,
      -0.1848642614517081
    ],
    [
      0.04596157169189922,
      0.10697032956232629,
      -0.06814856418527607,
      -0.05861264307929026,
      0.03899206177959888,
      -0.19360267294913028
    ],
    [
      0.04596157169189922,
      0.10697032956232629,
      -0.06814856418527607,
      -0.05861264307929026,
      0.03899206177959888,
      -0.19360267294913028
    ],
    [
      0.05015572668683923,
      0.10995491370146039,
      -0.071678602396185,
      -0.0604357767007721,
      0.04227366180280144,
      -0.19818069970704696
    ],
    [
      0.05015572668683923,
      0.10995491370146039,
      -0.071678602396185,
      -0.0604357767007721,
      0.04227366180280144,
      -0.19818069970704696
    ],
    [
      0.05230771669574712,
      0.11117548390515883,
      -0.07351794211299362,
      -0.06027707698072692,
      0.045558909801158065,
      -0.2018522365524959
    ],
    [
      0.05230771669574712,
      0.11117548390515883,
      -0.07351794211299362,
      -0.06027707698072692,
      0.045558909801158065,
      -0.2018522365524959
    ],
    [
      0.053469483919026894,
      0.11123420171380434,
      -0.07473348858556526,
      -0.059833271991448264,
      0.0467781896804848,
      -0.20347596145065677
    ],
    [
      0.053469483919026894,
      0.11123420171380434,
      -0.07473348858556526,
      -0.059833271991448264,
      0.0467781896804848,
      -0.20347596145065677
    ],
    [
      0.054506208867075454,
      0.11118565983428808,
      -0.0760626872410438,
      -0.05942822690557419,
      0.04796457660302561,
      -0.20499770290755012
    ],
    [
      0.054506208867075454,
      0.11118565983428808,
      -0.0760626872410438,
      -0.05942822690557419,
      0.04796457660302561,
      -0.20499770290755012
    ]
  ],
  "loss_history": [
    -0.22128934127859234,
    -0.29605222052889224,
    1.1101539686429345,
    -0.5704070324626689,
    2.807661843073586,
    -0.4945783197936239,
    -0.5916993568950427,
    0.7620686384891698,
    2.120745738065738,
    -1.0092332084371893,
    0.6426698357585451,
    -1.2798132516506306,
    -1.6137325031583558,
    1.9929079513123695,
    -0.9208573708558986,
    -1.1376638566431019,
    -0.42468013019019146,
    -1.1663866274848158,
    0.9796567814378929,
    -0.7052665125959612
  ],
  "grad_norm_history": [
    0.034555329245270515,
    0.034555329245270515,
    0.11954383769662678,
    0.11954383769662678,
    0.32321768434691184,
    0.32321768434691184,
    0.2318330320459417,
    0.2318330320459417,
    0.10598182850455896,
    0.10598182850455896,
    0.37907364358179024,
    0.37907364358179024,
    0.5448937738433097,
    0.5448937738433097,
    0.3969469131057372,
    0.3969469131057372,
    0.18786229334437302,
    0.18786229334437302,
    0.047872011131205046,
    0.047872011131205046
  ],
  "applied_grad_norm_history": [
    0.034555329245270515,
    0.034555329245270515,
    0.11954383769662678,
    0.11954383769662678,
    0.32321768434691184,
    0.32321768434691184,
    0.2318330320459417,
    0.2318330320459417,
    0.10598182850455896,
    0.10598182850455896,
    0.37907364358179024,
    0.37907364358179024,
    0.5448937738433097,
    0.5448937738433097,
    0.3969469131057372,
    0.3969469131057372,
    0.18786229334437302,
    0.18786229334437302,
    0.047872011131205046,
    0.047872011131205046
  ],
  "update_norm_history": [
    0.04898971107751721,
    0.04898971107751721,
    0.03495755696826289,
    0.03495755696826289,
    0.037745555536600646,
    0.037745555536600646,
    0.0364169136994854,
    0.0364169136994854,
    0.015839423335086457,
    0.015839423335086457,
    0.016006409175825444,
    0.016006409175825444,
    0.008602958345004926,
    0.008602958345004926,
    0.005813969903066508,
    0.005813969903066508,
    0.002674096656193991,
    0.002674096656193991,
    0.002594454954493081,
    0.002594454954493081
  ],
  "learning_rate_history": [
    0.02,
    0.02,
    0.02,
    0.02,
    0.02,
    0.02,
    0.01,
    0.01,
    0.01,
    0.01,
    0.005,
    0.005,
    0.005,
    0.005,
    0.0025,
    0.0025,
    0.0025,
    0.0025,
    0.002,
    0.002
  ],
  "validation_reward_history": [
    1.25,
    1.25,
    1.2650000000000001,
    1.2650000000000001,
    0.7,
    0.7,
    0.715,
    0.715,
    0.6799999999999999,
    0.6799999999999999,
    0.7,
    0.7,
    0.75,
    0.75,
    0.6649999999999999,
    0.6649999999999999,
    0.6799999999999999,
    0.6799999999999999,
    0.565,
    0.565
  ],
  "validation_success_history": [
    1.0,
    1.0,
    1.0,
    1.0,
    0.5,
    0.5,
    0.5,
    0.5,
    0.5,
    0.5,
    0.5,
    0.5,
    0.5,
    0.5,
    0.5,
    0.5,
    0.5,
    0.5,
    0.5,
    0.5
  ],