{
  "seed": 21,
  "mode": "ideal",
  "episode_rewards": [
    1.23,
    1.26,
    1.26,
    1.26,
    1.27,
    1.27,
    0.08999999999999997,
    1.23,
    1.19,
    1.13,
    1.3,
    1.3,
    0.09,
    1.2,
    1.27,
    1.03,
    1.27,
    1.03,
    1.23,
    1.23
  ],
  "episode_success": [
    true,
    true,
    true,
    true,
    true,
    true,
    false,
    true,
    true,
    true,
    true,
    true,
    false,
    true,
    true,
    true,
    true,
    true,
    true,
    true
  ],
  "episode_lengths": [
    6,
    7,
    7,
    7,
    4,
    4,
    8,
    6,
    8,
    6,
    5,
    5,
    8,
    5,
    4,
    6,
    4,
    6,
    6,
    6
  ],
  "episode_runtime_sec": [
    0.11658049997640774,
    0.20877299999119714,
    0.14532900002086535,
    0.22084610001184046,
    0.08574010001029819,
    0.14085780002642423,
    0.16985100001329556,
    0.6203331000288017,
    0.17158739996375516,
    0.2251067000324838,
    0.11271760001545772,
    0.1536686000181362,
    0.18203000002540648,
    0.18261279998114333,
    0.09201139997458085,
    0.21325000002980232,
    0.0833112999680452,
    0.21190110000316054,
    0.12322269997093827,
    0.19672369997715577
  ],
  "parameter_history": [
    [
      0.015877341321744804,
      0.17106769705286065,
      -0.19863312241233733,
      0.14866135125376928,
      0.015268277614019506,
      -0.05999786260853977
    ],
    [
      0.015877341321744804,
      0.17106769705286065,
      -0.19863312241233733,
      0.14866135125376928,
      0.015268277614019506,
      -0.05999786260853977
    ],
    [
      -0.0037865735795514707,
      0.1599711422536102,
      -0.21857235431023375,
      0.12932002806058066,
      0.03517431794052924,
      -0.03998850176963595
    ],
    [
      -0.0037865735795514707,
      0.1599711422536102,
      -0.21857235431023375,
      0.12932002806058066,
      0.03517431794052924,
      -0.03998850176963595
    ],
    [
      -0.01728397110365692,
      0.14792540388892594,
      -0.2316433778192433,
      0.11000494373173736,
      0.048850959837063196,
      -0.03191776635470915
    ],
    [
      -0.01728397110365692,
      0.14792540388892594,
      -0.2316433778192433,
      0.11000494373173736,
      0.048850959837063196,
      -0.03191776635470915
    ],
    [
      -0.020440498314890723,
      0.1514408410740194,
      -0.23561932606399524,
      0.10074789666449514,
      0.05280905984208201,
      -0.027006412362234677
    ],
    [
      -0.020440498314890723,
      0.1514408410740194,
      -0.23561932606399524,
      0.10074789666449514,
      0.05280905984208201,
      -0.027006412362234677
    ],
    [
      -0.023191205770245714,
      0.1573696571103257,
      -0.24184929555716636,
      0.09181103023435126,
      0.05543371289012012,
      -0.02015162569574081
    ],
    [
      -0.023191205770245714,
      0.1573696571103257,
      -0.24184929555716636,
      0.09181103023435126,
      0.05543371289012012,
      -0.02015162569574081
    ],
    [
      -0.024885849612512872,
      0.16102077175284737,
      -0.24414067875419887,
      0.08737936835090065,
      0.055558207649579076,
      -0.016817345277699503
    ],
    [
      -0.024885849612512872,
      0.16102077175284737,
      -0.24414067875419887,
      0.08737936835090065,
      0.055558207649579076,
      -0.016817345277699503
    ],
    [
      -0.024386078570236606,
      0.1650687993460093,
      -0.24516588465845343,
      0.08296999681452316,
      0.054578263652928935,
      -0.014012563680973377
    ],
    [
      -0.024386078570236606,
      0.1650687993460093,
      -0.24516588465845343,
      0.08296999681452316,
      0.054578263652928935,
      -0.014012563680973377
    ],
    [
      -0.02396177032235345,
      0.16878711784061165,
      -0.24626336035664645,
      0.07896944697681534,
      0.053724271941547226,
      -0.011804274106541692
    ],
    [
      -0.02396177032235345,
      0.16878711784061165,
      -0.24626336035664645,
      0.07896944697681534,
      0.053724271941547226,
      -0.011804274106541692
    ],
    [
      -0.023946280257097923,
      0.1692908156552319,
      -0.2471551242011209,
      0.07709082486151425,
      0.05309939617879058,
      -0.010331779039899375
    ],
    [
      -0.023946280257097923,
      0.1692908156552319,
      -0.2471551242011209,
      0.07709082486151425,
      0.05309939617879058,
      -0.010331779039899375
    ],
    [
      -0.02387025079887974,
      0.1699544078028421,
      -0.24803511255174918,
      0.07531678235051543,
      0.052615586812983416,
      -0.00892367531426412
    ],
    [
      -0.02387025079887974,
      0.1699544078028421,
      -0.24803511255174918,
      0.07531678235051543,
      0.052615586812983416,
      -0.00892367531426412
    ]
  ],
  "loss_history": [
    0.7904128391870984,
    1.8902945831917524,
    1.6680989498392698,
    0.9283873282835484,
    0.34740729691832156,
    0.3114425562702405,
    -1.301393743510868,
    0.5786119770208697,
    1.902207810549673,
    1.7699169358298412,
    0.3802049420390863,
    0.3405538801590403,
    -2.10122606585608,
    0.2627481892035419,
    0.5069636298460978,
    0.6864617268819982,
    1.3432634580284535,
    0.5253396807103569,
    0.3008307055738407,
    0.4079027761814152
  ],
  "grad_norm_history": [
    0.6844765128892614,
    0.6844765128892614,
    1.032250662117294,
    1.032250662117294,
    0.36697429729823405,
    0.36697429729823405,
    0.36528152303767936,
    0.36528152303767936,
    0.3127527629261245,
    0.3127527629261245,
    0.31100120833491957,
    0.31100120833491957,
    0.8156784025375362,
    0.8156784025375362,
    0.050681146300457974,
    0.050681146300457974,
    0.2748564024910386,
    0.2748564024910386,
    0.10510825727942613,
    0.10510825727942613
  ],
  "applied_grad_norm_history": [
    0.6844765128892614,
    0.6844765128892614,
    0.7499992734329937,
    0.7499992734329937,
    0.36697429729823405,
    0.36697429729823405,
    0.36528152303767936,
    0.36528152303767936,
    0.3127527629261245,
    0.3127527629261245,
    0.31100120833491957,
    0.31100120833491957,
    0.7499990805210998,
    0.7499990805210998,
    0.050681146300457974,
    0.050681146300457974,
    0.2748564024910386,
    0.2748564024910386,
    0.10510825727942613,
    0.10510825727942613
  ],
  "update_norm_history": [
    0.048989777982687124,
    0.048989777982687124,
    0.045586048215015815,
    0.045586048215015815,
    0.03351702544351667,
    0.03351702544351667,
    0.01279105160558763,
    0.01279105160558763,
    0.014672227385066707,
    0.014672227385066707,
    0.007226717425021447,
    0.007226717425021447,
    0.006779158725353524,
    0.006779158725353524,
    0.006068000207340497,
    0.006068000207340497,
    0.0026715401320496165,
    0.0026715401320496165,
    0.0025660414941208426,
    0.0025660414941208426
  ],
  "learning_rate_history": [
    0.02,
    0.02,
    0.02,
    0.02,
    0.01,
    0.01,
    0.01,
    0.01,
    0.005,
    0.005,
    0.005,
    0.005,
    0.005,
    0.005,
    0.0025,
    0.0025,
    0.0025,
    0.0025,
    0.002,
    0.002
  ],
  "validation_reward_history": [
    1.25,
    1.25,
    1.245,
    1.245,
    1.25,
    1.25,
    1.13,
    1.13,
    0.5599999999999999,
    0.5599999999999999,
    1.27,
    1.27,
    0.6799999999999999,
    0.6799999999999999,
    0.6799999999999999,
    0.6799999999999999,
    -0.16,
    -0.16,
    0.71,
    0.71
  ],
  "validation_success_history": [
    1.0,
    1.0,
    1.0,
    1.0,
    1.0,
    1.0,
    1.0,
    1.0,
    0.5,
    0.5,
    1.0,
    1.0,
    0.5,
    0.5,
    0.5,
    0.5,
    0.0,
    0.0,
    0.5,
    0.5
  ],
  "optimizer_clipped_history": [
    false,
    false,
    true,
    true,
    false,
    false,
    false,
    false,
    false,
    false,
    false,
    false,
    true,
    true,
    false,
    false,
    false,
    false,
    false,
    false
  ],
  "total_runtime_sec": 3.6577697999891825,