{
  "seed": 21,
  "mode": "mitigated",
  "episode_rewards": [
    1.16,
    0.18999999999999997,
    0.19,
    1.27,
    1.19,
    1.27,
    1.3,
    1.26,
    -0.9100000000000001,
    0.08999999999999997,
    0.08999999999999997,
    0.08999999999999997,
    1.27,
    1.16,
    -0.010000000000000037,
    1.16,
    1.03,
    1.26,
    0.08999999999999997,
    0.08999999999999997
  ],
  "episode_success": [
    true,
    false,
    false,
    true,
    true,
    true,
    true,
    true,
    false,
    false,
    false,
    false,
    true,
    true,
    false,
    true,
    true,
    true,
    false,
    false
  ],
  "episode_lengths": [
    7,
    8,
    8,
    4,
    8,
    4,
    5,
    7,
    8,
    8,
    8,
    8,
    4,
    7,
    8,
    7,
    6,
    7,
    8,
    8
  ],
  "episode_runtime_sec": [
    0.9602111999993213,
    1.5913216000190005,
    0.8586814000154845,
    0.9408144999761134,
    0.8273400000180118,
    0.7639398999745026,
    0.5321203999919817,
    1.2804025000077672,
    0.8728313999599777,
    1.4029322999995202,
    0.9039810000103898,
    1.276165800052695,
    0.45707709999987856,
    1.2547629000036977,
    0.8206640999997035,
    1.3595239999704063,
    0.6275214999914169,
    1.1993615999817848,
    0.8262804999831133,
    1.3748347000218928
  ],
  "parameter_history": [
    [
      0.01587734160682413,
      0.1310677357683393,
      -0.15863312442730831,
      0.18866135044854201,
      0.015268278089520092,
      -0.09999785782057871
    ],
    [
      0.01587734160682413,
      0.1310677357683393,
      -0.15863312442730831,
      0.18866135044854201,
      0.015268278089520092,
      -0.09999785782057871
    ],
    [
      -0.0008612932265133211,
      0.14058351472548114,
      -0.14918376913832798,
      0.1930081964927488,
      0.0308793493454659,
      -0.11525244032532347
    ],
    [
      -0.0008612932265133211,
      0.14058351472548114,
      -0.14918376913832798,
      0.1930081964927488,
      0.0308793493454659,
      -0.11525244032532347
    ],
    [
      -0.01822087842214944,
      0.14341414464983845,
      -0.1532628096803749,
      0.18704910933544383,
      0.04275731984761082,
      -0.127640396888031
    ],
    [
      -0.01822087842214944,
      0.14341414464983845,
      -0.1532628096803749,
      0.18704910933544383,
      0.04275731984761082,
      -0.127640396888031
    ],
    [
      -0.03649746555830685,
      0.15450427656063817,
      -0.15596384138822678,
      0.17672147579879985,
      0.04774028173633654,
      -0.13710158670908265
    ],
    [
      -0.03649746555830685,
      0.15450427656063817,
      -0.15596384138822678,
      0.17672147579879985,
      0.04774028173633654,
      -0.13710158670908265
    ],
    [
      -0.055230106730535466,
      0.16539088020374942,
      -0.1606095533523992,
      0.1664533102550854,
      0.04749362183161555,
      -0.1444287005282459
    ],
    [
      -0.055230106730535466,
      0.16539088020374942,
      -0.1606095533523992,
      0.1664533102550854,
      0.04749362183161555,
      -0.1444287005282459
    ],
    [
      -0.06208799839770273,
      0.17139493391221294,
      -0.16076621952017978,
      0.16131169581788377,
      0.04758753660374085,
      -0.14603836022623834
    ],
    [
      -0.06208799839770273,
      0.17139493391221294,
      -0.16076621952017978,
      0.16131169581788377,
      0.04758753660374085,
      -0.14603836022623834
    ],
    [
      -0.06609267575995349,
      0.17815365581423187,
      -0.15959697175922796,
      0.15672180654821546,
      0.04798068825946396,
      -0.14673420598215423
    ],
    [
      -0.06609267575995349,
      0.17815365581423187,
      -0.15959697175922796,
      0.15672180654821546,
      0.04798068825946396,
      -0.14673420598215423
    ],
    [
      -0.06860287412301444,
      0.18457851007983414,
      -0.16096956012268385,
      0.15070787769567928,
      0.04450069222119244,
      -0.14510458975123353
    ],
    [
      -0.06860287412301444,
      0.18457851007983414,
      -0.16096956012268385,
      0.15070787769567928,
      0.04450069222119244,
      -0.14510458975123353
    ],
    [
      -0.07008402638973592,
      0.18818484894006474,
      -0.16139011542216378,
      0.14739194033301597,
      0.042552162527580525,
      -0.14390832558613698
    ],
    [
      -0.07008402638973592,
      0.18818484894006474,
      -0.16139011542216378,
      0.14739194033301597,
      0.042552162527580525,
      -0.14390832558613698
    ],
    [
      -0.0716457339192436,
      0.1907723946464588,
      -0.16106799691004808,
      0.144457380787903,
      0.04106092865519251,
      -0.14363131925701902
    ],
    [
      -0.0716457339192436,
      0.1907723946464588,
      -0.16106799691004808,
      0.144457380787903,
      0.04106092865519251,
      -0.14363131925701902
    ]
  ],
  "loss_history": [
    4.131299109404136,
    -0.05363566749084476,
    -0.38732060286679815,
    0.8634981544515288,
    3.8027471403064217,
    1.974711219097557,
    0.8127647042650453,
    2.183988982956265,
    -4.360071964752224,
    -1.627642309797312,
    -1.5463244409208643,
    -1.2970048163364734,
    0.5951657279730296,
    2.3385910598557316,
    -3.7845948211934473,
    3.9937336042366867,
    0.9301561366086063,
    1.5915574078026629,
    -1.5509433310893563,
    -1.4058324006992908
  ],
  "grad_norm_history": [
    1.1088744285679535,
    1.1088744285679535,
    0.3147727393240105,
    0.3147727393240105,
    0.9012691382278869,
    0.9012691382278869,
    0.7528966898685159,
    0.7528966898685159,
    2.194280470101545,
    2.194280470101545,
    0.31794211670464034,
    0.31794211670464034,
    0.4078676889332714,
    0.4078676889332714,
    3.2534822117980804,
    3.2534822117980804,
    0.43371844658658104,
    0.43371844658658104,
    0.25020339091084637,
    0.25020339091084637
  ],
  "applied_grad_norm_history": [
    0.7499993236390845,
    0.7499993236390845,
    0.3147727393240105,
    0.3147727393240105,
    0.7499991678410631,
    0.7499991678410631,
    0.7499990038487168,
    0.7499990038487168,
    0.7499996582024637,
    0.7499996582024637,
    0.31794211670464034,
    0.31794211670464034,
    0.4078676889332714,
    0.4078676889332714,
    0.749999769477833,
    0.749999769477833,
    0.43371844658658104,
    0.43371844658658104,
    0.25020339091084637,
    0.25020339091084637
  ],
  "update_norm_history": [
    0.048989791513558555,
    0.048989791513558555,
    0.030908334867907405,
    0.030908334867907405,
    0.02561375814820208,
    0.02561375814820208,
    0.0261786988200902,
    0.0261786988200902,
    0.025498927143792302,
    0.025498927143792302,
    0.010589613151076312,
    0.010589613151076312,
    0.009208189610302618,
    0.009208189610302618,
    0.010019840752300849,
    0.010019840752300849,
    0.005621353510021596,
    0.005621353510021596,
    0.004488901226201063,
    0.004488901226201063
  ],
  "learning_rate_history": [
    0.02,
    0.02,
    0.02,
    0.02,
    0.02,
    0.02,
    0.02,
    0.02,
    0.01,
    0.01,
    0.01,
    0.01,
    0.01,
    0.01,
    0.005,
    0.005,
    0.005,
    0.005,
    0.0025,
    0.0025
  ],
  "validation_reward_history": [
    0.69,
    0.69,
    1.245,
    1.245,
    1.25,
    1.25,
    0.73,
    0.73,
    0.5599999999999999,
    0.5599999999999999,
    1.27,
    1.27,
    0.6399999999999999,
    0.6399999999999999,
    0.08999999999999997,
    0.08999999999999997,
    0.525,
    0.525,
    0.71,
    0.71
  ],
  "validation_success_history": [
    0.5,
    0.5,
    1.0,
    1.0,
    1.0,
    1.0,
    0.5,
    0.5,
    0.5,
    0.5,
    1.0,
    1.0,
    0.5,
    0.5,
    0.0,
    0.0,
    0.5,
    0.5,
    0.5,
    0.5
  ],
  "optimizer_clipped_history": [
    true,
    true,
    false,
    false,
    true,
    true,
    true,
    true,
    true,
    true,
    false,
    false,
    false,
    false,
    true,
    true,
    false,
    false,
    false,
    false
  ],