{
  "seed": 21,
  "mode": "noisy",
  "episode_rewards": [
    1.16,
    0.18999999999999997,
    0.19,
    1.27,
    1.19,
    1.27,
    1.3,
    0.99,
    -0.4100000000000001,
    1.19,
    0.18999999999999997,
    -0.010000000000000037,
    1.3,
    1.3,
    -0.21000000000000005,
    1.16,
    1.03,
    1.26,
    -0.4100000000000001,
    0.08999999999999997
  ],
  "episode_success": [
    true,
    false,
    false,
    true,
    true,
    true,
    true,
    true,
    false,
    true,
    false,
    false,
    true,
    true,
    false,
    true,
    true,
    true,
    false,
    false
  ],
  "episode_lengths": [
    7,
    8,
    8,
    4,
    8,
    4,
    5,
    8,
    8,
    8,
    8,
    8,
    5,
    5,
    8,
    7,
    6,
    7,
    8,
    8
  ],
  "episode_runtime_sec": [
    0.41554070002166554,
    0.37770869996165857,
    0.2633682999876328,
    0.28193140000803396,
    0.25354669999796897,
    0.2628238999750465,
    0.16834500001277775,
    0.6165542000089772,
    0.33135250001214445,
    0.45711140002822503,
    0.2715239000390284,
    0.3720649000024423,
    0.1808653000043705,
    0.27120919997105375,
    0.256180000025779,
    0.3921617000014521,
    0.200378300040029,
    0.40353830001549795,
    0.25444119999883696,
    0.44366739998804405
  ],
  "parameter_history": [
    [
      0.015877341637525317,
      0.13106773285295312,
      -0.15863312442802824,
      0.1886613505001844,
      0.015268278074044402,
      -0.09999785738627612
    ],
    [
      0.015877341637525317,
      0.13106773285295312,
      -0.15863312442802824,
      0.1886613505001844,
      0.015268278074044402,
      -0.09999785738627612
    ],
    [
      0.0019486044241090149,
      0.12674296561486736,
      -0.14677261864139055,
      0.196117158232365,
      0.029009148589797744,
      -0.11409207284474635
    ],
    [
      0.0019486044241090149,
      0.12674296561486736,
      -0.14677261864139055,
      0.196117158232365,
      0.029009148589797744,
      -0.11409207284474635
    ],
    [
      -0.01465923924794716,
      0.11574049485822041,
      -0.14564881016571304,
      0.1934489299284361,
      0.03995559196374231,
      -0.1274604641228851
    ],
    [
      -0.01465923924794716,
      0.11574049485822041,
      -0.14564881016571304,
      0.1934489299284361,
      0.03995559196374231,
      -0.1274604641228851
    ],
    [
      -0.021810059768577406,
      0.11404382232255873,
      -0.14570198055741035,
      0.19086848418310984,
      0.044226082881305695,
      -0.13056090590878094
    ],
    [
      -0.021810059768577406,
      0.11404382232255873,
      -0.14570198055741035,
      0.19086848418310984,
      0.044226082881305695,
      -0.13056090590878094
    ],
    [
      -0.024316541627601575,
      0.11140041124848143,
      -0.14577250862014873,
      0.19057998167675058,
      0.04973896135091117,
      -0.13514211557766526
    ],
    [
      -0.024316541627601575,
      0.11140041124848143,
      -0.14577250862014873,
      0.19057998167675058,
      0.04973896135091117,
      -0.13514211557766526
    ],
    [
      -0.024747638719270704,
      0.11007050113676768,
      -0.14493998783795178,
      0.19011828298126537,
      0.05212390340020488,
      -0.1377533114791021
    ],
    [
      -0.024747638719270704,
      0.11007050113676768,
      -0.14493998783795178,
      0.19011828298126537,
      0.05212390340020488,
      -0.1377533114791021
    ],
    [
      -0.024206672017977226,
      0.11034206981036458,
      -0.14425675277713568,
      0.1898385962609684,
      0.0542958709887416,
      -0.1405258178378449
    ],
    [
      -0.024206672017977226,
      0.11034206981036458,
      -0.14425675277713568,
      0.1898385962609684,
      0.0542958709887416,
      -0.1405258178378449
    ],
    [
      -0.02561866235681121,
      0.11153469557045809,
      -0.1436817144797032,
      0.1883056809895909,
      0.05547190350668309,
      -0.14200295286467413
    ],
    [
      -0.02561866235681121,
      0.11153469557045809,
      -0.1436817144797032,
      0.1883056809895909,
      0.05547190350668309,
      -0.14200295286467413
    ],
    [
      -0.026581790660957817,
      0.11249717108509183,
      -0.14325098999278155,
      0.18720882131034822,
      0.055772117318112505,
      -0.14241518032142386
    ],
    [
      -0.026581790660957817,
      0.11249717108509183,
      -0.14325098999278155,
      0.18720882131034822,
      0.055772117318112505,
      -0.14241518032142386
    ],
    [
      -0.02768183188098689,
      0.1134501964085218,
      -0.14260544086548996,
      0.1864285067218597,
      0.05654256028819331,
      -0.14323802281811687
    ],
    [
      -0.02768183188098689,
      0.1134501964085218,
      -0.14260544086548996,
      0.1864285067218597,
      0.05654256028819331,
      -0.14323802281811687
    ]
  ],
  "loss_history": [
    4.256992356245841,
    -0.05878251192785854,
    -0.3735956945754181,
    0.8811539061028707,
    3.466272849853905,
    1.7167010444785118,
    1.0608073786398098,
    3.93726078465754,
    -1.2598726070941482,
    3.450174423302636,
    -1.4074488527790694,
    -3.612038230820102,
    0.9477412068245661,
    1.82075059747631,
    -3.1568177859254596,
    3.3203725466118055,
    0.9729424864722567,
    1.6148782575011265,
    -3.4989850763033563,
    -1.885886230729661
  ],
  "grad_norm_history": [
    0.8188546494157849,
    0.8188546494157849,
    0.21013534071776208,
    0.21013534071776208,
    0.5819446380491821,
    0.5819446380491821,
    0.22163053305941025,
    0.22163053305941025,
    0.38844480173710616,
    0.38844480173710616,
    0.20796599676595515,
    0.20796599676595515,
    0.22609290972287063,
    0.22609290972287063,
    0.7761790871978456,
    0.7761790871978456,
    0.4721688387246813,
    0.4721688387246813,
    0.31792910845030936,
    0.31792910845030936
  ],
  "applied_grad_norm_history": [
    0.7499990840876526,
    0.7499990840876526,
    0.21013534071776208,
    0.21013534071776208,
    0.5819446380491821,
    0.5819446380491821,
    0.22163053305941025,
    0.22163053305941025,
    0.38844480173710616,
    0.38844480173710616,
    0.20796599676595515,
    0.20796599676595515,
    0.22609290972287063,
    0.22609290972287063,
    0.7499990337293981,
    0.7499990337293981,
    0.4721688387246813,
    0.4721688387246813,
    0.31792910845030936,
    0.31792910845030936
  ],
  "update_norm_history": [
    0.048989792528393916,
    0.048989792528393916,
    0.028221134463352438,
    0.028221134463352438,
    0.026529148683337174,
    0.026529148683337174,
    0.009408734829475287,
    0.009408734829475287,
    0.008045967460218796,
    0.008045967460218796,
    0.003920083514423707,
    0.003920083514423707,
    0.0036490634471257975,
    0.0036490634471257975,
    0.0031083036473415963,
    0.0031083036473415963,
    0.0018715394184391256,
    0.0018715394184391256,
    0.0021011008138896396,
    0.0021011008138896396
  ],
  "learning_rate_history": [
    0.02,
    0.02,
    0.02,
    0.02,
    0.01,
    0.01,
    0.01,
    0.01,
    0.005,
    0.005,
    0.005,
    0.005,
    0.005,
    0.005,
    0.0025,
    0.0025,
    0.0025,
    0.0025,
    0.002,
    0.002
  ],
  "validation_reward_history": [
    1.2650000000000001,
    1.2650000000000001,
    1.245,
    1.245,
    1.25,
    1.25,
    -0.010000000000000037,
    -0.010000000000000037,
    0.5599999999999999,
    0.5599999999999999,
    1.27,
    1.27,
    1.2,
    1.2,
    0.08999999999999997,
    0.08999999999999997,
    -0.16,
    -0.16,
    0.71,
    0.71
  ],
  "validation_success_history": [
    1.0,
    1.0,
    1.0,
    1.0,
    1.0,
    1.0,
    0.0,
    0.0,
    0.5,
    0.5,
    1.0,
    1.0,
    1.0,
    1.0,
    0.0,
    0.0,
    0.0,
    0.0,
    0.5,
    0.5
  ],