{
  "seed": 7,
  "name": "tabular_reinforce",
  "episode_rewards": [
    -1.12,
    -0.07000000000000003,
    -0.27,
    0.02999999999999997,
    -0.32,
    1.27,
    -0.07000000000000003,
    -0.42000000000000004,
    -0.17000000000000004,
    -0.42000000000000004,
    -0.37000000000000005,
    1.23,
    0.12999999999999998,
    0.13,
    -0.16999999999999998,
    0.12999999999999998,
    -0.6200000000000001,
    0.02999999999999997,
    -0.07000000000000003,
    0.13
  ],
  "episode_success": [
    false,
    false,
    false,
    false,
    false,
    true,
    false,
    false,
    false,
    false,
    false,
    true,
    false,
    false,
    false,
    false,
    false,
    false,
    false,
    false
  ],
  "episode_lengths": [
    6,
    6,
    6,
    6,
    6,
    4,
    6,
    6,
    6,
    6,
    6,
    6,
    6,
    6,
    6,
    6,
    6,
    6,
    6,
    6
  ],
  "episode_runtime_sec": [
    0.001860800024587661,
    0.0017500999965704978,
    0.0018580000032670796,
    0.0017728999955579638,
    0.002174499968532473,
    0.001448199967853725,
    0.0016614000196568668,
    0.001528099994175136,
    0.0017801999929361045,
    0.001791900023818016,
    0.0016699000261723995,
    0.0014628000208176672,
    0.0019052000134252012,
    0.0019257000531069934,
    0.0016297000111080706,
    0.0017853999743238091,
    0.0018834999646060169,
    0.0017674000118859112,
    0.0017367000109516084,
    0.0018021000432781875
  ],
  "loss_history": [
    -2.113089151688152,
    0.3459491214311043,
    -0.40150941542438495,
    0.058846675561543424,
    -0.8385009673461525,
    3.001836043475333,
    -0.8283382988054463,
    -1.5117078285183128,
    -0.14514914380599192,
    -1.437206211495783,
    -0.5452735175096453,
    3.6301940244373383,
    -0.2856405364807257,
    -0.3259749651269541,
    -0.2943773683815708,
    -0.045994874081907604,
    -1.477523081543241,
    -0.10674809791448621,
    0.12655747336388776,
    -0.260847736642894
  ],
  "grad_norm_history": [
    1.9981322217381714,
    0.23530564676248383,
    0.3188881548071445,
    0.1560728235033478,
    0.43487060841779307,
    1.583538751312984,
    0.29177633092359434,
    0.8763467209679826,
    0.20823436559366426,
    0.8314928611757938,
    0.5262942068871062,
    1.5393521009366384,
    0.14328371832735937,
    0.1557478344453309,
    0.1414616846367561,
    0.1309004021390828,
    0.8964239403218891,
    0.18245217345828454,
    0.1628857045604692,
    0.1577122500531364
  ],
  "total_runtime_sec": 0.03727139998227358,
  "final_parameters": [
    [
      6.150766787412872e-05,
      0.014937276875423495
    ],
    [
      0.5287117402036355,
      -0.5869482249096102
    ],
    [
      0.38591204179578986,
      -0.4582279088041992
    ],
    [
      0.0030071801298719243,
      0.06701076227772668
    ],
    [
      -0.5199243357860321,
      0.46429026486746844
    ],
    [
      -0.3479739871017069,
      0.39031044001896986
    ],
    [
      -0.23589870176478203,
      0.19464601197926673
    ],
    [
      -0.0014625911231636746,
      0.03476515972291439
    ]
  ],
  "evaluation": {
    "avg_reward": 0.389375,
    "std_reward": 0.7166193964546314,
    "success_rate": 0.375,
    "avg_length": 5.6875
  },
  "summary_metrics": {
    "convergence_episode": null,
    "convergence_runtime_sec": 0.03519450011663139,
    "final_avg_reward": -0.13250000000000003,
    "final_success_rate": 0.0,
    "reward_auc": -0.027105263157894754,
    "success_auc": 0.10526315789473684,
    "grad_norm_final": 0.34986851709844485,
    "total_runtime_sec": 0.03727139998227358
  }
}