{
  "config_path": "config\\experiment_config.yaml",
  "dataset": {
    "source": "openml_mnist_784",
    "digits": [
      4,
      9
    ],
    "train_samples": 10336,
    "test_samples": 3446,
    "pca_components": 4
  },
  "classical": {
    "train_info": {
      "params": {
        "C": 1.0,
        "gamma": "scale",
        "kernel": "rbf"
      },
      "train_time": 2.7832698822021484
    },
    "metrics": {
      "accuracy": 0.7605919907138712,
      "precision": 0.7808471454880295,
      "recall": 0.7310344827586207,
      "f1_score": 0.755120213713268
    }
  },
  "quantum": {
    "train_subset_size": 30,
    "train_info": {
      "train_time": 4.106590270996094,
      "params": {
        "C": 1.0
      }
    },
    "metrics": {
      "accuracy": 0.6149158444573418,
      "precision": 0.6063884595569294,
      "recall": 0.6764367816091954,
      "f1_score": 0.6395001358326542
    },
    "kernel_properties": {
      "shape": [
        30,
        30
      ],
      "is_symmetric": true,
      "is_positive_semidefinite": true,
      "min_eigenvalue": -2.1345471503367197e-16,
      "max_eigenvalue": 7.087176544062359,
      "condition_number": Infinity,
      "diagonal_mean": 1.0009406141803283,
      "off_diagonal_mean": 0.20264813529465636,
      "off_diagonal_std": 0.18369919735688237,
      "kta": 0.12164890349689901
    }
  },
  "noise": null
}