Model,accuracy,precision,recall,f1_score,train_time
Classical RBF SVM,0.7605919907138712,0.7808471454880295,0.7310344827586207,0.755120213713268,2.7832698822021484
Exact QSVC,0.6149158444573418,0.6063884595569294,0.6764367816091954,0.6395001358326542,4.106590270996094
Pegasos QSVC,0.6009866511897852,0.5903018307768432,0.6856321839080459,0.6344057431534167,0.17490363121032715
