{
  "seed": 21,
  "name": "mlp_reinforce",
  "episode_rewards": [
    -0.07000000000000003,
    -0.6200000000000001,
    1.03,
    0.02999999999999997,
    0.12999999999999998,
    0.23,
    1.23,
    0.029999999999999975,
    1.3,
    -0.37000000000000005,
    0.12999999999999998,
    0.12999999999999998,
    -0.26999999999999996,
    0.02999999999999997,
    -0.26999999999999996,
    -0.07000000000000003,
    -0.6200000000000001,
    1.23,
    1.03,
    -0.5700000000000001
  ],
  "episode_success": [
    false,
    false,
    true,
    false,
    false,
    false,
    true,
    false,
    true,
    false,
    false,
    false,
    false,
    false,
    false,
    false,
    false,
    true,
    true,
    false
  ],
  "episode_lengths": [
    6,
    6,
    6,
    6,
    6,
    6,
    6,
    6,
    5,
    6,
    6,
    6,
    6,
    6,
    6,
    6,
    6,
    6,
    6,
    6
  ],
  "episode_runtime_sec": [
    0.002685000014025718,
    0.002302900014910847,
    0.0021623000502586365,
    0.004548800003249198,
    0.002142300014384091,
    0.002663400024175644,
    0.0021372000337578356,
    0.0020788999972864985,
    0.001973700011149049,
    0.002269499993417412,
    0.00238100002752617,
    0.0024230999988503754,
    0.0032395999878644943,
    0.0024582999758422375,
    0.002195300010498613,
    0.001354800013359636,
    0.0013208999880589545,
    0.0014620000147260725,
    0.001623599964659661,
    0.0015560999745503068
  ],
  "loss_history": [
    -0.37639039206126895,
    -1.8827398919774159,
    4.615837184570486,
    -0.7578689727975239,
    0.06457841391713226,
    0.043226874985660364,
    3.9767370639517097,
    -0.9145248404781727,
    3.164150260385373,
    -1.1227612267394536,
    -0.762312345140701,
    -0.821109076343383,
    -0.4603161149520554,
    -0.9467027175271758,
    -0.3855859585260823,
    0.01904217717119544,
    -3.246689680229085,
    3.4873141723434435,
    2.8164034149783475,
    -1.9469630308575894
  ],
  "grad_norm_history": [
    0.30210275437947975,
    0.7587228877776917,
    1.6315808230287674,
    0.29196579325591304,
    0.19197019632437615,
    0.28210305282463755,
    3.274571333584996,
    0.2454393357379245,
    1.6480284581125006,
    0.3838626537743961,
    0.4806332637820364,
    0.314219543055169,
    0.6618171146138133,
    0.4538614186621594,
    0.9291435107208255,
    0.07412150674101553,
    2.3216629946218323,
    2.337181339696698,
    1.9736012599963386,
    2.8274654464044975
  ],
  "total_runtime_sec": 0.04688360000727698,
  "final_parameters": [
    0.03587734080039142,
    0.15106773081434574,
    -0.17863312373111823,
    0.16866135086657522,
    -0.004731721215613757,
    -0.07999785843751533,
    -0.0802956718390362,
    -0.10828165165825909,
    -0.02236453584074508,
    0.08338841795521575,
    0.05840637316429703,
    0.06382860242561829,
    -0.1694808391769013,
    -0.15709621176914046,
    0.15538031742896521,
    0.09688853654566601,
    0.29763018332652585,
    0.329165370576787,
    -0.2892556896002049,
    0.33431702722912426,
    0.21757943678595276,
    0.22778605841426963,
    0.11597793041109383,
    -0.20947371508105897,
    0.1856079613004939,
    0.29673866954452927,
    0.12002921880878377,
    0.07947678617916085,
    -0.28176817002593113,
    0.24600919515493616,
    0.10266597855915693,
    -0.2926873302066431,
    0.02556732501402005,
    0.2517721209647336,
    -0.1105153146506857,
    0.13820734675806798,
    0.14572254416779537,
    0.08626288018203214,
    0.17429576894718105,
    -0.21086436468922634,
    0.1687244474780398,
    0.25106375732043595,
    0.15530122374369582,
    0.14602156931060561,
    -0.2567449699451233,
    0.12990983951080795,
    -0.10420033404032977,
    -0.16396858826474922,
    0.007865408332523144,
    -0.019726266289721336,
    -0.026767571670742146,
    0.13401946901039738,
    0.14237928368424077,
    -0.12156310049465249,
    0.11741144932558947,
    -0.17230696128709921,
    -0.07344792508370455,
    -0.01734455959217569,
    0.011106060267130161,
    -0.10474166760042457,
    -0.07224687794067584,
    0.007665381874343688,
    -0.06934227233827155,
    -0.06412007892602987,
    0.048716310629446175,
    -0.05962684533819075,
    0.1371001329740067,
    -0.14563205120145697,
    -0.03512025243825988,
    -0.19904022617999706,
    -0.20982284589516698,
    0.0577656096193374,
    -0.09323073657469022,
    -0.15780064725721596,
    -0.1473638065421595,
    0.09604293273150785,
    0.19500289914031801,
    -0.02542637136480166,
    -0.05454499256149893,
    0.10746304898480118,
    -0.14812091504428665,
    -0.25374517160059873,
    0.2925831145031446,
    -0.07692278772431879,
    -0.10249573322894837,
    -0.18087158470612155,
    -0.0871661854379448,
    0.2743753490083699,
    -0.11354970737573751,
    -0.19873576743488827,
    -0.3262164272649938,
    0.04854735446246629,
    0.13588436779569735,
    -0.20994359724868938,
    0.03658852308140335,
    0.20327082542230288,
    -0.16887054322063338,
    -0.05312688435550634,
    0.008629911935874436,
    0.055980599028552104,
    -0.2068612892835041,
    -0.08275947381537126,
    -0.0607418016623756,
    0.18498262689238298,
    -0.15236222298089808,
    -0.3347017184446884,
    -0.16032815137579204,
    0.08917560496091696,
    0.12091886011112861,
    0.07279340388673379,
    -0.034390058726351265,
    -0.03661343788273399,
    0.08843895901120884,
    -0.001105774546975093,
    -0.020095794460519383,
    0.0017552546089036017,
    0.12745760509101106,
    -0.09014413693567735,
    -0.10239272781381537,
    -0.006652210021038107,
    -0.006656995155514676,
    -0.08144586293391828,
    -0.08794565088883498,
    0.03776591600424441,
    0.1337835134332041,
    0.07129918729459088,
    0.06851211109663922,
    0.12457373766175497,
    -0.14344555276506915,
    -0.12155352739158377,
    -0.049594398231758645,
    -0.10559416364124437,
    -0.00021972850336449828,
    0.016522633095613366,
    -0.1202535667023511,
    -0.053687223676234824,
    -0.18547858351047525,
    -0.0736654953067607,
    0.09920943314666743,
    -0.022998152767063896,
    0.0173968025218989,
    0.03057474672680957,
    -0.06573438638714707,
    0.04333808483201009,
    0.13208880235341508,
    -0.04089475424058424,
    0.11933072445945139,
    -0.32690313278711314,
    -0.27702151124203467,
    0.11932786368154605,
    0.238439866796796,
    -0.20528789602641814,
    0.07129555340959313,
    -0.12914432204451198,
    0.33228563530189736,
    -0.27985983839971684,
    0.1677532451081188,
    -0.13937936279246438,
    -0.21380291867947337,
    0.2400796657156695,
    0.07783945046851441,
    -0.1116076913747754,
    0.158386616051338,
    -0.24018298749757755,
    0.2674959326708746,
    -0.12841974027394815,
    0.023296222581427634,
    -0.05488881780913826,
    -0.26547582246005935,
    0.2215695609776635,
    0.04525225626396921,
    -0.09519519609053582,
    0.01952910717636517,
    0.06899986089147257,
    -0.1869398074384542,
    0.33999694373008266,
    -0.02690297862629238,
    -0.1485570719710934
  ],
  "evaluation": {
    "avg_reward": 0.26,
    "std_reward": 0.5128840024800929,
    "success_rate": 0.1875,
    "avg_length": 5.75
  },
  "summary_metrics": {
    "convergence_episode": null,
    "convergence_runtime_sec": 0.04497870011255145,
    "final_avg_reward": 0.26749999999999996,
    "final_success_rate": 0.5,
    "reward_auc": 0.21,
    "success_auc": 0.2631578947368421,
    "grad_norm_final": 2.3649777601798414,
    "total_runtime_sec": 0.04688360000727698
  }
}