{
  "seed": 7,
  "name": "mlp_reinforce",
  "episode_rewards": [
    -0.4100000000000001,
    -0.010000000000000037,
    -0.8600000000000001,
    -0.4100000000000001,
    -1.1600000000000001,
    0.08999999999999997,
    -0.11000000000000004,
    -0.010000000000000037,
    -0.11000000000000004,
    -0.11000000000000004,
    -0.010000000000000037,
    -0.010000000000000037,
    0.19,
    -0.010000000000000037,
    -0.11000000000000004,
    0.09,
    1.19,
    1.26,
    1.26,
    0.19,
    1.27,
    1.27,
    1.3,
    1.09,
    0.99,
    1.3,
    1.19,
    1.27,
    1.27,
    1.27,
    1.27,
    0.19,
    1.3,
    1.27,
    1.27,
    1.27,
    1.3,
    1.27,
    1.3,
    1.3
  ],
  "episode_success": [
    false,
    false,
    false,
    false,
    false,
    false,
    false,
    false,
    false,
    false,
    false,
    false,
    false,
    false,
    false,
    false,
    true,
    true,
    true,
    false,
    true,
    true,
    true,
    true,
    true,
    true,
    true,
    true,
    true,
    true,
    true,
    false,
    true,
    true,
    true,
    true,
    true,
    true,
    true,
    true
  ],
  "episode_lengths": [
    8,
    8,
    8,
    8,
    8,
    8,
    8,
    8,
    8,
    8,
    8,
    8,
    8,
    8,
    8,
    8,
    8,
    7,
    7,
    8,
    4,
    4,
    5,
    8,
    8,
    5,
    8,
    4,
    4,
    4,
    4,
    8,
    5,
    4,
    4,
    4,
    5,
    4,
    5,
    5
  ],
  "episode_runtime_sec": [
    0.0017686999635770917,
    0.0019567999988794327,
    0.0015573999844491482,
    0.0015156000154092908,
    0.0014821999939158559,
    0.0014929999597370625,
    0.001595199981238693,
    0.0015572999836876988,
    0.00149940000846982,
    0.0014742999919690192,
    0.0017036999925039709,
    0.0015687000122852623,
    0.0014925000141374767,
    0.001506200002040714,
    0.001515100011602044,
    0.0021487000049091876,
    0.0015487000346183777,
    0.0013196999789215624,
    0.001329899998381734,
    0.0015625999658368528,
    0.000972100009676069,
    0.0008632999961264431,
    0.0010058999760076404,
    0.0014928999589756131,
    0.0014768000110052526,
    0.00106669997330755,
    0.0014795999741181731,
    0.0008294000290334225,
    0.000810900004580617,
    0.0008054000209085643,
    0.0008582000155001879,
    0.005161500012036413,
    0.0011169000063091516,
    0.0008551999926567078,
    0.0008512999629601836,
    0.0009710999438539147,
    0.001020899973809719,
    0.0008701000479049981,
    0.0010204999707639217,
    0.001437900005839765
  ],
  "loss_history": [
    0.03811787651917826,
    -0.5027426673807394,
    -3.5582286021124485,
    -0.7510162931322593,
    -4.484445081970027,
    0.32411768804938274,
    0.42045643845367997,
    -0.15342205573353201,
    -0.3817894137042071,
    -0.30977658573283606,
    -0.038567131102950784,
    -0.1251786677205996,
    0.4033755733782629,
    -0.021623568140878912,
    1.2252194619087726,
    -0.15495727319514974,
    3.1975840131369098,
    2.0048897342290846,
    1.6029363360546025,
    -0.6100306742597418,
    0.37047143388266734,
    0.212083777008512,
    0.21143890145025587,
    0.13275113793349236,
    0.1639002389891247,
    0.1031792855036842,
    2.8456563037220564,
    0.045940883857105465,
    0.045374157678143706,
    0.04244661106790108,
    0.037478563260830385,
    -1.7345669846224565,
    0.03860005439887241,
    0.018128461662025624,
    0.011364295368273158,
    0.007100613739876488,
    0.007159733237006602,
    0.0027792261593023444,
    0.003165252024103277,
    0.002078259746363458
  ],
  "grad_norm_history": [
    1.0614740985637676,
    0.2716209447417484,
    1.4919132313600156,
    0.798594075029652,
    2.857954609186407,
    0.2233736249381656,
    0.2444477921228934,
    0.13607898401993615,
    0.26439394487297363,
    0.37296537814028946,
    0.07093676239938704,
    0.12599393684339968,
    0.5718309094956888,
    0.37195103369596466,
    1.0172150151953199,
    0.22054312661021355,
    3.163482961074161,
    1.9006686978887175,
    0.8619745740392292,
    1.226509905897394,
    1.011110851864639,
    0.5383395572576025,
    0.4207008930966823,
    0.28208719247984665,
    0.5282251865005447,
    0.3850907260725169,
    4.469586212285434,
    0.22346822670288954,
    0.2316569377936747,
    0.2246213361359882,
    0.20465036116732624,
    3.022862230383832,
    0.20843123729723603,
    0.10761610419276951,
    0.06918986524210904,
    0.044183347092865706,
    0.04209428152246049,
    0.01796270487589936,
    0.019068525002595302,
    0.012662270404862664
  ],
  "total_runtime_sec": 0.05805679998593405,