{
  "seed": 7,
  "name": "tabular_reinforce",
  "episode_rewards": [
    -1.36,
    -0.36000000000000004,
    -0.010000000000000037,
    -0.8600000000000001,
    -0.5100000000000001,
    -1.36,
    -0.010000000000000037,
    -0.9100000000000001,
    1.23,
    1.09,
    -0.11000000000000004,
    1.19,
    -0.66,
    0.08999999999999997,
    1.3,
    1.13,
    1.27,
    1.19,
    -0.11000000000000004,
    -0.01000000000000003,
    1.23,
    1.16,
    1.2,
    -0.010000000000000037,
    -0.11000000000000004,
    -0.21000000000000005,
    0.08999999999999997,
    0.99,
    1.23,
    1.27,
    1.19,
    0.18999999999999997,
    1.26,
    1.27,
    1.19,
    1.3,
    1.16,
    1.19,
    1.26,
    0.69
  ],
  "episode_success": [
    false,
    false,
    false,
    false,
    false,
    false,
    false,
    false,
    true,
    true,
    false,
    true,
    false,
    false,
    true,
    true,
    true,
    true,
    false,
    false,
    true,
    true,
    true,
    false,
    false,
    false,
    false,
    true,
    true,
    true,
    true,
    false,
    true,
    true,
    true,
    true,
    true,
    true,
    true,
    true
  ],
  "episode_lengths": [
    8,
    8,
    8,
    8,
    8,
    8,
    8,
    8,
    6,
    8,
    8,
    8,
    8,
    8,
    5,
    6,
    4,
    8,
    8,
    8,
    6,
    7,
    5,
    8,
    8,
    8,
    8,
    8,
    6,
    4,
    8,
    8,
    7,
    4,
    8,
    5,
    7,
    8,
    7,
    8
  ],
  "episode_runtime_sec": [
    0.0024117999710142612,
    0.0023067000438459218,
    0.0015261999797075987,
    0.0014956000377424061,
    0.0014823999954387546,
    0.0015435999957844615,
    0.0016432999982498586,
    0.0014844000106677413,
    0.0011454999912530184,
    0.001466600049752742,
    0.0017467000288888812,
    0.0017309000249952078,
    0.0016454000142402947,
    0.0016555999754928052,
    0.0011670999811030924,
    0.002252899983432144,
    0.0012669999850913882,
    0.002133200003299862,
    0.00209199998062104,
    0.0020872000022791326,
    0.0016546000260859728,
    0.0018485999898985028,
    0.0012744999839924276,
    0.0018131000106222928,
    0.002098800032399595,
    0.0023270000237971544,
    0.0018047000048682094,
    0.0017537999665364623,
    0.00136900000507012,
    0.0009775999933481216,
    0.0020491000032052398,
    0.0017161000287160277,
    0.001484300009906292,
    0.000991599983535707,
    0.0018694999744184315,
    0.001134999969508499,
    0.0014940999681130052,
    0.0016870999825187027,
    0.0014965999871492386,
    0.0023618999985046685
  ],
  "loss_history": [
    -3.246983182914563,
    -0.8826785707322717,
    -0.34885812760649715,
    -2.967392691571087,
    -0.5703945787416109,
    -3.942490099038849,
    0.48382353972123987,
    -0.9358872889417212,
    4.523302707553585,
    5.731365873561136,
    -1.066027474395295,
    4.791749345437852,
    -3.195925209673897,
    -0.30666137987558195,
    2.9434456379013785,
    3.2520886082645513,
    1.5714807753288234,
    3.024841034606807,
    -1.6508792939184527,
    -1.794960178090819,
    2.012405484268144,
    2.794057095415764,
    1.443914755457134,
    -3.46280853532763,
    -3.223959626705293,
    -1.9860598586528349,
    -1.7209313336552285,
    3.5570264747454186,
    2.1392663475137645,
    0.6611702728348083,
    2.237209578915471,
    -2.838613340875984,
    1.434612050795541,
    0.42972769350335405,
    1.6586591239159276,
    0.46680301375171035,
    1.5090323627874165,
    1.3063001344049192,
    1.2220037530921875,
    -0.015995430620727457
  ],
  "grad_norm_history": [
    2.693103379785909,
    0.405752003528739,
    0.17457156300960786,
    1.0644418895220216,
    0.4083150685654309,
    2.2402666259397184,
    0.27354653390694095,
    1.026694147684409,
    1.9207404836435693,
    2.3690117408047757,
    0.36054008598455406,
    1.348391736825707,
    1.5416291559934838,
    0.24722737297021005,
    1.4536394765144236,
    1.2223782410116537,
    0.9085496185092684,
    1.2341807891588832,
    0.525842504598403,
    0.9747351611167375,
    0.7301382533722471,
    0.6661740436919131,
    0.4397122587837545,
    1.5179241456676924,
    0.9076447426298047,
    0.5801298044099097,
    0.6422419682212999,
    0.8660885569847149,
    0.9224822685707905,
    0.431202406623949,
    0.7193669273995191,
    1.407656558081827,
    0.4521348054309613,
    0.28546024179297097,
    0.6705750855840064,
    0.28036405729679215,
    0.4113951508441603,
    0.30664801815125575,
    0.47109365041708684,
    0.4735141743512
  ],
  "total_runtime_sec": 0.06938609998906031,
  "final_parameters": [
    [
      6.150766787412872e-05,
      0.014937276875423495
    ],
    [
      0.8832487075911031,
      -0.9414851922970777
    ],
    [
      0.7889502143788057,
      -0.8612660813872147
    ],
    [
      0.0030071801298719243,
      0.06701076227772668
    ],
    [
      -0.6809160692676259,
      0.6252819983490625
    ],
    [
      -1.1052333618126622,
      1.147569814729925
    ],
    [
      -0.6748196131435569,
      0.633566923358042
    ],
    [
      -0.0014625911231636746,
      0.03476515972291439
    ]
  ],
  "evaluation": {
    "avg_reward": 0.9340625,
    "std_reward": 0.5603199943726352,
    "success_rate": 0.78125,
    "avg_length": 6.265625
  },
  "summary_metrics": {
    "convergence_episode": 36,
    "convergence_runtime_sec": 0.06045140005880967,
    "final_avg_reward": 1.1316666666666666,
    "final_success_rate": 1.0,
    "reward_auc": 0.5152564102564103,
    "success_auc": 0.5512820512820513,
    "grad_norm_final": 0.4355983561074169,
    "total_runtime_sec": 0.06938609998906031
  }
}