{
  "seed": 7,
  "name": "mlp_reinforce",
  "episode_rewards": [
    -0.6200000000000001,
    -0.07000000000000003,
    0.12999999999999998,
    1.27,
    1.23,
    0.12999999999999998,
    1.23,
    0.12999999999999998,
    -0.6200000000000001,
    0.12999999999999998,
    -0.17000000000000004,
    0.12999999999999998,
    0.12999999999999998,
    -0.17000000000000004,
    0.12999999999999998,
    0.12999999999999998,
    1.3,
    0.12999999999999998,
    1.27,
    1.2
  ],
  "episode_success": [
    false,
    false,
    false,
    true,
    true,
    false,
    true,
    false,
    false,
    false,
    false,
    false,
    false,
    false,
    false,
    false,
    true,
    false,
    true,
    true
  ],
  "episode_lengths": [
    6,
    6,
    6,
    4,
    6,
    6,
    6,
    6,
    6,
    6,
    6,
    6,
    6,
    6,
    6,
    6,
    5,
    6,
    4,
    5
  ],
  "episode_runtime_sec": [
    0.00274389999685809,
    0.0026003000093623996,
    0.0023634000099264085,
    0.001832999987527728,
    0.002660400001332164,
    0.00228899996727705,
    0.002816899970639497,
    0.002537699998356402,
    0.002711899986024946,
    0.0029272999963723123,
    0.0020992999779991806,
    0.0027412999770604074,
    0.0026784000219777226,
    0.0023662999738007784,
    0.002734700043220073,
    0.0019728000042960048,
    0.0011517999810166657,
    0.0014414999750442803,
    0.0011342000216245651,
    0.0011883999686688185
  ],
  "loss_history": [
    -1.0186483735262744,
    -0.4362165355946735,
    0.06447835553592174,
    2.885069001276084,
    4.275923082675303,
    -0.6040445658693238,
    3.2702752609573316,
    -0.7511052996073159,
    -2.9924865561485294,
    -0.31508681706833674,
    -0.7742449535868305,
    -0.5054551286633604,
    -0.42904916998112047,
    -0.987920967378631,
    -0.12312757981306635,
    -0.1896190193417068,
    1.2175418958456525,
    -0.8573423567581049,
    0.5596221237274757,
    0.43374984975791187
  ],
  "grad_norm_history": [
    0.8761166743689247,
    0.5427782568582352,
    0.15835175073074675,
    1.1650606426574541,
    2.682831233705048,
    0.5927761655336656,
    2.312038433812004,
    0.4877117553455592,
    3.375938898689036,
    0.1946298678257303,
    0.46507076558842725,
    0.36854630465757904,
    0.40704582923976557,
    0.6419528396469188,
    0.14749913307210347,
    0.202882314027856,
    1.4249281260698594,
    0.8166282716260403,
    0.9086263380849502,
    0.7887841673808784
  ],
  "total_runtime_sec": 0.047008799971081316,
  "final_parameters": [
    0.00012301533574825743,
    0.02987455375084699,
    -0.027413785536221758,
    -0.08905918387572742,
    -0.04546707851717226,
    -0.09916465549964625,
    0.006014360259743849,
    0.13402152455545335,
    -0.04922065185513297,
    -0.062047489981994046,
    0.04898420501851983,
    0.03568870081600608,
    0.010541424899789856,
    -0.09304680447082048,
    -0.0029251822463273493,
    0.06953031944582878,
    -0.18444577281168534,
    0.1282172486558743,
    0.06460564983243268,
    -0.4288627623520563,
    -0.48313927171797255,
    0.037005257137457795,
    -0.4618114284570243,
    0.3292687648856885,
    -0.30538879311670764,
    0.29055765478245854,
    -0.4745650687985318,
    -0.3598650772441573,
    0.22071351622812252,
    -0.29407876861929716,
    0.0668333747930577,
    -0.27332761413421786,
    0.1201456201409456,
    0.07429718508618642,
    0.34786422115326976,
    -0.4408613797414785,
    -0.3452946288802453,
    0.14600524116024516,
    -0.392033101524428,
    0.32401069145393413,
    -0.27930630815554375,
    0.29105981478059423,
    -0.2333924485909101,
    -0.32749068769696815,
    0.3221698419530313,
    -0.5012150511656797,
    0.19225388114578335,
    -0.17671945012048512,
    -0.06414703941072214,
    0.20004165463424228,
    0.07622597120847119,
    -0.11992889021052233,
    0.007451622877146343,
    0.05766895836701853,
    -0.018878212535074934,
    0.0682910267195206,
    -0.006651732014941557,
    0.0667247560834328,
    0.1438522591656152,
    -0.06756622510056529,
    0.020313861038960906,
    -0.046330757653841516,
    0.012726841122583083,
    -0.118719452785014,
    0.09683315016614619,
    -0.28745692007564405,
    -0.1687627115282976,
    0.3519372077086554,
    0.11816728316248969,
    0.05736185092259879,
    0.16478089831165957,
    -0.44973287033847487,
    0.16994547215230787,
    -0.26033250230053173,
    0.3438757382334238,
    0.31962124408570164,
    -0.2620289640341235,
    0.21364169629810703,
    -0.23720259921123216,
    0.37785667860673916,
    0.10740649858711183,
    -0.1678068352748793,
    -0.19428586410524892,
    0.2872227596495666,
    0.2876869425845372,
    -0.21689307901180094,
    0.3032649297342742,
    -0.33346397492038343,
    0.42820458135186,
    -0.22232083180894546,
    0.3026186156701532,
    0.35965015508252185,
    -0.3385903568842456,
    0.4002533637856489,
    -0.3006997927592168,
    0.36086322231784446,
    -0.24892495485560234,
    -0.11122875372768061,
    -0.1958138692037752,
    -0.039114996421565205,
    0.14416443290710432,
    -0.4122375841157817,
    0.2604546943989953,
    0.08987404652842929,
    0.1658504598807572,
    -0.18194124585012994,
    0.2070862923697647,
    0.18877505720151128,
    -0.19309794795769009,
    0.12846159899442625,
    -0.1025351955946413,
    0.22607832121900606,
    -0.10336758320736888,
    -0.007918131861584184,
    0.0035286848661474136,
    -0.10544846220491105,
    0.025983910067436333,
    -0.0857956477176544,
    0.09720667079170428,
    0.01927459126050724,
    0.008930648576905028,
    -0.0591028352856274,
    -0.011860982387769404,
    -0.1997746292907055,
    -0.11314074705230587,
    0.036283979918875435,
    -0.21285670418221447,
    0.08466085214811635,
    0.07194551015915929,
    0.09726910532942956,
    -0.18868661279058668,
    0.21940877682695414,
    0.14720529394091503,
    -0.12788446506612244,
    0.14103693568131678,
    0.021244497013465195,
    -0.005876369215334444,
    -0.06890068206797281,
    0.216324115086571,
    0.021832492178501174,
    -0.13351320580640422,
    0.08685988697552062,
    -0.23400075703974588,
    0.14892832360575248,
    -0.06343113146976846,
    -0.1269486936673683,
    0.12230560029725165,
    -0.012007426246413691,
    0.1820522511411564,
    -0.08412762957694955,
    -0.4138258843420203,
    0.3117170055715055,
    -0.2733146363795113,
    0.21808744124771273,
    0.18555216430533503,
    -0.2530710198672104,
    -0.4510115283190301,
    0.23246946714332675,
    0.4305726388751494,
    -0.332290205620278,
    -0.2726622300745445,
    0.20098548456969828,
    0.3003670106669357,
    -0.3050422209594033,
    -0.39780266806491127,
    0.31374522784629344,
    -0.5307617636598304,
    0.4281524871529293,
    0.3240347911900646,
    -0.3192349986162885,
    -0.406416005084028,
    0.3766632741391607,
    0.18909017848268966,
    -0.25731023428109784,
    -0.47263370519814063,
    0.24019734995916975,
    0.055243295917154836,
    0.027599419158999924
  ],
  "evaluation": {
    "avg_reward": 0.713125,
    "std_reward": 0.587629972325272,
    "success_rate": 0.5625,
    "avg_length": 5.4375
  },
  "summary_metrics": {
    "convergence_episode": null,
    "convergence_runtime_sec": 0.044992499868385494,
    "final_avg_reward": 0.9750000000000001,
    "final_success_rate": 0.75,
    "reward_auc": 0.3542105263157894,
    "success_auc": 0.2894736842105263,
    "grad_norm_final": 0.9847417257904321,
    "total_runtime_sec": 0.047008799971081316
  }
}