{
  "seed": 7,
  "name": "tabular_reinforce",
  "episode_rewards": [
    -1.12,
    -0.07000000000000003,
    -0.27,
    0.02999999999999997,
    -0.32,
    1.27,
    -0.07000000000000003,
    1.23,
    -0.37,
    -0.42000000000000004,
    -0.17000000000000004,
    1.23,
    0.12999999999999998,
    0.23,
    0.12999999999999998,
    1.23,
    -0.6200000000000001,
    0.02999999999999997,
    -0.32,
    0.13
  ],
  "episode_success": [
    false,
    false,
    false,
    false,
    false,
    true,
    false,
    true,
    false,
    false,
    false,
    true,
    false,
    false,
    false,
    true,
    false,
    false,
    false,
    false
  ],
  "episode_lengths": [
    6,
    6,
    6,
    6,
    6,
    4,
    6,
    6,
    6,
    6,
    6,
    6,
    6,
    6,
    6,
    6,
    6,
    6,
    6,
    6
  ],
  "episode_runtime_sec": [
    0.0019911000272259116,
    0.002150600019376725,
    0.0019422000041231513,
    0.0016689000185579062,
    0.0019462999771349132,
    0.001523599959909916,
    0.001774700009264052,
    0.0015329999732784927,
    0.0017655999981798232,
    0.0019560999935492873,
    0.0018236999749206007,
    0.0013432999840006232,
    0.0016987999551929533,
    0.002444899990223348,
    0.0017731999978423119,
    0.0015387999592348933,
    0.0016961999936029315,
    0.001560300006531179,
    0.0014123999862931669,
    0.001323999953456223
  ],
  "loss_history": [
    -2.113089151688152,
    0.3459491214311043,
    -0.40150941542438495,
    0.058846675561543424,
    -0.8385009673461525,
    3.001836043475333,
    -0.8283382988054463,
    4.483178494247954,
    -0.7774869693389446,
    -1.930515430813946,
    -0.5818889040079681,
    3.28458064686208,
    -0.6495732714182949,
    -0.23440181794121714,
    0.09073275488973138,
    2.8288348602287345,
    -2.4613753956872837,
    -0.7569160132186264,
    -1.1107365912649898,
    -0.7179174444974186
  ],
  "grad_norm_history": [
    1.9981322217381714,
    0.23530564676248383,
    0.3188881548071445,
    0.1560728235033478,
    0.43487060841779307,
    1.583538751312984,
    0.29177633092359434,
    2.3472094991162074,
    0.3337131336364162,
    1.1077278314149288,
    0.30476273430549955,
    1.3741611660738253,
    0.2616623483962835,
    0.19169359590288115,
    0.08834477131187038,
    1.5571083683608258,
    1.240466103206796,
    0.36727733101164367,
    0.2697506132546715,
    0.26951250126320264
  ],
  "total_runtime_sec": 0.036886700021568686,
  "final_parameters": [
    [
      6.150766787412872e-05,
      0.014937276875423495
    ],
    [
      0.2764358135436107,
      -0.33467229824958533
    ],
    [
      0.43550954763983574,
      -0.5078254146482449
    ],
    [
      0.0030071801298719243,
      0.06701076227772668
    ],
    [
      -0.5742940024120415,
      0.5186599314934779
    ],
    [
      -0.43959989560227714,
      0.48193634851954015
    ],
    [
      -0.3580250147290092,
      0.31677232494349394
    ],
    [
      -0.0014625911231636746,
      0.03476515972291439
    ]
  ],
  "evaluation": {
    "avg_reward": 0.27999999999999997,
    "std_reward": 0.7046985170979148,
    "success_rate": 0.3125,
    "avg_length": 5.6875
  },
  "summary_metrics": {
    "convergence_episode": null,
    "convergence_runtime_sec": 0.03486769978189841,
    "final_avg_reward": -0.19500000000000003,
    "final_success_rate": 0.0,
    "reward_auc": 0.12552631578947365,
    "success_auc": 0.21052631578947367,
    "grad_norm_final": 0.5367516371840785,
    "total_runtime_sec": 0.036886700021568686
  }
}