{
  "model": "Classical RBF SVM",
  "best_params": null,
  "best_cv_score": null,
  "train_time": 2.164769172668457,
  "metrics": {
    "accuracy": 0.8627394080092862,
    "precision": 0.8411416262789445,
    "recall": 0.8977011494252873,
    "f1_score": 0.8685015290519877
  },
  "confusion_matrix": [
    [
      1411,
      295
    ],
    [
      178,
      1562
    ]
  ],
  "classification_report": "              precision    recall  f1-score   support\n\n           4       0.89      0.83      0.86      1706\n           9       0.84      0.90      0.87      1740\n\n    accuracy                           0.86      3446\n   macro avg       0.86      0.86      0.86      3446\nweighted avg       0.86      0.86      0.86      3446\n"
}