Model,accuracy,precision,recall,f1_score,train_time
Classical RBF SVM,0.8627394080092862,0.8411416262789445,0.8977011494252873,0.8685015290519877,2.164769172668457
Exact QSVC,0.681950087057458,0.6898584905660378,0.6724137931034483,0.681024447031432,6.248416900634766
Pegasos QSVC,0.6,0.5652173913043478,0.8666666666666667,0.6842105263157895,0.14838194847106934
