{
  "model": "Classical RBF SVM",
  "train_n": 20,
  "best_params": null,
  "best_cv_score": null,
  "train_time": 0.0014941692352294922,
  "metrics": {
    "accuracy": 0.7867092280905398,
    "precision": 0.7360263034288398,
    "recall": 0.9005747126436782,
    "f1_score": 0.8100284311191522
  },
  "kta": 0.2206030466674486,
  "confusion_matrix": [
    [
      1144,
      562
    ],
    [
      173,
      1567
    ]
  ],
  "classification_report": "              precision    recall  f1-score   support\n\n           4       0.87      0.67      0.76      1706\n           9       0.74      0.90      0.81      1740\n\n    accuracy                           0.79      3446\n   macro avg       0.80      0.79      0.78      3446\nweighted avg       0.80      0.79      0.78      3446\n"
}