{
  "config_path": "config\\experiment_config.yaml",
  "dataset": {
    "source": "openml_mnist_784",
    "digits": [
      4,
      9
    ],
    "train_samples_total": 10336,
    "test_samples_total": 3446,
    "train_samples_used_per_model": 20,
    "pca_components": 8,
    "reps": 2
  },
  "classical": {
    "train_info": {
      "params": {
        "C": 1.0,
        "gamma": "scale",
        "kernel": "rbf"
      },
      "train_time": 0.0014941692352294922
    },
    "metrics": {
      "accuracy": 0.7867092280905398,
      "precision": 0.7360263034288398,
      "recall": 0.9005747126436782,
      "f1_score": 0.8100284311191522
    },
    "kta": 0.2206030466674486
  },
  "quantum_exact": {
    "train_info": {
      "train_time": 7.718798398971558,
      "params": {
        "C": 1.0
      }
    },
    "metrics": {
      "accuracy": 0.6175275681950088,
      "precision": 0.6779089376053963,
      "recall": 0.46206896551724136,
      "f1_score": 0.5495557074504442
    },
    "kta": 0.22851152494133323,
    "kernel_properties": {
      "shape": [
        20,
        20
      ],
      "is_symmetric": true,
      "is_positive_semidefinite": true,
      "min_eigenvalue": 0.7524111452407176,
      "max_eigenvalue": 1.266037618037682,
      "condition_number": 1.6826407025545067,
      "diagonal_mean": 0.9999999999999997,
      "off_diagonal_mean": 0.010701069078947413,
      "off_diagonal_std": 0.020588868924239615
    }
  },
  "pegasos": {
    "train_info": {
      "train_time": 0.23221182823181152,
      "n_support_vectors": null,
      "params": {
        "lambda_param": 0.001,
        "max_iter": 1500,
        "batch_size": 32
      }
    },
    "metrics": {
      "accuracy": 0.7,
      "precision": 0.7,
      "recall": 0.7,
      "f1_score": 0.7
    },
    "kta": 0.22851152494133323,
    "prediction_distribution": {
      "4": 10,
      "9": 10
    }
  },
  "noise": null
}