{
  "seed": 7,
  "mode": "mitigated",
  "episode_rewards": [
    0.12999999999999998,
    0.13,
    1.3,
    0.12999999999999998,
    1.2,
    0.12999999999999998,
    0.12999999999999998,
    1.27,
    1.23,
    0.12999999999999998,
    1.27,
    0.12999999999999998,
    0.02999999999999997,
    1.03,
    0.13,
    -0.07000000000000003,
    0.22999999999999998,
    1.23,
    1.23,
    0.12999999999999998
  ],
  "episode_success": [
    false,
    false,
    true,
    false,
    true,
    false,
    false,
    true,
    true,
    false,
    true,
    false,
    false,
    true,
    false,
    false,
    false,
    true,
    true,
    false
  ],
  "episode_lengths": [
    6,
    6,
    5,
    6,
    5,
    6,
    6,
    4,
    6,
    6,
    4,
    6,
    6,
    6,
    6,
    6,
    6,
    6,
    6,
    6
  ],
  "episode_runtime_sec": [
    0.8291038000024855,
    1.1532219999935478,
    0.5468052999931388,
    1.0709180000121705,
    0.5289780999883078,
    0.9282147999620065,
    0.6075043000164442,
    0.801562600012403,
    0.6978467999724671,
    1.032275200006552,
    0.4320198000059463,
    0.9496032999595627,
    0.6102766999974847,
    0.9513833000091836,
    0.6070667000021785,
    1.0499060999718495,
    0.6144909000140615,
    1.002641799976118,
    0.650810899969656,
    1.104109600011725
  ],
  "parameter_history": [
    [
      0.02012300725218474,
      0.049874538856737066,
      -0.04741376394950503,
      -0.06905918973191115,
      -0.025467122950949314,
      -0.1191646476800116
    ],
    [
      0.02012300725218474,
      0.049874538856737066,
      -0.04741376394950503,
      -0.06905918973191115,
      -0.025467122950949314,
      -0.1191646476800116
    ],
    [
      0.012728889118945149,
      0.048969683828845444,
      -0.06400292174504743,
      -0.04947389615687732,
      -0.009695113986264908,
      -0.1371728503108347
    ],
    [
      0.012728889118945149,
      0.048969683828845444,
      -0.06400292174504743,
      -0.04947389615687732,
      -0.009695113986264908,
      -0.1371728503108347
    ],
    [
      0.02290158715184053,
      0.03617599259428378,
      -0.07414285353216137,
      -0.029817636438582873,
      0.007774575000222942,
      -0.15294356742484969
    ],
    [
      0.02290158715184053,
      0.03617599259428378,
      -0.07414285353216137,
      -0.029817636438582873,
      0.007774575000222942,
      -0.15294356742484969
    ],
    [
      0.029997215611739722,
      0.03244875407653297,
      -0.08128530296706851,
      -0.027913414864397457,
      0.016165169036518753,
      -0.1613051046294933
    ],
    [
      0.029997215611739722,
      0.03244875407653297,
      -0.08128530296706851,
      -0.027913414864397457,
      0.016165169036518753,
      -0.1613051046294933
    ],
    [
      0.037044266912283276,
      0.030174369859481125,
      -0.08921573958313295,
      -0.029087219936944873,
      0.023083393920726784,
      -0.1690314216814806
    ],
    [
      0.037044266912283276,
      0.030174369859481125,
      -0.08921573958313295,
      -0.029087219936944873,
      0.023083393920726784,
      -0.1690314216814806
    ],
    [
      0.040990538369840505,
      0.03050154919200644,
      -0.09348608301521844,
      -0.029527578759101065,
      0.026703935509602438,
      -0.17318423893331017
    ],
    [
      0.040990538369840505,
      0.03050154919200644,
      -0.09348608301521844,
      -0.029527578759101065,
      0.026703935509602438,
      -0.17318423893331017
    ],
    [
      0.045191161781242065,
      0.03185280226298111,
      -0.09772707435614437,
      -0.031097094011380826,
      0.028853314115627568,
      -0.17760724172417028
    ],
    [
      0.045191161781242065,
      0.03185280226298111,
      -0.09772707435614437,
      -0.031097094011380826,
      0.028853314115627568,
      -0.17760724172417028
    ],
    [
      0.046442188489419306,
      0.03265593660511114,
      -0.09906130812958837,
      -0.031118886089611105,
      0.030286499635699442,
      -0.17971386345907053
    ],
    [
      0.046442188489419306,
      0.03265593660511114,
      -0.09906130812958837,
      -0.031118886089611105,
      0.030286499635699442,
      -0.17971386345907053
    ],
    [
      0.04711224287099489,
      0.03345918651783553,
      -0.10056868898607117,
      -0.031823359433465766,
      0.030969149871857928,
      -0.1815918441912203
    ],
    [
      0.04711224287099489,
      0.03345918651783553,
      -0.10056868898607117,
      -0.031823359433465766,
      0.030969149871857928,
      -0.1815918441912203
    ],
    [
      0.0477412834850467,
      0.034108073374569114,
      -0.10181185575608326,
      -0.032460789391890225,
      0.03161219645898246,
      -0.18307212818126276
    ],
    [
      0.0477412834850467,
      0.034108073374569114,
      -0.10181185575608326,
      -0.032460789391890225,
      0.03161219645898246,
      -0.18307212818126276
    ]
  ],
  "loss_history": [
    -0.2211924436706911,
    -0.2904492105913592,
    1.2055801584541341,
    -0.6806627403705706,
    2.6631160740016755,
    -0.5070760520246451,
    -0.6257379314216582,
    0.9752508074384364,
    2.140939574967301,
    -1.0447405440417992,
    0.8287891877083815,
    -1.3991288688602428,
    -2.227684263408092,
    1.912267680501066,
    -0.9078138629912827,
    -0.9998067068677446,
    -0.5325543340574288,
    1.39053897193052,
    0.7371974640827663,
    -1.182019622451558
  ],
  "grad_norm_history": [
    0.0521447572841487,
    0.0521447572841487,
    0.12223257785311437,
    0.12223257785311437,
    0.34894505743008064,
    0.34894505743008064,
    0.24317430024594325,
    0.24317430024594325,
    0.12227411057909944,
    0.12227411057909944,
    0.3804065289694351,
    0.3804065289694351,
    0.5290014695727062,
    0.5290014695727062,
    0.2915877462434502,
    0.2915877462434502,
    0.2765124295600601,
    0.2765124295600601,
    0.14027291083721927,
    0.14027291083721927
  ],
  "applied_grad_norm_history": [
    0.0521447572841487,
    0.0521447572841487,
    0.12223257785311437,
    0.12223257785311437,
    0.34894505743008064,
    0.34894505743008064,
    0.24317430024594325,
    0.24317430024594325,
    0.12227411057909944,
    0.12227411057909944,
    0.3804065289694351,
    0.3804065289694351,
    0.5290014695727062,
    0.5290014695727062,
    0.2915877462434502,
    0.2915877462434502,
    0.2765124295600601,
    0.2765124295600601,
    0.14027291083721927,
    0.14027291083721927
  ],
  "update_norm_history": [
    0.048989752939195344,
    0.048989752939195344,
    0.03587934301447477,
    0.03587934301447477,
    0.036197439619523396,
    0.036197439619523396,
    0.016099635606109143,
    0.016099635606109143,
    0.015055271821037502,
    0.015055271821037502,
    0.008028951748294448,
    0.008028951748294448,
    0.008006453001621616,
    0.008006453001621616,
    0.0032376879284222965,
    0.0032376879284222965,
    0.0028027639947926348,
    0.0028027639947926348,
    0.002318032877531312,
    0.002318032877531312
  ],
  "learning_rate_history": [
    0.02,
    0.02,
    0.02,
    0.02,
    0.01,
    0.01,
    0.01,
    0.01,
    0.005,
    0.005,
    0.005,
    0.005,
    0.0025,
    0.0025,
    0.0025,
    0.0025,
    0.002,
    0.002,
    0.002,
    0.002
  ],
  "validation_reward_history": [
    1.25,
    1.25,
    0.615,
    0.615,
    0.7,
    0.7,
    0.715,
    0.715,
    0.6799999999999999,
    0.6799999999999999,
    0.7,
    0.7,
    0.75,
    0.75,
    0.6649999999999999,
    0.6649999999999999,
    0.6799999999999999,
    0.6799999999999999,
    0.565,
    0.565
  ],
  "validation_success_history": [
    1.0,
    1.0,
    0.5,
    0.5,
    0.5,
    0.5,
    0.5,
    0.5,
    0.5,
    0.5,
    0.5,
    0.5,
    0.5,
    0.5,
    0.5,
    0.5,
    0.5,
    0.5,
    0.5,
    0.5
  ],