{
  "seed": 21,
  "name": "mlp_reinforce",
  "episode_rewards": [
    -0.11000000000000004,
    -0.6100000000000001,
    -0.7100000000000001,
    -0.11000000000000004,
    0.08999999999999997,
    -0.4100000000000001,
    0.09,
    -0.31000000000000005,
    0.19,
    1.3,
    1.16,
    -0.010000000000000037,
    0.18999999999999997,
    1.19,
    1.3,
    1.23,
    1.27,
    1.19,
    0.19,
    1.3
  ],
  "episode_success": [
    false,
    false,
    false,
    false,
    false,
    false,
    false,
    false,
    false,
    true,
    true,
    false,
    false,
    true,
    true,
    true,
    true,
    true,
    false,
    true
  ],
  "episode_lengths": [
    8,
    8,
    8,
    8,
    8,
    8,
    8,
    8,
    8,
    5,
    7,
    8,
    8,
    8,
    5,
    6,
    4,
    8,
    8,
    5
  ],
  "episode_runtime_sec": [
    0.02746149996528402,
    0.0022551000001840293,
    0.0019654000061564147,
    0.001844500016886741,
    0.007611599983647466,
    0.0032593999640084803,
    0.0032979000243358314,
    0.003219400008674711,
    0.003602999961003661,
    0.0012863000156357884,
    0.0017250999808311462,
    0.0016943999798968434,
    0.0018669000128284097,
    0.0019178999937139452,
    0.0014530000044032931,
    0.0013701000134460628,
    0.0009124000207521021,
    0.0026656999834813178,
    0.0019449000246822834,
    0.0011107000173069537
  ],
  "loss_history": [
    -0.5504991453791831,
    -0.7517069047354848,
    -1.4019154094579096,
    -0.8442545798943074,
    0.3732533326156658,
    -0.15860199436130126,
    -0.116536486657804,
    -0.5597202972383786,
    0.29530493600787416,
    3.103981282225793,
    4.157977612947023,
    -1.1158817346017016,
    -0.3557649745053411,
    4.537372448568598,
    0.9678345392250537,
    2.1576858908125525,
    0.3772913223250965,
    3.102279804025626,
    -1.1002620730380153,
    0.32083743882068266
  ],
  "grad_norm_history": [
    0.48228238141447266,
    1.0686994631125324,
    1.5996312468766491,
    0.449138042013039,
    0.22745930539843398,
    0.5425889921450143,
    0.21199446904807828,
    0.27275001118082665,
    0.28582180377020655,
    2.592774291641142,
    1.9158312996699665,
    0.9933006962005018,
    0.27607746894121116,
    2.5155952608468466,
    1.3722263673319774,
    2.155118912009579,
    0.6019864460355394,
    1.6575640284767623,
    1.6480792294799755,
    0.7721597909390092
  ],
  "total_runtime_sec": 0.07430939999176189,
  "final_parameters": [
    0.03587734080039142,
    0.15106773081434574,
    -0.17863312373111823,
    0.16866135086657522,
    -0.004731721215613757,
    -0.07999785843751533,
    -0.0802956718390362,
    -0.10828165165825909,
    -0.02236453584074508,
    0.08338841795521575,
    0.05840637316429703,
    0.06382860242561829,
    -0.1694808391769013,
    -0.15709621176914046,
    0.15538031742896521,
    0.09688853654566601,
    0.05108652793073655,
    0.3840653579274802,
    -0.24024254249041907,
    0.3650101289969766,
    0.2807682331193725,
    0.28542597391053764,
    0.18422130447397173,
    -0.2892277277337871,
    0.22508134912927494,
    0.37361245174315966,
    0.02365622547706216,
    0.144124690541671,
    -0.3648830512555745,
    -0.02444587295744296,
    0.14977297181132335,
    -0.3526254845090058,
    -0.3998360492576693,
    0.48757473366800774,
    -0.19984272866042593,
    0.3068885201871582,
    0.5295102576105254,
    0.3001035990545202,
    0.33971509377885223,
    -0.4770640282794015,
    0.2663982718999162,
    0.5163057230869739,
    0.16151672579824372,
    0.3773538446156561,
    -0.5200059034215734,
    -0.40721661966128697,
    -0.1750044809425676,
    -0.40732352448157527,
    0.007865408332523144,
    -0.019726266289721336,
    -0.026767571670742146,
    0.13401946901039738,
    0.14237928368424077,
    -0.12156310049465249,
    0.11741144932558947,
    -0.17230696128709921,
    -0.07344792508370455,
    -0.01734455959217569,
    0.011106060267130161,
    -0.10474166760042457,
    -0.07224687794067584,
    0.007665381874343688,
    -0.06934227233827155,
    -0.06412007892602987,
    0.4425530803080357,
    -0.2934490145227225,
    0.37913562517193944,
    -0.3730002588740637,
    -0.22326349428877643,
    -0.4275028753499177,
    -0.40567681676956563,
    0.26924684684601236,
    -0.2219796432875835,
    -0.415816462469801,
    -0.3940189881049303,
    -0.09224146956106907,
    0.47246271609031565,
    0.20724892578715265,
    0.24064998245983568,
    0.3481541471423714,
    0.2682930453488104,
    -0.328911575575516,
    0.3828440951931965,
    -0.13057165333629794,
    -0.1777873431111137,
    -0.25408984943937274,
    -0.16723630718784158,
    0.35515660661577997,
    -0.11656645681704712,
    -0.2799273892262472,
    -0.42992206789749265,
    -0.16252265805658256,
    0.2184681164528429,
    0.1259011102148283,
    0.16076104785082718,
    0.2790134464164428,
    0.12955497614592523,
    -0.2791795536810255,
    0.24931964019471242,
    -0.17719385448896297,
    -0.4553155793592984,
    -0.3077579620129629,
    -0.2860271208718256,
    0.4085825181151319,
    -0.3721982919579923,
    -0.5575714983852489,
    -0.41401124047391996,
    -0.2407734397546779,
    0.34541766057604106,
    0.4420353823856644,
    0.31693388786281307,
    0.18874215611514264,
    0.08843895901120884,
    -0.001105774546975093,
    -0.020095794460519383,
    0.0017552546089036017,
    0.12745760509101106,
    -0.09014413693567735,
    -0.10239272781381537,
    -0.006652210021038107,
    -0.006656995155514676,
    -0.08144586293391828,
    -0.08794565088883498,
    0.03776591600424441,
    0.1337835134332041,
    0.07129918729459088,
    0.06851211109663922,
    0.12457373766175497,
    0.06868138931536642,
    -0.19891069068570993,
    0.17251536168059461,
    -0.12006311177162977,
    -0.10453660228906515,
    -0.03569777035581362,
    -0.09560632880049143,
    0.08140074349736877,
    -0.10697886072529295,
    -0.1515692212832845,
    -0.15843498682108212,
    -0.1737159594857479,
    0.10095228144335688,
    0.10735632491373095,
    0.2661585067458339,
    0.12370816101290097,
    -0.2265296030263669,
    0.31772365113919776,
    0.231363433449163,
    -0.43893584177682465,
    -0.32015888463372405,
    0.16246523707323537,
    0.22534733630566545,
    -0.19219536553528765,
    0.3573295571550996,
    -0.4151783257900184,
    0.3747961300390913,
    -0.3223703331369108,
    0.2660018731312604,
    -0.23762799081560587,
    -0.36163687815866496,
    0.3879136251948611,
    0.12201277200096688,
    -0.15578101290722784,
    0.4174901309988081,
    -0.49928650244504774,
    0.3334097213882022,
    -0.19433352899127565,
    0.24793320828899987,
    -0.2795258035167106,
    -0.5475713036462274,
    0.5036650421638315,
    -0.2443844371953173,
    0.19444149736875063,
    -0.1811123284832475,
    0.26964129655108526,
    -0.2575987397764853,
    0.4106558760681137,
    -0.027205704929515934,
    -0.14825434566786996
  ],
  "evaluation": {
    "avg_reward": 1.17375,
    "std_reward": 0.34534176912154724,
    "success_rate": 0.9375,
    "avg_length": 5.0625
  },
  "summary_metrics": {
    "convergence_episode": 16,
    "convergence_runtime_sec": 0.06583149993093684,
    "final_avg_reward": 0.9875,
    "final_success_rate": 0.75,
    "reward_auc": 0.4118421052631578,
    "success_auc": 0.39473684210526316,
    "grad_norm_final": 1.1699473737328216,
    "total_runtime_sec": 0.07430939999176189
  }
}