{
  "seed": 21,
  "name": "tabular_reinforce",
  "episode_rewards": [
    -0.11000000000000004,
    -0.4100000000000001,
    -0.010000000000000037,
    1.2,
    1.19,
    -0.11000000000000004,
    -0.11000000000000004,
    1.19,
    0.18999999999999997,
    -0.21000000000000002,
    -0.6100000000000001,
    -0.010000000000000037,
    0.08999999999999997,
    1.3,
    1.27,
    0.08999999999999997,
    -0.11000000000000004,
    1.26,
    0.08999999999999997,
    -0.21000000000000005
  ],
  "episode_success": [
    false,
    false,
    false,
    true,
    true,
    false,
    false,
    true,
    false,
    false,
    false,
    false,
    false,
    true,
    true,
    false,
    false,
    true,
    false,
    false
  ],
  "episode_lengths": [
    8,
    8,
    8,
    5,
    8,
    8,
    8,
    8,
    8,
    8,
    8,
    8,
    8,
    5,
    4,
    8,
    8,
    7,
    8,
    8
  ],
  "episode_runtime_sec": [
    0.0020992999779991806,
    0.0024779000086709857,
    0.0024252999573946,
    0.0016679999534972012,
    0.002226299955509603,
    0.002310299954842776,
    0.0022471999982371926,
    0.0024073999957181513,
    0.002260299981571734,
    0.002314399986062199,
    0.0020308999810367823,
    0.002062499988824129,
    0.001909299986436963,
    0.0014439999940805137,
    0.001067899982444942,
    0.0021081999875605106,
    0.0018406999879516661,
    0.0022461999906226993,
    0.002351999981328845,
    0.0020409999997355044
  ],
  "loss_history": [
    -0.9923221389146412,
    -0.6649902018163,
    0.09488295103989576,
    3.736522948306251,
    5.132023060763758,
    -2.136644821057636,
    -0.3055708113605267,
    4.624839288874142,
    -0.49292149670693186,
    -1.1662800264763151,
    -2.1586803948519084,
    -1.6228880867306272,
    -0.03636864717485723,
    2.136888026506245,
    1.5092117485279202,
    -0.8775343845256549,
    -1.2255882169394445,
    2.9287248897453293,
    -1.7960472127236258,
    -2.012914640768041
  ],
  "grad_norm_history": [
    0.3249047994446323,
    0.41149680217796064,
    0.1951695311759243,
    1.355010661646453,
    2.196385257442099,
    0.8035296565814837,
    0.2973248640258431,
    1.1192614041923241,
    0.19077306312833525,
    0.654478158092442,
    1.4391059600841558,
    0.6543343754158106,
    0.07757039998972134,
    1.1237429089620643,
    0.8871353163339442,
    0.36592757803768333,
    0.46806430252861153,
    1.0626638151633576,
    0.7508125646182807,
    0.5315889525463239
  ],
  "total_runtime_sec": 0.0433441000059247,
  "final_parameters": [
    [
      0.01793867040019571,
      0.07553386540717287
    ],
    [
      0.44111272957005043,
      -0.44609861600232203
    ],
    [
      0.6357378264307749,
      -0.6781026162573396
    ],
    [
      -0.0401478359195181,
      -0.054140825829129546
    ],
    [
      -0.4860980112545739,
      0.5166099523118092
    ],
    [
      -0.46234293795300346,
      0.523460425747961
    ],
    [
      -0.5909421641407117,
      0.4276536386676907
    ],
    [
      0.07769015871448261,
      0.048444268272833005
    ]
  ],
  "evaluation": {
    "avg_reward": 0.745,
    "std_reward": 0.5751956188984753,
    "success_rate": 0.625,
    "avg_length": 7.125
  },
  "summary_metrics": {
    "convergence_episode": null,
    "convergence_runtime_sec": 0.04153909964952618,
    "final_avg_reward": 0.25749999999999995,
    "final_success_rate": 0.25,
    "reward_auc": 0.32263157894736844,
    "success_auc": 0.3157894736842105,
    "grad_norm_final": 0.7032824087141434,
    "total_runtime_sec": 0.0433441000059247
  }
}