{
  "model": "Classical RBF SVM",
  "best_params": null,
  "best_cv_score": null,
  "train_time": 1.048846960067749,
  "metrics": {
    "accuracy": 0.9376088218224028,
    "precision": 0.936462507155123,
    "recall": 0.9402298850574713,
    "f1_score": 0.9383424146831086
  },
  "confusion_matrix": [
    [
      1595,
      111
    ],
    [
      104,
      1636
    ]
  ],
  "classification_report": "              precision    recall  f1-score   support\n\n           4       0.94      0.93      0.94      1706\n           9       0.94      0.94      0.94      1740\n\n    accuracy                           0.94      3446\n   macro avg       0.94      0.94      0.94      3446\nweighted avg       0.94      0.94      0.94      3446\n"
}