Model,accuracy,precision,recall,f1_score,train_time
Classical RBF SVM,0.9376088218224028,0.936462507155123,0.9402298850574713,0.9383424146831086,1.048846960067749
Exact QSVC,0.7481137550783518,0.7452193475815523,0.7614942528735632,0.7532689027856737,9.696341514587402
Pegasos QSVC,0.8,0.7647058823529411,0.8666666666666667,0.8125,0.15497183799743652
