{
  "seed": 7,
  "name": "mlp_reinforce",
  "episode_rewards": [
    -0.6200000000000001,
    -0.07000000000000003,
    0.12999999999999998,
    1.27,
    1.23,
    0.12999999999999998,
    1.23,
    1.27,
    -0.8200000000000001,
    -0.5700000000000001,
    1.23,
    1.03,
    0.23,
    1.27,
    1.3,
    1.3,
    1.2,
    1.27,
    1.27,
    0.22999999999999998
  ],
  "episode_success": [
    false,
    false,
    false,
    true,
    true,
    false,
    true,
    true,
    false,
    false,
    true,
    true,
    false,
    true,
    true,
    true,
    true,
    true,
    true,
    false
  ],
  "episode_lengths": [
    6,
    6,
    6,
    4,
    6,
    6,
    6,
    4,
    6,
    6,
    6,
    6,
    6,
    4,
    5,
    5,
    5,
    4,
    4,
    6
  ],
  "episode_runtime_sec": [
    0.003137799969408661,
    0.002344599983189255,
    0.002378900011535734,
    0.0017639999859966338,
    0.00286979996599257,
    0.005102399969473481,
    0.0028504999936558306,
    0.002066599961835891,
    0.0023410000139847398,
    0.0019466999801807106,
    0.002086400054395199,
    0.0013813000405207276,
    0.0017015000339597464,
    0.0014732999843545258,
    0.00162390002515167,
    0.0016775999683886766,
    0.001221399987116456,
    0.000981000019237399,
    0.0015178000321611762,
    0.00236169999698177
  ],
  "loss_history": [
    -1.0186483735262744,
    -0.4362165355946735,
    0.06447835553592174,
    2.885069001276084,
    4.275923082675303,
    -0.6040445658693238,
    3.2702752609573316,
    1.8233448536392702,
    -3.899946062743888,
    -1.4283408555476644,
    2.0582844459274847,
    2.1261764910904883,
    -0.614492426912042,
    0.5602287900018844,
    1.671049823653718,
    0.562149465524216,
    0.20464135615081416,
    0.12405616207988453,
    0.08110746213355548,
    -0.14460322851062885
  ],
  "grad_norm_history": [
    0.8761166743689247,
    0.5427782568582352,
    0.15835175073074675,
    1.1650606426574541,
    2.682831233705048,
    0.5927761655336656,
    2.312038433812004,
    1.6953214875488927,
    3.3607380580922332,
    2.4548903146089,
    1.249496367144322,
    1.349196246468425,
    0.6727584453583942,
    0.825534931012103,
    2.8210021667083676,
    0.8868983046675866,
    0.4213280118941372,
    0.25539829463627733,
    0.18132103734384922,
    0.4062656607589659
  ],
  "total_runtime_sec": 0.04518459999235347,
  "final_parameters": [
    0.00012301533574825743,
    0.02987455375084699,
    -0.027413785536221758,
    -0.08905918387572742,
    -0.04546707851717226,
    -0.09916465549964625,
    0.006014360259743849,
    0.13402152455545335,
    -0.04922065185513297,
    -0.062047489981994046,
    0.04898420501851983,
    0.03568870081600608,
    0.010541424899789856,
    -0.09304680447082048,
    -0.0029251822463273493,
    0.06953031944582878,
    -0.13715450934231813,
    0.1629698693746226,
    0.17586598525075842,
    -0.5525696337150987,
    -0.609824509628518,
    0.19129561806055473,
    -0.5920645907677285,
    0.44781194794566603,
    -0.4341329988184362,
    0.41735044192436804,
    -0.5994074300026896,
    -0.48049487941100516,
    0.3464521355480267,
    -0.4162955924493754,
    0.19191614276624866,
    -0.3978022089532243,
    0.0929615508156689,
    0.06747402605063753,
    0.3686119112356983,
    -0.38990281598987536,
    -0.29457992446640274,
    0.09718136855276867,
    -0.33877952657165966,
    0.28450205402661105,
    -0.2520713392267523,
    0.2777064979341187,
    -0.1851709914593448,
    -0.28722293561215023,
    0.27131055805886367,
    -0.454157605724919,
    0.1514162504076905,
    -0.12725797943847322,
    -0.06414703941072214,
    0.20004165463424228,
    0.07622597120847119,
    -0.11992889021052233,
    0.007451622877146343,
    0.05766895836701853,
    -0.018878212535074934,
    0.0682910267195206,
    -0.006651732014941557,
    0.0667247560834328,
    0.1438522591656152,
    -0.06756622510056529,
    0.020313861038960906,
    -0.046330757653841516,
    0.012726841122583083,
    -0.118719452785014,
    0.09442954124484502,
    -0.24020394451953506,
    -0.2045450255479185,
    0.48988147578446645,
    0.2526672337364043,
    -0.14731780312852977,
    0.3867222188749342,
    -0.5577784707884836,
    0.3482145760775454,
    -0.3725630982555904,
    0.5093853689716784,
    0.4362598146043015,
    -0.42156733442534744,
    0.3357710299393427,
    -0.4045085802018446,
    0.5329873957776771,
    0.1080398065482847,
    -0.1585505741869728,
    -0.21897372830244272,
    0.3115099988893534,
    0.3082185364787655,
    -0.24486882652845882,
    0.32260584635969697,
    -0.3596466005769465,
    0.44874036225342295,
    -0.24907842777605785,
    0.32458920202012015,
    0.38489153965928236,
    -0.36089254570279766,
    0.42454822983253676,
    -0.32558887690778104,
    0.38412068993668963,
    -0.18793928706046584,
    -0.051903379350861395,
    -0.2350013285728386,
    -0.028943796769383322,
    0.1404901617833676,
    -0.37220897367113476,
    0.2356975264777285,
    0.0690143049464175,
    0.1392528183633048,
    -0.20294210295337542,
    0.20961486208027402,
    0.20664938116984252,
    -0.19847464591110606,
    0.14130427435705306,
    -0.11358454067652855,
    0.2339126082822413,
    -0.10336758320736888,
    -0.007918131861584184,
    0.0035286848661474136,
    -0.10544846220491105,
    0.025983910067436333,
    -0.0857956477176544,
    0.09720667079170428,
    0.01927459126050724,
    0.008930648576905028,
    -0.0591028352856274,
    -0.011860982387769404,
    -0.1997746292907055,
    -0.11314074705230587,
    0.036283979918875435,
    -0.21285670418221447,
    0.08466085214811635,
    0.10132216892598231,
    0.12568301854228123,
    -0.15924748212162634,
    0.21542913503115657,
    0.11954919313476574,
    -0.14478702392721432,
    0.13891725175102992,
    0.0070818372463454776,
    -0.018323556139571446,
    -0.0660251941454526,
    0.21197461711086427,
    0.030436769416507206,
    -0.12550089590150754,
    0.084129457535684,
    -0.24309228797110446,
    0.14593028081857934,
    -0.10040874189363101,
    -0.08997108324350574,
    0.1486535294845123,
    -0.03835535543367438,
    0.22256925370519356,
    -0.12464463214098673,
    -0.5081871500952655,
    0.4060782713247509,
    -0.3544088699025166,
    0.2991816747707179,
    0.19054501678773317,
    -0.25806387234960865,
    -0.5257233002187869,
    0.30718123904308353,
    0.5161674043761556,
    -0.41788497112128425,
    -0.33876419376479117,
    0.26708744825994496,
    0.42422791127910237,
    -0.42890312157157,
    -0.48339407129580564,
    0.3993366310771878,
    -0.6242691580913666,
    0.5216598815844655,
    0.40479537284208345,
    -0.3999955802683074,
    -0.4695912392438157,
    0.4398385082989485,
    0.23910514753737927,
    -0.3073252033357875,
    -0.557463409792422,
    0.3250270545534511,
    0.03287762567025949,
    0.04996508940589527
  ],
  "evaluation": {
    "avg_reward": 1.1025,
    "std_reward": 0.4532590319011856,
    "success_rate": 0.875,
    "avg_length": 4.875
  },
  "summary_metrics": {
    "convergence_episode": 16,
    "convergence_runtime_sec": 0.03674629994202405,
    "final_avg_reward": 0.9924999999999999,
    "final_success_rate": 0.75,
    "reward_auc": 0.7213157894736841,
    "success_auc": 0.631578947368421,
    "grad_norm_final": 0.3160782511583074,
    "total_runtime_sec": 0.04518459999235347
  }
}